model_type,mesh_path,original_vertices,original_file_size,bpv,ratio_vertex,ratio_file_full,ratio_latent_only,p2s_dist,enc_time,dec_time
autoencoder,airplane/test/airplane_0627.obj,252,28667,65.01587301587301,0.4921875,4.361990261716373,13.99755859375,0.19674135825588912,0.17781402299999627,0.2670806799999923
autoencoder,airplane/test/airplane_0628.obj,248,28369,66.06451612903226,0.484375,4.348405885959534,13.85205078125,0.18419181839033066,0.11500647999999103,0.2777379300000007
autoencoder,airplane/test/airplane_0629.obj,252,28669,65.01587301587301,0.4921875,4.370274390243902,13.99853515625,0.17446842035182722,0.1119506849999965,0.2847886260000081
autoencoder,airplane/test/airplane_0630.obj,252,28691,65.01587301587301,0.4921875,4.365642118076689,14.00927734375,0.18706277455421405,0.08028760999999918,0.30831841900000256
autoencoder,airplane/test/airplane_0631.obj,252,28673,65.01587301587301,0.4921875,4.370884146341464,14.00048828125,0.19827481568944777,0.08647200200000782,0.23754062800000497
autoencoder,airplane/test/airplane_0632.obj,252,28675,65.01587301587301,0.4921875,4.363207547169812,14.00146484375,0.18323161617765332,0.07060434499999246,0.28192153400000564
autoencoder,airplane/test/airplane_0633.obj,252,28689,65.01587301587301,0.4921875,4.365337796713329,14.00830078125,0.17796040226606946,0.07059918500000606,0.2271068460000123
autoencoder,airplane/test/airplane_0634.obj,252,28637,65.01587301587301,0.4921875,4.389484978540772,13.98291015625,0.21300275096808774,0.058183286000002,0.2155154940000017
autoencoder,airplane/test/airplane_0635.obj,252,28656,65.01587301587301,0.4921875,4.360316494217894,13.9921875,0.19013642432392364,0.16932435799999723,0.4578410010000056
autoencoder,airplane/test/airplane_0636.obj,252,28682,65.01587301587301,0.4921875,4.380268784361637,14.0048828125,0.1732822177174495,0.10233344899999963,0.5614795350000037
autoencoder,airplane/test/airplane_0637.obj,252,28666,65.01587301587301,0.4921875,4.361838101034692,13.9970703125,0.17007211018947477,0.11109089600000743,0.4634189850000041
autoencoder,airplane/test/airplane_0638.obj,252,28654,65.01587301587301,0.4921875,4.3600121728545345,13.9912109375,0.21427948727529533,0.19118785800000637,0.3843742849999927
autoencoder,airplane/test/airplane_0639.obj,252,28679,65.01587301587301,0.4921875,4.387851897184823,14.00341796875,0.18550852907378892,0.1985202070000014,0.4556730970000018
autoencoder,airplane/test/airplane_0640.obj,252,28695,65.01587301587301,0.4921875,4.366250760803409,14.01123046875,0.1655715741182367,0.12245555700000921,0.3184266629999968
autoencoder,airplane/test/airplane_0641.obj,252,28686,65.01587301587301,0.4921875,4.36488131466829,14.0068359375,0.16740028990082156,0.09664253500000086,0.21911887999999635
autoencoder,airplane/test/airplane_0642.obj,252,28699,65.01587301587301,0.4921875,4.366859403530128,14.01318359375,0.20524149948328674,0.1421294789999905,0.14810402700000225
autoencoder,airplane/test/airplane_0643.obj,252,28681,65.01587301587301,0.4921875,4.3881578947368425,14.00439453125,0.15959280780914287,0.07630346700000246,0.27001317200000585
autoencoder,airplane/test/airplane_0644.obj,252,28682,65.01587301587301,0.4921875,4.3642726719415705,14.0048828125,0.15005243127930135,0.09986723500000494,0.35506187100000375
autoencoder,airplane/test/airplane_0645.obj,252,28651,65.01587301587301,0.4921875,4.359555690809495,13.98974609375,0.20405641356016177,0.10791920500000174,0.4965403460000033
autoencoder,airplane/test/airplane_0646.obj,252,28678,65.01587301587301,0.4921875,4.379657910812462,14.0029296875,0.16145499800348884,0.2412776259999987,0.38004052099999797
autoencoder,airplane/test/airplane_0647.obj,248,28403,66.06451612903226,0.484375,4.361640049140049,13.86865234375,0.20590923961982432,0.06688419399999646,0.7685160400000086
autoencoder,airplane/test/airplane_0648.obj,252,28671,65.01587301587301,0.4921875,4.362598904443092,13.99951171875,0.16539158602641196,0.11230931699999758,0.30268507400001
autoencoder,airplane/test/airplane_0649.obj,248,28414,66.06451612903226,0.484375,4.3553034947884735,13.8740234375,0.19426292226233016,0.08138449999999864,0.18202901899999802
autoencoder,airplane/test/airplane_0650.obj,252,28662,65.01587301587301,0.4921875,4.369207317073171,13.9951171875,0.1980788864538553,0.11314937900000643,0.19391156700000067
autoencoder,airplane/test/airplane_0651.obj,252,28664,65.01587301587301,0.4921875,4.369512195121951,13.99609375,0.1808386984327359,0.09317135400000609,0.1674023700000049
autoencoder,airplane/test/airplane_0652.obj,248,28418,66.06451612903226,0.484375,4.355916615573268,13.8759765625,0.17657325085046732,0.116199378999994,0.41110069399999816
autoencoder,airplane/test/airplane_0653.obj,250,28559,65.536,0.48828125,4.369492044063647,13.94482421875,0.18730168175160178,0.1963607980000006,0.29947416499999235
autoencoder,airplane/test/airplane_0654.obj,252,28645,65.01587301587301,0.4921875,4.366615853658536,13.98681640625,0.19365218263609618,0.08677276299999903,0.5928448319999973
autoencoder,airplane/test/airplane_0655.obj,248,28342,66.06451612903226,0.484375,4.34426732066217,13.8388671875,0.19753412814677995,0.1258103239999997,0.6730608169999925
autoencoder,airplane/test/airplane_0656.obj,252,28644,65.01587301587301,0.4921875,4.3584905660377355,13.986328125,0.19724898951062053,0.1654499729999941,0.43987917299999424
autoencoder,airplane/test/airplane_0657.obj,252,28604,65.01587301587301,0.4921875,4.360365853658537,13.966796875,0.19591465208535025,0.11676485499999956,0.45750886899999443
autoencoder,airplane/test/airplane_0658.obj,252,28656,65.01587301587301,0.4921875,4.368292682926829,13.9921875,0.19471973143803573,0.1919525400000026,0.259394197000006
autoencoder,airplane/test/airplane_0659.obj,252,28657,65.01587301587301,0.4921875,4.360468654899574,13.99267578125,0.16839706299123441,0.18863385800000287,0.26420543599999746
autoencoder,airplane/test/airplane_0660.obj,252,28669,65.01587301587301,0.4921875,4.370274390243902,13.99853515625,0.16721131076875673,0.08625451800000405,0.39109888000000126
autoencoder,airplane/test/airplane_0661.obj,252,28681,65.01587301587301,0.4921875,4.36412051125989,14.00439453125,0.20690584321495764,0.08463834100000156,0.35242095399999585
autoencoder,airplane/test/airplane_0662.obj,248,28368,66.06451612903226,0.484375,4.356265356265356,13.8515625,0.19275711676359833,0.19906905899999572,0.4306416929999983
autoencoder,airplane/test/airplane_0663.obj,252,28658,65.01587301587301,0.4921875,4.360620815581254,13.9931640625,0.1837730919487714,0.1558550510000032,0.3443113670000031
autoencoder,airplane/test/airplane_0664.obj,248,28390,66.06451612903226,0.484375,4.351624770079706,13.8623046875,0.1631471398996117,0.1617824159999941,0.24707887099999937
autoencoder,airplane/test/airplane_0665.obj,248,28392,66.06451612903226,0.484375,4.35995085995086,13.86328125,0.17097276508074885,0.09814938600000289,0.2828164520000058
autoencoder,airplane/test/airplane_0666.obj,252,28645,65.01587301587301,0.4921875,4.374618204031766,13.98681640625,0.21949497521301553,0.049329267000004506,0.4779686890000079
autoencoder,airplane/test/airplane_0667.obj,248,28411,66.06451612903226,0.484375,4.354843654199877,13.87255859375,0.19406524324892804,0.1777713820000031,0.6944660049999953
autoencoder,airplane/test/airplane_0668.obj,252,28683,65.01587301587301,0.4921875,4.36442483262325,14.00537109375,0.16487111077057068,0.11209431800000402,0.32672869099999957
autoencoder,airplane/test/airplane_0669.obj,248,28410,66.06451612903226,0.484375,4.362714987714988,13.8720703125,0.17683853784439052,0.11023176899999498,0.3855085779999996
autoencoder,airplane/test/airplane_0670.obj,252,28648,65.01587301587301,0.4921875,4.367073170731707,13.98828125,0.1853040715410464,0.0663278589999976,0.432689289999999
autoencoder,airplane/test/airplane_0671.obj,252,28661,65.01587301587301,0.4921875,4.361077297626293,13.99462890625,0.19470750488009098,0.05407994899999835,0.428685870999999
autoencoder,airplane/test/airplane_0672.obj,252,28661,65.01587301587301,0.4921875,4.361077297626293,13.99462890625,0.17635929279096418,0.11230291799999748,0.1743916960000007
autoencoder,airplane/test/airplane_0673.obj,252,28668,65.01587301587301,0.4921875,4.370121951219512,13.998046875,0.19375046594837508,0.04768396699999755,0.2772402460000052
autoencoder,airplane/test/airplane_0674.obj,252,28666,65.01587301587301,0.4921875,4.369817073170732,13.9970703125,0.1699972312665032,0.09088727000001029,0.3085154910000085
autoencoder,airplane/test/airplane_0675.obj,252,28649,65.01587301587301,0.4921875,4.3672256097560975,13.98876953125,0.21035105928513287,0.09962994800000047,0.240301419000005
autoencoder,airplane/test/airplane_0676.obj,252,28685,65.01587301587301,0.4921875,4.372713414634147,14.00634765625,0.16363258057417168,0.09464293599999962,0.34826653100000726
autoencoder,airplane/test/airplane_0677.obj,252,28634,65.01587301587301,0.4921875,4.3729383017715335,13.9814453125,0.17833541572205397,0.09725212600000077,0.2194344779999966
autoencoder,airplane/test/airplane_0678.obj,252,28665,65.01587301587301,0.4921875,4.361685940353013,13.99658203125,0.18329311295631492,0.2024719449999992,0.32811127699999076
autoencoder,airplane/test/airplane_0679.obj,244,28152,67.14754098360656,0.4765625,4.347127856701667,13.74609375,0.17669622188019155,0.2423833280000025,0.43536697700000104
autoencoder,airplane/test/airplane_0680.obj,252,28657,65.01587301587301,0.4921875,4.368445121951219,13.99267578125,0.1869364243565586,0.14966342099999963,0.35799139600000274
autoencoder,airplane/test/airplane_0681.obj,252,28687,65.01587301587301,0.4921875,4.3650334753499695,14.00732421875,0.1826601167880355,0.10115210099999672,0.5403659549999986
autoencoder,airplane/test/airplane_0682.obj,252,28676,65.01587301587301,0.4921875,4.371341463414634,14.001953125,0.19007202293306605,0.12317069400000946,0.38299942099999384
autoencoder,airplane/test/airplane_0683.obj,246,28226,66.60162601626017,0.48046875,4.36664603960396,13.7822265625,0.23340577436549526,0.09197603100000151,0.298586401999998
autoencoder,airplane/test/airplane_0684.obj,250,28523,65.536,0.48828125,4.3720110361741265,13.92724609375,0.20072695900895157,0.0851301290000066,0.35597615100000723
autoencoder,airplane/test/airplane_0685.obj,252,28673,65.01587301587301,0.4921875,4.378894318875993,14.00048828125,0.2026417020811792,0.16798738500000354,0.4283184519999992
autoencoder,airplane/test/airplane_0686.obj,252,28676,65.01587301587301,0.4921875,4.371341463414634,14.001953125,0.1718282049377966,0.09883962099999621,0.4704889779999917
autoencoder,airplane/test/airplane_0687.obj,252,28675,65.01587301587301,0.4921875,4.37919975565058,14.00146484375,0.18881755414379864,0.0718782750000031,0.5617454100000003
autoencoder,airplane/test/airplane_0688.obj,252,28657,65.01587301587301,0.4921875,4.368445121951219,13.99267578125,0.20022107469818834,0.17533373999999924,0.4295850669999908
autoencoder,airplane/test/airplane_0689.obj,252,28681,65.01587301587301,0.4921875,4.380116065974343,14.00439453125,0.18786058412360776,0.13916882499999872,0.5614226819999999
autoencoder,airplane/test/airplane_0690.obj,252,28666,65.01587301587301,0.4921875,4.361838101034692,13.9970703125,0.15133997195742377,0.1292596770000074,0.3062899730000055
autoencoder,airplane/test/airplane_0691.obj,252,28687,65.01587301587301,0.4921875,4.373018292682927,14.00732421875,0.18210994718472986,0.11802833500000531,0.4657159059999998
autoencoder,airplane/test/airplane_0692.obj,252,28662,65.01587301587301,0.4921875,4.369207317073171,13.9951171875,0.2070355071434411,0.10040418199999124,0.3730005039999895
autoencoder,airplane/test/airplane_0693.obj,252,28679,65.01587301587301,0.4921875,4.371798780487805,14.00341796875,0.16795912237868138,0.08465632199998652,0.3898199449999993
autoencoder,airplane/test/airplane_0694.obj,252,28644,65.01587301587301,0.4921875,4.3584905660377355,13.986328125,0.19675204163956728,0.16444924600000377,0.319193944999995
autoencoder,airplane/test/airplane_0695.obj,252,28645,65.01587301587301,0.4921875,4.358642726719416,13.98681640625,0.18558478501926357,0.14153554600000007,0.4520613119999979
autoencoder,airplane/test/airplane_0696.obj,252,28645,65.01587301587301,0.4921875,4.358642726719416,13.98681640625,0.21620877229221075,0.08449287500000935,0.5069334609999885
autoencoder,airplane/test/airplane_0697.obj,252,28657,65.01587301587301,0.4921875,4.400644963144964,13.99267578125,0.18486533824504273,0.2007207649999998,0.4057581920000075
autoencoder,airplane/test/airplane_0698.obj,252,28675,65.01587301587301,0.4921875,4.363207547169812,14.00146484375,0.20097756595749353,0.1463217599999922,0.2996892280000054
autoencoder,airplane/test/airplane_0699.obj,248,28397,66.06451612903226,0.484375,4.352697731453096,13.86572265625,0.17963344065015302,0.15376680899998973,0.6747129970000003
autoencoder,airplane/test/airplane_0700.obj,252,28681,65.01587301587301,0.4921875,4.3881578947368425,14.00439453125,0.1805938048249061,0.17165464499998961,0.3743414019999989
autoencoder,airplane/test/airplane_0701.obj,248,28411,66.06451612903226,0.484375,4.3628685503685505,13.87255859375,0.1983157529670026,0.12018673100000399,0.2576318360000016
autoencoder,airplane/test/airplane_0702.obj,252,28656,65.01587301587301,0.4921875,4.376298106291998,13.9921875,0.19930914308815376,0.08997964499999966,0.17762140199999976
autoencoder,airplane/test/airplane_0703.obj,248,28402,66.06451612903226,0.484375,4.353464132434089,13.8681640625,0.19172886998010857,0.1009461950000059,0.283360947999995
autoencoder,airplane/test/airplane_0704.obj,252,28666,65.01587301587301,0.4921875,4.377825290164936,13.9970703125,0.20255092946663789,0.07678771099999437,0.23354873999998915
autoencoder,airplane/test/airplane_0705.obj,252,28647,65.01587301587301,0.4921875,4.374923640806353,13.98779296875,0.20883498035812875,0.09130376200000967,0.47474440700000287
autoencoder,airplane/test/airplane_0706.obj,252,28658,65.01587301587301,0.4921875,4.360620815581254,13.9931640625,0.203676481565309,0.05182228000001032,0.3543474540000062
autoencoder,airplane/test/airplane_0707.obj,252,28631,65.01587301587301,0.4921875,4.356512477175897,13.97998046875,0.2183749042911953,0.09087157500000842,0.2425395650000013
autoencoder,airplane/test/airplane_0708.obj,252,28674,65.01587301587301,0.4921875,4.363055386488131,14.0009765625,0.1741134604987479,0.04800851500000647,0.3395784639999988
autoencoder,airplane/test/airplane_0709.obj,248,28408,66.06451612903226,0.484375,4.370461538461538,13.87109375,0.1781110528751086,0.08385241999999948,0.5186906329999914
autoencoder,airplane/test/airplane_0710.obj,252,28675,65.01587301587301,0.4921875,4.363207547169812,14.00146484375,0.1827243110600244,0.0628128880000105,0.363636335999999
autoencoder,airplane/test/airplane_0711.obj,248,28414,66.06451612903226,0.484375,4.371384615384615,13.8740234375,0.17457852764536191,0.17396064199999728,0.5281504490000088
autoencoder,airplane/test/airplane_0712.obj,248,28408,66.06451612903226,0.484375,4.354383813611282,13.87109375,0.18568263660888495,0.08990694799999233,0.22895247699999288
autoencoder,airplane/test/airplane_0713.obj,252,28664,65.01587301587301,0.4921875,4.377519853390348,13.99609375,0.1972963393337822,0.10806221599999333,0.5763372750000002
autoencoder,airplane/test/airplane_0714.obj,252,28655,65.01587301587301,0.4921875,4.360164333536214,13.99169921875,0.19435363785381884,0.09761927800001047,0.4781625279999986
autoencoder,airplane/test/airplane_0715.obj,248,28427,66.06451612903226,0.484375,4.365325552825553,13.88037109375,0.16663015689856758,0.17478613699999812,0.337243732999994
autoencoder,airplane/test/airplane_0716.obj,252,28664,65.01587301587301,0.4921875,4.3615337796713325,13.99609375,0.1833564259742118,0.254565903999989,0.40064387099999976
autoencoder,airplane/test/airplane_0717.obj,252,28666,65.01587301587301,0.4921875,4.377825290164936,13.9970703125,0.2115995571761695,0.054815163000000666,0.26460651400000756
autoencoder,airplane/test/airplane_0718.obj,252,28664,65.01587301587301,0.4921875,4.369512195121951,13.99609375,0.18475130364856485,0.09599321000000316,0.15982236699998964
autoencoder,airplane/test/airplane_0719.obj,248,28387,66.06451612903226,0.484375,4.367230769230769,13.86083984375,0.18297320172350634,0.10102900900000122,0.41726514399999814
autoencoder,airplane/test/airplane_0720.obj,252,28658,65.01587301587301,0.4921875,4.360620815581254,13.9931640625,0.16867519468264003,0.19005392200000415,0.3600679449999973
autoencoder,airplane/test/airplane_0721.obj,252,28658,65.01587301587301,0.4921875,4.376603543066585,13.9931640625,0.18146933732367032,0.07642517399999349,0.26187139600000364
autoencoder,airplane/test/airplane_0722.obj,250,28496,65.536,0.48828125,4.367872470876763,13.9140625,0.19952247230230336,0.09235810900000274,0.21560971499999937
autoencoder,airplane/test/airplane_0723.obj,252,28653,65.01587301587301,0.4921875,4.367835365853659,13.99072265625,0.18044819194420073,0.07146978699999806,0.3000009220000095
autoencoder,airplane/test/airplane_0724.obj,252,28679,65.01587301587301,0.4921875,4.379810629199755,14.00341796875,0.17816060096526617,0.07878869099999974,0.2365280010000106
autoencoder,airplane/test/airplane_0725.obj,252,28648,65.01587301587301,0.4921875,4.367073170731707,13.98828125,0.1973851152775698,0.05762383999999088,0.183923956000001
autoencoder,airplane/test/airplane_0726.obj,252,28620,65.01587301587301,0.4921875,4.362804878048781,13.974609375,0.19320057089793924,0.08708065700000134,0.2867028739999995
autoencoder,bathtub/test/bathtub_0107.obj,252,28622,65.01587301587301,0.4921875,4.355143031040779,13.9755859375,0.14590390635059075,0.04873170199999777,0.19211504700000148
autoencoder,bathtub/test/bathtub_0108.obj,252,28640,65.01587301587301,0.4921875,4.373854612095296,13.984375,0.1474715625937564,0.17512601199999267,0.43127412900000195
autoencoder,bathtub/test/bathtub_0109.obj,252,28659,65.01587301587301,0.4921875,4.3607729762629335,13.99365234375,0.1513440353596961,0.13453987900000186,0.29303977300000383
autoencoder,bathtub/test/bathtub_0110.obj,252,28595,65.01587301587301,0.4921875,4.351034692635423,13.96240234375,0.15572672254132933,0.1429591989999892,0.23913995600000248
autoencoder,bathtub/test/bathtub_0111.obj,252,28628,65.01587301587301,0.4921875,4.364024390243903,13.978515625,0.18797352656208688,0.05477339399999437,0.39096802999999625
autoencoder,bathtub/test/bathtub_0112.obj,252,28645,65.01587301587301,0.4921875,4.374618204031766,13.98681640625,0.13133813635396413,0.2686380370000023,0.389501941000006
autoencoder,bathtub/test/bathtub_0113.obj,252,28696,65.01587301587301,0.4921875,4.382406841783751,14.01171875,0.1256721356605372,0.19970944499999632,0.44209566300000347
autoencoder,bathtub/test/bathtub_0114.obj,238,27785,68.84033613445378,0.46484375,4.346839799749687,13.56689453125,0.13007084947202216,0.18638398399998835,0.32633429599999886
autoencoder,bathtub/test/bathtub_0115.obj,252,28621,65.01587301587301,0.4921875,4.354990870359099,13.97509765625,0.14263110724347397,0.09721802400000001,0.26658806800000434
autoencoder,bathtub/test/bathtub_0116.obj,252,28673,65.01587301587301,0.4921875,4.362903225806452,14.00048828125,0.13362770157882314,0.07639120400000365,0.16747965399999032
autoencoder,bathtub/test/bathtub_0117.obj,252,28642,65.01587301587301,0.4921875,4.366158536585366,13.9853515625,0.1874438257292571,0.07277514300000121,0.31359121299999515
autoencoder,bathtub/test/bathtub_0118.obj,252,28701,65.01587301587301,0.4921875,4.367163724893487,14.01416015625,0.11799930081019999,0.08098307999999577,0.41497328399999844
autoencoder,bathtub/test/bathtub_0119.obj,252,28649,65.01587301587301,0.4921875,4.3592513694461354,13.98876953125,0.17084387029887535,0.1909368240000049,0.4446786070000144
autoencoder,bathtub/test/bathtub_0120.obj,250,28475,65.536,0.48828125,4.348656078191814,13.90380859375,0.13992639412658678,0.17658941799999184,0.26808591200000365
autoencoder,bathtub/test/bathtub_0121.obj,252,28683,65.01587301587301,0.4921875,4.3724085365853655,14.00537109375,0.14892986511467504,0.047229592999997294,0.22520373000000404
autoencoder,bathtub/test/bathtub_0122.obj,252,28680,65.01587301587301,0.4921875,4.363968350578211,14.00390625,0.1445210891109467,0.10802262199999291,0.20195095500000093
autoencoder,bathtub/test/bathtub_0123.obj,252,28557,65.01587301587301,0.4921875,4.353201219512195,13.94384765625,0.15347063671636202,0.07414717399998949,0.2251598999999942
autoencoder,bathtub/test/bathtub_0124.obj,252,28727,65.01587301587301,0.4921875,4.395195838433293,14.02685546875,0.11577470587677549,0.0669058529999802,0.3607549149999727
autoencoder,bathtub/test/bathtub_0125.obj,252,28669,65.01587301587301,0.4921875,4.378283445326818,13.99853515625,0.14824122097528933,0.1883648949999781,0.38535672399999044
autoencoder,bathtub/test/bathtub_0126.obj,252,28697,65.01587301587301,0.4921875,4.37454268292683,14.01220703125,0.15856380368157366,0.16202561500000456,0.4838153890000001
autoencoder,bathtub/test/bathtub_0127.obj,252,28602,65.01587301587301,0.4921875,4.352099817407182,13.9658203125,0.18697632071170703,0.1588833889999819,0.32343557100000453
autoencoder,bathtub/test/bathtub_0128.obj,252,28660,65.01587301587301,0.4921875,4.360925136944614,13.994140625,0.1278625350099845,0.09807681799998136,0.27891209099999514
autoencoder,bathtub/test/bathtub_0129.obj,252,28638,65.01587301587301,0.4921875,4.357577601947657,13.9833984375,0.12995693071916586,0.1493537540000034,0.20716162099998314
autoencoder,bathtub/test/bathtub_0130.obj,252,28668,65.01587301587301,0.4921875,4.362142422398052,13.998046875,0.16690561258746067,0.07517166400000974,0.24076121900000658
autoencoder,bathtub/test/bathtub_0131.obj,250,28500,65.536,0.48828125,4.35247403787416,13.916015625,0.14021517474508033,0.06482601500002261,0.15905573800000639
autoencoder,bathtub/test/bathtub_0132.obj,252,28611,65.01587301587301,0.4921875,4.361432926829268,13.97021484375,0.1466903658123866,0.06011514000002194,0.1954858049999757
autoencoder,bathtub/test/bathtub_0133.obj,252,28604,65.01587301587301,0.4921875,4.352404138770542,13.966796875,0.15390549538522577,0.2757628120000106,0.5795024829999988
autoencoder,bathtub/test/bathtub_0134.obj,252,28631,65.01587301587301,0.4921875,4.364481707317073,13.97998046875,0.17022598020730847,0.10677399299999024,0.3135721209999929
autoencoder,bathtub/test/bathtub_0135.obj,252,28702,65.01587301587301,0.4921875,4.37530487804878,14.0146484375,0.13115686616558525,0.087011111999999,0.34884168799999316
autoencoder,bathtub/test/bathtub_0136.obj,252,28675,65.01587301587301,0.4921875,4.363207547169812,14.00146484375,0.118569537715734,0.144820124000006,0.36549027699999215
autoencoder,bathtub/test/bathtub_0137.obj,252,28621,65.01587301587301,0.4921875,4.354990870359099,13.97509765625,0.1075501356923568,0.17705999100002145,0.5615777939999873
autoencoder,bathtub/test/bathtub_0138.obj,252,28688,65.01587301587301,0.4921875,4.365185636031649,14.0078125,0.14940306736552417,0.10760923600000183,0.2928700109999909
autoencoder,bathtub/test/bathtub_0139.obj,252,28734,65.01587301587301,0.4921875,4.372185027388923,14.0302734375,0.12437389440354758,0.08050649800000542,0.26371254400001476
autoencoder,bathtub/test/bathtub_0140.obj,252,28624,65.01587301587301,0.4921875,4.355447352404139,13.9765625,0.150418335009386,0.07480852300000151,0.42149846600000274
autoencoder,bathtub/test/bathtub_0141.obj,232,27414,70.62068965517241,0.453125,4.3294377763739735,13.3857421875,0.13748674756847587,0.11292058199998678,0.34767373500000076
autoencoder,bathtub/test/bathtub_0142.obj,252,28628,65.01587301587301,0.4921875,4.356055995130858,13.978515625,0.1520855550505238,0.1424171560000218,0.4682669710000198
autoencoder,bathtub/test/bathtub_0143.obj,252,28637,65.01587301587301,0.4921875,4.3653963414634145,13.98291015625,0.15032160457019733,0.2069105230000048,0.5073371390000148
autoencoder,bathtub/test/bathtub_0144.obj,252,28646,65.01587301587301,0.4921875,4.366768292682927,13.9873046875,0.14916886103879612,0.09880005099998357,0.30330273699999566
autoencoder,bathtub/test/bathtub_0145.obj,252,28639,65.01587301587301,0.4921875,4.365701219512195,13.98388671875,0.18390777545134573,0.07235825300000442,0.4971934809999823
autoencoder,bathtub/test/bathtub_0146.obj,238,27757,68.84033613445378,0.46484375,4.334322298563398,13.55322265625,0.15183223053418543,0.09104354300001205,0.4871830189999855
autoencoder,bathtub/test/bathtub_0147.obj,252,28653,65.01587301587301,0.4921875,4.383873929008568,13.99072265625,0.1420779123538527,0.08331321000000003,0.43900891699999534
autoencoder,bathtub/test/bathtub_0148.obj,252,28638,65.01587301587301,0.4921875,4.357577601947657,13.9833984375,0.17953336980740997,0.11891311600001586,0.5372712330000127
autoencoder,bathtub/test/bathtub_0149.obj,252,28666,65.01587301587301,0.4921875,4.361838101034692,13.9970703125,0.17405797106834342,0.20975445299998796,0.7876279619999877
autoencoder,bathtub/test/bathtub_0150.obj,252,28636,65.01587301587301,0.4921875,4.357273280584297,13.982421875,0.16348970400346496,0.133182464999976,0.30874149999999645
autoencoder,bathtub/test/bathtub_0151.obj,252,28636,65.01587301587301,0.4921875,4.357273280584297,13.982421875,0.12383441360308757,0.08810594499999524,0.2871689950000018
autoencoder,bathtub/test/bathtub_0152.obj,252,28676,65.01587301587301,0.4921875,4.363359707851491,14.001953125,0.1532678721909977,0.06584339899998781,0.3662488170000131
autoencoder,bathtub/test/bathtub_0153.obj,250,28489,65.536,0.48828125,4.350794135613928,13.91064453125,0.13835986196385514,0.34508211799999344,0.46423650799999905
autoencoder,bathtub/test/bathtub_0154.obj,252,28676,65.01587301587301,0.4921875,4.39546290619252,14.001953125,0.1264743761626897,0.12205180399999449,0.26905778299999383
autoencoder,bathtub/test/bathtub_0155.obj,252,28636,65.01587301587301,0.4921875,4.357273280584297,13.982421875,0.15312046718407413,0.07791960000000131,0.23669222699999182
autoencoder,bathtub/test/bathtub_0156.obj,252,28700,65.01587301587301,0.4921875,4.375,14.013671875,0.15127125941046035,0.2474776279999844,0.37916430600000695
autoencoder,bed/test/bed_0516.obj,250,28560,65.536,0.48828125,4.36163714111179,13.9453125,0.11209950787345756,0.22574837599998432,0.2744428720000087
autoencoder,bed/test/bed_0517.obj,248,28419,66.06451612903226,0.484375,4.3721538461538465,13.87646484375,0.1258015587697112,0.10290143599999624,0.28051643199998466
autoencoder,bed/test/bed_0518.obj,252,28584,65.01587301587301,0.4921875,4.349360925136945,13.95703125,0.1470247411240887,0.22729837200000702,0.35971460899997965
autoencoder,bed/test/bed_0519.obj,252,28738,65.01587301587301,0.4921875,4.380792682926829,14.0322265625,0.10740409130685064,0.14396537300001455,0.3921459670000047
autoencoder,bed/test/bed_0520.obj,252,28721,65.01587301587301,0.4921875,4.394277845777234,14.02392578125,0.14426673222061562,0.10068185099999027,0.19218376099999546
autoencoder,bed/test/bed_0521.obj,250,28570,65.536,0.48828125,4.371175030599755,13.9501953125,0.14360811256196387,0.0563451860000157,0.38227620300000353
autoencoder,bed/test/bed_0522.obj,252,28729,65.01587301587301,0.4921875,4.387446548564447,14.02783203125,0.0973803684636397,0.2259933100000069,0.3999346859999946
autoencoder,bed/test/bed_0523.obj,252,28632,65.01587301587301,0.4921875,4.3726328649969455,13.98046875,0.13899960868699945,0.21467259799999283,0.5121342170000105
autoencoder,bed/test/bed_0524.obj,250,28478,65.536,0.48828125,4.349114233353696,13.9052734375,0.13932090816352377,0.18453887399999758,0.3816386899999884
autoencoder,bed/test/bed_0525.obj,252,28750,65.01587301587301,0.4921875,4.3746195982958005,14.0380859375,0.14081047370847494,0.21352410199997962,0.24961633899999924
autoencoder,bed/test/bed_0526.obj,252,28729,65.01587301587301,0.4921875,4.3794207317073175,14.02783203125,0.14769264134985552,0.1891499529999976,0.556732482000001
autoencoder,bed/test/bed_0527.obj,252,28718,65.01587301587301,0.4921875,4.393818849449205,14.0224609375,0.13725002203298087,0.0933595500000024,0.30502048299999274
autoencoder,bed/test/bed_0528.obj,252,28809,65.01587301587301,0.4921875,4.407741738066095,14.06689453125,0.12862090527564005,0.1426676890000067,0.26759065800001736
autoencoder,bed/test/bed_0529.obj,252,28700,65.01587301587301,0.4921875,4.383017715332926,14.013671875,0.08618627751913399,0.11745542099998829,0.2976827230000083
autoencoder,bed/test/bed_0530.obj,252,28705,65.01587301587301,0.4921875,4.367772367620207,14.01611328125,0.1217180273757284,0.21993096299999593,0.39913642400000526
autoencoder,bed/test/bed_0531.obj,252,28693,65.01587301587301,0.4921875,4.381948686621869,14.01025390625,0.11278792058514454,0.14476027600002794,0.386576625999993
autoencoder,bed/test/bed_0532.obj,252,28726,65.01587301587301,0.4921875,4.370967741935484,14.0263671875,0.12761603023735582,0.18886214599999107,0.4308688990000178
autoencoder,bed/test/bed_0533.obj,252,28657,65.01587301587301,0.4921875,4.376450824679291,13.99267578125,0.12497637563228656,0.1265536599999848,0.5041958360000081
autoencoder,bed/test/bed_0534.obj,222,26624,73.8018018018018,0.43359375,4.285898261429491,13.0,0.12036505769173675,0.1120836069999882,0.25184438099998374
autoencoder,bed/test/bed_0535.obj,248,28386,66.06451612903226,0.484375,4.351011649294911,13.8603515625,0.17527496633760387,0.19392859100000237,0.3202665639999793
autoencoder,bed/test/bed_0536.obj,252,28696,65.01587301587301,0.4921875,4.374390243902439,14.01171875,0.18044861424663144,0.13633582599999272,0.24527406100000348
autoencoder,bed/test/bed_0537.obj,244,28127,67.14754098360656,0.4765625,4.375700062227754,13.73388671875,0.15666204059100253,0.1295075660000009,0.4097307449999903
autoencoder,bed/test/bed_0538.obj,252,28716,65.01587301587301,0.4921875,4.3774390243902435,14.021484375,0.10174569884969087,0.11721312000000239,0.2455236979999995
autoencoder,bed/test/bed_0539.obj,250,28526,65.536,0.48828125,4.3564447159438,13.9287109375,0.10694992565690084,0.047027478999979166,0.26563246800000684
autoencoder,bed/test/bed_0540.obj,252,28728,65.01587301587301,0.4921875,4.371272063298844,14.02734375,0.14325616780762343,0.08042844099998092,0.3214273849999927
autoencoder,bed/test/bed_0541.obj,252,28736,65.01587301587301,0.4921875,4.388515577275504,14.03125,0.1408033465683419,0.074780469999979,0.33656444999999735
autoencoder,bed/test/bed_0542.obj,250,28555,65.536,0.48828125,4.360873549175321,13.94287109375,0.1176431858069783,0.2382613030000016,0.389669060999978
autoencoder,bed/test/bed_0543.obj,244,28188,67.14754098360656,0.4765625,4.352686843730698,13.763671875,0.10582958476495676,0.09261576700001228,0.3491333720000114
autoencoder,bed/test/bed_0544.obj,234,27549,70.01709401709402,0.45703125,4.342528373266078,13.45166015625,0.1585902997345605,0.3743806100000029,0.3963537790000089
autoencoder,bed/test/bed_0545.obj,252,28752,65.01587301587301,0.4921875,4.382926829268293,14.0390625,0.09721899916349491,0.16216582600000606,0.3559153669999944
autoencoder,bed/test/bed_0546.obj,250,28571,65.536,0.48828125,4.363317043372022,13.95068359375,0.1049121981769913,0.09036430099999393,0.2883994679999944
autoencoder,bed/test/bed_0547.obj,252,28706,65.01587301587301,0.4921875,4.391982864137087,14.0166015625,0.165986643396728,0.13710324999999557,0.33652501000000257
autoencoder,bed/test/bed_0548.obj,252,28698,65.01587301587301,0.4921875,4.390758873929008,14.0126953125,0.12243815555437054,0.11201629100000332,0.43142179200000896
autoencoder,bed/test/bed_0549.obj,252,28684,65.01587301587301,0.4921875,4.36457699330493,14.005859375,0.1073263244943403,0.14710968099998922,0.32433853899999576
autoencoder,bed/test/bed_0550.obj,246,28259,66.60162601626017,0.48046875,4.347538461538462,13.79833984375,0.15248272676322308,0.1745380330000046,0.5713085210000202
autoencoder,bed/test/bed_0551.obj,246,28326,66.60162601626017,0.48046875,4.357846153846154,13.8310546875,0.18143058586237298,0.24660453299998153,0.3855245150000144
autoencoder,bed/test/bed_0552.obj,252,28760,65.01587301587301,0.4921875,4.392180818570556,14.04296875,0.09585741893999931,0.10739408100002379,0.4925321529999849
autoencoder,bed/test/bed_0553.obj,248,28432,66.06451612903226,0.484375,4.358062538320049,13.8828125,0.13934231734735164,0.17030503699999144,0.43923259300001405
autoencoder,bed/test/bed_0554.obj,252,28724,65.01587301587301,0.4921875,4.386682956627978,14.025390625,0.12835382505117804,0.1031152079999913,0.41018373899999006
autoencoder,bed/test/bed_0555.obj,252,28719,65.01587301587301,0.4921875,4.393971848225214,14.02294921875,0.12058701767105817,0.1200097029999938,0.3562848480000014
autoencoder,bed/test/bed_0556.obj,252,28731,65.01587301587301,0.4921875,4.379725609756098,14.02880859375,0.13778790646709765,0.0822674759999984,0.2756070429999795
autoencoder,bed/test/bed_0557.obj,252,28726,65.01587301587301,0.4921875,4.378963414634146,14.0263671875,0.12981331455714548,0.15880081200000973,0.43451568200001134
autoencoder,bed/test/bed_0558.obj,252,28607,65.01587301587301,0.4921875,4.360823170731707,13.96826171875,0.20002638501365877,0.16330233799999405,0.39264949100001445
autoencoder,bed/test/bed_0559.obj,252,28732,65.01587301587301,0.4921875,4.371880706025563,14.029296875,0.11057612602148378,0.10523903899999709,0.35932092100000546
autoencoder,bed/test/bed_0560.obj,240,27914,68.26666666666667,0.46875,4.342563783447417,13.6298828125,0.1281632246615304,0.14849567400000296,0.398700937000001
autoencoder,bed/test/bed_0561.obj,250,28531,65.536,0.48828125,4.357208307880269,13.93115234375,0.16931073841694327,0.12901135300000988,0.41886744600000725
autoencoder,bed/test/bed_0562.obj,252,28678,65.01587301587301,0.4921875,4.363664029214851,14.0029296875,0.13863868718895778,0.18224293099999045,0.381545922000015
autoencoder,bed/test/bed_0563.obj,252,28688,65.01587301587301,0.4921875,4.3811850946854,14.0078125,0.17822770108827196,0.05189061200002243,0.2164849600000025
autoencoder,bed/test/bed_0564.obj,252,28732,65.01587301587301,0.4921875,4.387904703726329,14.029296875,0.13699047084002086,0.07489536200000657,0.3323143930000185
autoencoder,bed/test/bed_0565.obj,252,28700,65.01587301587301,0.4921875,4.391064871481028,14.013671875,0.12171764685925335,0.20550786199999038,0.4899726259999966
autoencoder,bed/test/bed_0566.obj,252,28620,65.01587301587301,0.4921875,4.37080024434942,13.974609375,0.14970719797498908,0.13921118800001864,0.3442117869999777
autoencoder,bed/test/bed_0567.obj,230,27154,71.23478260869565,0.44921875,4.3046924540266325,13.2587890625,0.1555465639481689,0.1405231889999925,0.3929798020000135
autoencoder,bed/test/bed_0568.obj,252,28708,65.01587301587301,0.4921875,4.376219512195122,14.017578125,0.1429677132444609,0.11508314599998926,0.40221606299999735
autoencoder,bed/test/bed_0569.obj,252,28600,65.01587301587301,0.4921875,4.351795496043822,13.96484375,0.13157778978553625,0.08786619399998585,0.36326529800001595
autoencoder,bed/test/bed_0570.obj,238,27759,68.84033613445378,0.46484375,4.3346346033728915,13.55419921875,0.13935596662315175,0.08421631500002036,0.5066077270000164
autoencoder,bed/test/bed_0571.obj,252,28636,65.01587301587301,0.4921875,4.357273280584297,13.982421875,0.11876257006490988,0.12524122800002147,0.2512188080000044
autoencoder,bed/test/bed_0572.obj,252,28704,65.01587301587301,0.4921875,4.375609756097561,14.015625,0.12384330497633847,0.11911142300002098,0.4171037240000146
autoencoder,bed/test/bed_0573.obj,252,28720,65.01587301587301,0.4921875,4.386072083078803,14.0234375,0.10352162666361792,0.15582502800000952,0.5648547719999897
autoencoder,bed/test/bed_0574.obj,252,28749,65.01587301587301,0.4921875,4.390500916310324,14.03759765625,0.13678104567164445,0.1848815419999994,0.2879291220000084
autoencoder,bed/test/bed_0575.obj,252,28739,65.01587301587301,0.4921875,4.372945830797322,14.03271484375,0.13026793090065603,0.14828526300001954,0.24845556300002158
autoencoder,bed/test/bed_0576.obj,252,28681,65.01587301587301,0.4921875,4.36412051125989,14.00439453125,0.10688650517043777,0.0941075559999831,0.33746547999999166
autoencoder,bed/test/bed_0577.obj,252,28692,65.01587301587301,0.4921875,4.373780487804878,14.009765625,0.12911186603135832,0.16414198600000418,0.3649902020000013
autoencoder,bed/test/bed_0578.obj,252,28735,65.01587301587301,0.4921875,4.380335365853658,14.03076171875,0.11797367658792657,0.2359103629999879,0.45302868699999976
autoencoder,bed/test/bed_0579.obj,252,28704,65.01587301587301,0.4921875,4.375609756097561,14.015625,0.1369492509431163,0.15257295500001078,0.3474999919999959
autoencoder,bed/test/bed_0580.obj,252,28647,65.01587301587301,0.4921875,4.366920731707317,13.98779296875,0.13860275706292496,0.12158610699998462,0.2977649609999844
autoencoder,bed/test/bed_0581.obj,252,28673,65.01587301587301,0.4921875,4.386933904528764,14.00048828125,0.20808518329878886,0.18165505899997925,0.43056062799999495
autoencoder,bed/test/bed_0582.obj,252,28678,65.01587301587301,0.4921875,4.3876988984088126,14.0029296875,0.13460373901814837,0.08519923299999732,0.4130137429999934
autoencoder,bed/test/bed_0583.obj,252,28627,65.01587301587301,0.4921875,4.3638719512195125,13.97802734375,0.13617031651706804,0.24423343099999784,0.5150364710000019
autoencoder,bed/test/bed_0584.obj,252,28679,65.01587301587301,0.4921875,4.379810629199755,14.00341796875,0.11715707996299507,0.10968476900001178,0.24891701200002103
autoencoder,bed/test/bed_0585.obj,250,28540,65.536,0.48828125,4.366585067319462,13.935546875,0.15231442577694454,0.12081546100000651,0.2266768730000024
autoencoder,bed/test/bed_0586.obj,252,28688,65.01587301587301,0.4921875,4.373170731707317,14.0078125,0.15126931162940851,0.05801102000000924,0.18208169099997917
autoencoder,bed/test/bed_0587.obj,252,28705,65.01587301587301,0.4921875,4.375762195121951,14.01611328125,0.17249864699178652,0.04939481400001,0.15658010600000694
autoencoder,bed/test/bed_0588.obj,252,28738,65.01587301587301,0.4921875,4.3968788249694,14.0322265625,0.12188417662074641,0.08947840000001861,0.49326471899999547
autoencoder,bed/test/bed_0589.obj,252,28663,65.01587301587301,0.4921875,4.385403916768666,13.99560546875,0.17744410761600302,0.24680249499999718,0.37524646399998574
autoencoder,bed/test/bed_0590.obj,252,28673,65.01587301587301,0.4921875,4.362903225806452,14.00048828125,0.13234757034858363,0.14249535800001922,0.481131041999987
autoencoder,bed/test/bed_0591.obj,252,28680,65.01587301587301,0.4921875,4.363968350578211,14.00390625,0.09458053488605031,0.15771910799998068,0.5918267810000089
autoencoder,bed/test/bed_0592.obj,252,28724,65.01587301587301,0.4921875,4.378658536585366,14.025390625,0.09810286990652786,0.14148963299999195,0.2687144260000025
autoencoder,bed/test/bed_0593.obj,228,27116,71.85964912280701,0.4453125,4.331629392971246,13.240234375,0.13854928559377241,0.09138270899998702,0.6296783680000146
autoencoder,bed/test/bed_0594.obj,252,28657,65.01587301587301,0.4921875,4.3844859241126075,13.99267578125,0.14201297573463761,0.10246349999999893,0.44952738200001363
autoencoder,bed/test/bed_0595.obj,252,28669,65.01587301587301,0.4921875,4.370274390243902,13.99853515625,0.16448186610055474,0.17128447400000368,0.3724402949999899
autoencoder,bed/test/bed_0596.obj,252,28686,65.01587301587301,0.4921875,4.372865853658537,14.0068359375,0.13388658156520572,0.0984194830000149,0.3361847060000116
autoencoder,bed/test/bed_0597.obj,248,28424,66.06451612903226,0.484375,4.364864864864865,13.87890625,0.13482957486432134,0.13477016500002037,0.23628981600000998
autoencoder,bed/test/bed_0598.obj,250,28558,65.536,0.48828125,4.377375843041079,13.9443359375,0.12489119244809742,0.10904763400000661,0.23992896199999336
autoencoder,bed/test/bed_0599.obj,252,28760,65.01587301587301,0.4921875,4.384146341463414,14.04296875,0.12222687551941191,0.11929398099999844,0.17534035299999573
autoencoder,bed/test/bed_0600.obj,252,28718,65.01587301587301,0.4921875,4.393818849449205,14.0224609375,0.10469519194329574,0.04727742399998647,0.16542750899998282
autoencoder,bed/test/bed_0601.obj,252,28671,65.01587301587301,0.4921875,4.3705792682926825,13.99951171875,0.1732768724907956,0.23688097400000174,0.26987336899998127
autoencoder,bed/test/bed_0602.obj,252,28769,65.01587301587301,0.4921875,4.3935552840562,14.04736328125,0.10749444824561041,0.0872848719999979,0.29183181400000535
autoencoder,bed/test/bed_0603.obj,248,28417,66.06451612903226,0.484375,4.35576333537707,13.87548828125,0.14671570914648235,0.15329740900000388,0.19566504400000895
autoencoder,bed/test/bed_0604.obj,252,28616,65.01587301587301,0.4921875,4.370189370800245,13.97265625,0.17565517782250772,0.05874500100000546,0.44548187099999836
autoencoder,bed/test/bed_0605.obj,252,28621,65.01587301587301,0.4921875,4.370952962736713,13.97509765625,0.14672351672737866,0.21036877099999174,0.5435391089999939
autoencoder,bed/test/bed_0606.obj,250,28512,65.536,0.48828125,4.354306658521686,13.921875,0.13624900859022662,0.09358098299998119,0.3628288110000142
autoencoder,bed/test/bed_0607.obj,250,28547,65.536,0.48828125,4.35965180207697,13.93896484375,0.09018121375757542,0.0916627139999946,0.26018397999999365
autoencoder,bed/test/bed_0608.obj,252,28706,65.01587301587301,0.4921875,4.367924528301887,14.0166015625,0.1171066924140918,0.08778869699997927,0.23222966699998437
autoencoder,bed/test/bed_0609.obj,252,28685,65.01587301587301,0.4921875,4.388769889840881,14.00634765625,0.12124282425585783,0.08974713399999246,0.25951451500000644
autoencoder,bed/test/bed_0610.obj,240,27900,68.26666666666667,0.46875,4.340385812072184,13.623046875,0.1524961784069139,0.24669173799998134,0.3871697840000081
autoencoder,bed/test/bed_0611.obj,252,28625,65.01587301587301,0.4921875,4.387645616186389,13.97705078125,0.1467226857264533,0.13551236500001096,0.24776351600002045
autoencoder,bed/test/bed_0612.obj,236,27630,69.42372881355932,0.4609375,4.330721003134796,13.4912109375,0.1299895261524793,0.12956407799998715,0.2442065090000085
autoencoder,bed/test/bed_0613.obj,248,28442,66.06451612903226,0.484375,4.359595340282036,13.8876953125,0.13950211775306437,0.06846928400000252,0.21885228099998244
autoencoder,bed/test/bed_0614.obj,236,27667,69.42372881355932,0.4609375,4.344692211055277,13.50927734375,0.12098023581077733,0.05254470999997807,0.39069575799999257
autoencoder,bed/test/bed_0615.obj,252,28696,65.01587301587301,0.4921875,4.374390243902439,14.01171875,0.13062843200851354,0.26457384899998715,0.3110340469999926
autoencoder,bench/test/bench_0174.obj,252,28763,65.01587301587301,0.4921875,4.376597687157639,14.04443359375,0.09739395761288253,0.2744088449999822,0.3145937559999936
autoencoder,bench/test/bench_0175.obj,246,28300,66.60162601626017,0.48046875,4.3618988902589395,13.818359375,0.12083745037646748,0.10600694300001123,0.20155664499998238
autoencoder,bench/test/bench_0176.obj,252,28729,65.01587301587301,0.4921875,4.3794207317073175,14.02783203125,0.16292646392107324,0.05373451899998827,0.4179084669999895
autoencoder,bench/test/bench_0177.obj,240,27919,68.26666666666667,0.46875,4.343341630367144,13.63232421875,0.0842288245601285,0.1925808839999945,0.39501234599998725
autoencoder,bench/test/bench_0178.obj,244,28126,67.14754098360656,0.4765625,4.351175742574258,13.7333984375,0.07378050197450282,0.2146298050000155,0.2763970240000049
autoencoder,bench/test/bench_0179.obj,244,28141,67.14754098360656,0.4765625,4.353496287128713,13.74072265625,0.1018488752429372,0.09440214599999308,0.3836098459999846
autoencoder,bench/test/bench_0180.obj,252,28691,65.01587301587301,0.4921875,4.373628048780488,14.00927734375,0.09664078445530164,0.08335800200001131,0.4319885490000104
autoencoder,bench/test/bench_0181.obj,236,27682,69.42372881355932,0.4609375,4.338871473354232,13.5166015625,0.11228771265158893,0.11430120299999658,0.4514345960000128
autoencoder,bench/test/bench_0182.obj,250,28567,65.536,0.48828125,4.386824324324325,13.94873046875,0.08052037946620834,0.15150446500001635,0.24169372500000463
autoencoder,bench/test/bench_0183.obj,246,28323,66.60162601626017,0.48046875,4.365443896424168,13.82958984375,0.11917134836164488,0.05311837799999353,0.6693600349999826
autoencoder,bench/test/bench_0184.obj,244,28136,67.14754098360656,0.4765625,4.3446571957998765,13.73828125,0.0898223107172183,0.1078193510000176,0.30058093499999927
autoencoder,bench/test/bench_0185.obj,250,28587,65.536,0.48828125,4.38182096873084,13.95849609375,0.11959537596741013,0.1898995920000175,0.3267819060000079
autoencoder,bench/test/bench_0186.obj,252,28682,65.01587301587301,0.4921875,4.372256097560975,14.0048828125,0.0977960548992622,0.10380580200001077,0.5128739299999836
autoencoder,bench/test/bench_0187.obj,252,28727,65.01587301587301,0.4921875,4.403280196198651,14.02685546875,0.1413847700994104,0.22217778600000315,0.5264016710000021
autoencoder,bench/test/bench_0188.obj,248,28459,66.06451612903226,0.484375,4.362201103617412,13.89599609375,0.13817124255087565,0.1781569389999902,0.464274918000001
autoencoder,bench/test/bench_0189.obj,242,28042,67.70247933884298,0.47265625,4.346249225046497,13.6923828125,0.1372510143389669,0.21625850700002047,0.25427665099999786
autoencoder,bench/test/bench_0190.obj,244,28208,67.14754098360656,0.4765625,4.355775169857937,13.7734375,0.13374134718224587,0.04813595599998166,0.16721804600001633
autoencoder,bench/test/bench_0191.obj,226,26977,72.49557522123894,0.44140625,4.309424920127795,13.17236328125,0.1240378961406861,0.17141829199999847,0.3703379449999886
autoencoder,bench/test/bench_0192.obj,248,28435,66.06451612903226,0.484375,4.358522378908645,13.88427734375,0.14461510185290197,0.12092796700000008,0.418821639000015
autoencoder,bench/test/bench_0193.obj,252,28665,65.01587301587301,0.4921875,4.361685940353013,13.99658203125,0.06726245651229878,0.08418438500001457,0.3998070579999933
autoencoder,bookshelf/test/bookshelf_0573.obj,250,28539,65.536,0.48828125,4.358430054978619,13.93505859375,0.09614509008218147,0.15905158099999994,0.36497798900001044
autoencoder,bookshelf/test/bookshelf_0574.obj,236,27653,69.42372881355932,0.4609375,4.358921815889029,13.50244140625,0.09249220773906397,0.19545241899999155,0.3181573839999885
autoencoder,bookshelf/test/bookshelf_0575.obj,252,28709,65.01587301587301,0.4921875,4.384392180818571,14.01806640625,0.06776833891749398,0.09493968700002142,0.46237449899999206
autoencoder,bookshelf/test/bookshelf_0576.obj,248,28462,66.06451612903226,0.484375,4.3787692307692305,13.8974609375,0.06969948605334009,0.049989727000024686,0.49541534899998396
autoencoder,bookshelf/test/bookshelf_0577.obj,240,27892,68.26666666666667,0.46875,4.339141257000622,13.619140625,0.130893431551677,0.18150955099997645,0.18776024400000324
autoencoder,bookshelf/test/bookshelf_0578.obj,252,28625,65.01587301587301,0.4921875,4.371563836285889,13.97705078125,0.14769400898840043,0.26087573499998484,0.5867642799999828
autoencoder,bookshelf/test/bookshelf_0579.obj,252,28765,65.01587301587301,0.4921875,4.376902008520998,14.04541015625,0.05607284385121083,0.2501948949999928,0.3254910349999989
autoencoder,bookshelf/test/bookshelf_0580.obj,242,28060,67.70247933884298,0.47265625,4.373441396508728,13.701171875,0.07750282106756501,0.13898785400002112,0.46603251100000875
autoencoder,bookshelf/test/bookshelf_0581.obj,228,27080,71.85964912280701,0.4453125,4.317602040816326,13.22265625,0.09118468652330616,0.15647872399998164,0.3305193509999924
autoencoder,bookshelf/test/bookshelf_0582.obj,242,28026,67.70247933884298,0.47265625,4.359987554449284,13.6845703125,0.10857201880894371,0.053920101000016984,0.16448060499999428
autoencoder,bookshelf/test/bookshelf_0583.obj,236,27672,69.42372881355932,0.4609375,4.337304075235109,13.51171875,0.1046819284876009,0.09628836999999635,0.3248874709999825
autoencoder,bookshelf/test/bookshelf_0584.obj,230,27268,71.23478260869565,0.44921875,4.347576530612245,13.314453125,0.12985602458662487,0.04675851599998282,0.4364236829999868
autoencoder,bookshelf/test/bookshelf_0585.obj,252,28642,65.01587301587301,0.4921875,4.366158536585366,13.9853515625,0.1190730716380304,0.08168151899999998,0.3832042989999991
autoencoder,bookshelf/test/bookshelf_0586.obj,252,28645,65.01587301587301,0.4921875,4.358642726719416,13.98681640625,0.12992424648872364,0.04736622600000828,0.23260898600000246
autoencoder,bookshelf/test/bookshelf_0587.obj,244,28164,67.14754098360656,0.4765625,4.357054455445544,13.751953125,0.07133589687705019,0.04961707999999021,0.33435697300001266
autoencoder,bookshelf/test/bookshelf_0588.obj,252,28728,65.01587301587301,0.4921875,4.3792682926829265,14.02734375,0.08555500680358753,0.17461376300002485,0.30827485300000035
autoencoder,bookshelf/test/bookshelf_0589.obj,252,28746,65.01587301587301,0.4921875,4.382012195121951,14.0361328125,0.07929299337009366,0.0892400289999955,0.3956357640000192
autoencoder,bookshelf/test/bookshelf_0590.obj,252,28728,65.01587301587301,0.4921875,4.371272063298844,14.02734375,0.12561648982081525,0.18185648700000456,0.6808115819999898
autoencoder,bookshelf/test/bookshelf_0591.obj,252,28844,65.01587301587301,0.4921875,4.396951219512195,14.083984375,0.08246458617406976,0.08895594100002313,0.266708269999981
autoencoder,bookshelf/test/bookshelf_0592.obj,252,28803,65.01587301587301,0.4921875,4.390701219512195,14.06396484375,0.1255561874982002,0.10047169999998573,0.31799988999998163
autoencoder,bookshelf/test/bookshelf_0593.obj,252,28731,65.01587301587301,0.4921875,4.395807833537332,14.02880859375,0.0850173190463302,0.10343409300000417,0.5576548250000144
autoencoder,bookshelf/test/bookshelf_0594.obj,220,26634,74.47272727272727,0.4296875,4.3125,13.0048828125,0.08880895297000659,0.17761294900000735,0.3816565030000163
autoencoder,bookshelf/test/bookshelf_0595.obj,252,28663,65.01587301587301,0.4921875,4.41784833538841,13.99560546875,0.07531108694440228,0.2969700270000146,0.604056858000007
autoencoder,bookshelf/test/bookshelf_0596.obj,240,27887,68.26666666666667,0.46875,4.354622111180512,13.61669921875,0.12876203067990288,0.27963406999998597,0.5738013609999939
autoencoder,bookshelf/test/bookshelf_0597.obj,252,28911,65.01587301587301,0.4921875,4.423347613219094,14.11669921875,0.10393236718485052,0.09576875100000848,0.2588510289999988
autoencoder,bookshelf/test/bookshelf_0598.obj,252,28755,65.01587301587301,0.4921875,4.383384146341464,14.04052734375,0.1129726491424682,0.06831957500000385,0.3213000880000152
autoencoder,bookshelf/test/bookshelf_0599.obj,244,28257,67.14754098360656,0.4765625,4.363341568869672,13.79736328125,0.11583087220203056,0.07924118799999746,0.41082253599998353
autoencoder,bookshelf/test/bookshelf_0600.obj,240,27880,68.26666666666667,0.46875,4.3453865336658355,13.61328125,0.11784230086960937,0.129626624999986,0.6196899109999947
autoencoder,bookshelf/test/bookshelf_0601.obj,252,28789,65.01587301587301,0.4921875,4.396609651802077,14.05712890625,0.08255844199506049,0.12261926400000789,0.425459888000006
autoencoder,bookshelf/test/bookshelf_0602.obj,252,28824,65.01587301587301,0.4921875,4.401954795357361,14.07421875,0.062222302588594014,0.15892312300002231,0.22320786299999895
autoencoder,bookshelf/test/bookshelf_0603.obj,238,27804,68.84033613445378,0.46484375,4.357993730407523,13.576171875,0.09060878352184237,0.12198823400001402,0.45316355199997815
autoencoder,bookshelf/test/bookshelf_0604.obj,210,25902,78.01904761904763,0.41015625,4.268622280817403,12.6474609375,0.11136403735020955,0.16013407400001256,0.31789261900001975
autoencoder,bookshelf/test/bookshelf_0605.obj,244,28204,67.14754098360656,0.4765625,4.363242574257426,13.771484375,0.10355473389707492,0.12537630600002103,0.4276794460000133
autoencoder,bookshelf/test/bookshelf_0606.obj,242,27951,67.70247933884298,0.47265625,4.332145071295722,13.64794921875,0.11637501876797438,0.09649267999998301,0.525432636000005
autoencoder,bookshelf/test/bookshelf_0607.obj,252,28789,65.01587301587301,0.4921875,4.388567073170732,14.05712890625,0.07107858460261195,0.13791213400000402,0.6886723439999969
autoencoder,bookshelf/test/bookshelf_0608.obj,252,28753,65.01587301587301,0.4921875,4.37507608034084,14.03955078125,0.07986351851128642,0.17620959399999947,1.4677359909999836
autoencoder,bookshelf/test/bookshelf_0609.obj,220,26603,74.47272727272727,0.4296875,4.29912734324499,12.98974609375,0.08978661250564586,0.7077326029999824,0.7884762179999996
autoencoder,bookshelf/test/bookshelf_0610.obj,252,28776,65.01587301587301,0.4921875,4.394624312767257,14.05078125,0.07602204645135899,0.06949462600002221,0.5239755800000125
autoencoder,bookshelf/test/bookshelf_0611.obj,252,28818,65.01587301587301,0.4921875,4.409118727050184,14.0712890625,0.04990544912240473,0.09451883700000963,0.23634601600002725
autoencoder,bookshelf/test/bookshelf_0612.obj,248,28487,66.06451612903226,0.484375,4.390721331689273,13.90966796875,0.09031741682679503,0.07833297199999834,0.33534869600001116
autoencoder,bookshelf/test/bookshelf_0613.obj,230,27211,71.23478260869565,0.44921875,4.321950444726811,13.28662109375,0.08661514775060197,0.15459308699999497,0.5384199760000001
autoencoder,bookshelf/test/bookshelf_0614.obj,232,27328,70.62068965517241,0.453125,4.332276474318326,13.34375,0.12371095889568232,0.26334559699998294,0.5746205450000161
autoencoder,bookshelf/test/bookshelf_0615.obj,230,27312,71.23478260869565,0.44921875,4.329740012682308,13.3359375,0.0979885637668675,0.2040215920000037,0.4252203789999953
autoencoder,bookshelf/test/bookshelf_0616.obj,220,26696,74.47272727272727,0.4296875,4.3309539260220635,13.03515625,0.07309532303809137,0.11150555599999734,0.303229961999989
autoencoder,bookshelf/test/bookshelf_0617.obj,220,26565,74.47272727272727,0.4296875,4.318107932379714,12.97119140625,0.11808555121981994,0.10808810000000335,0.31820845799998665
autoencoder,bookshelf/test/bookshelf_0618.obj,252,28691,65.01587301587301,0.4921875,4.365642118076689,14.00927734375,0.06749676591205947,0.136457766999996,0.2511075310000024
autoencoder,bookshelf/test/bookshelf_0619.obj,252,28788,65.01587301587301,0.4921875,4.388414634146342,14.056640625,0.058586440813184544,0.38621378400000594,0.3448167329999876
autoencoder,bookshelf/test/bookshelf_0620.obj,232,27313,70.62068965517241,0.453125,4.313487049905243,13.33642578125,0.08819734126781323,0.3301861180000003,0.4156614780000041
autoencoder,bookshelf/test/bookshelf_0621.obj,252,28713,65.01587301587301,0.4921875,4.368989653073646,14.02001953125,0.0831492378857907,0.058631753999975444,0.24798152299999288
autoencoder,bookshelf/test/bookshelf_0622.obj,246,28338,66.60162601626017,0.48046875,4.359692307692308,13.8369140625,0.10293774861480365,0.0733963870000025,0.42203293800000097
autoencoder,bookshelf/test/bookshelf_0623.obj,252,28722,65.01587301587301,0.4921875,4.378353658536585,14.0244140625,0.07324621415196328,0.15835905100001924,0.2712797060000014
autoencoder,bookshelf/test/bookshelf_0624.obj,252,28759,65.01587301587301,0.4921875,4.4000917992656055,14.04248046875,0.09902531338945172,0.16996463699999254,0.45566533199999526
autoencoder,bookshelf/test/bookshelf_0625.obj,252,28793,65.01587301587301,0.4921875,4.389176829268293,14.05908203125,0.10713629978790795,0.07869187200000738,0.4237928649999958
autoencoder,bookshelf/test/bookshelf_0626.obj,252,28816,65.01587301587301,0.4921875,4.384662203286671,14.0703125,0.077513918947578,0.18444794499998807,0.48297013699999525
autoencoder,bookshelf/test/bookshelf_0627.obj,232,27303,70.62068965517241,0.453125,4.33656289707751,13.33154296875,0.09838848470268272,0.1732082180000134,0.3036887660000218
autoencoder,bookshelf/test/bookshelf_0628.obj,240,27992,68.26666666666667,0.46875,4.354698195395146,13.66796875,0.08966079888031678,0.15567428700001074,0.35664808600000697
autoencoder,bookshelf/test/bookshelf_0629.obj,244,28154,67.14754098360656,0.4765625,4.379900435594275,13.7470703125,0.09507629910612239,0.16851027900000304,0.4624128570000039
autoencoder,bookshelf/test/bookshelf_0630.obj,240,27955,68.26666666666667,0.46875,4.3652404747033104,13.64990234375,0.07363505734118005,0.17055597099999886,0.3190452750000077
autoencoder,bookshelf/test/bookshelf_0631.obj,252,28739,65.01587301587301,0.4921875,4.372945830797322,14.03271484375,0.10451031862800006,0.1956020260000173,0.5008199940000111
autoencoder,bookshelf/test/bookshelf_0632.obj,228,27164,71.85964912280701,0.4453125,4.322724379376194,13.263671875,0.14113645070598246,0.10817876299998375,0.28891648800001235
autoencoder,bookshelf/test/bookshelf_0633.obj,252,28690,65.01587301587301,0.4921875,4.3814905314599875,14.0087890625,0.09500033789471578,0.20625354899999593,0.3171530500000017
autoencoder,bookshelf/test/bookshelf_0634.obj,234,27531,70.01709401709402,0.45703125,4.33969104665826,13.44287109375,0.08365555440047345,0.26344159300001024,0.24296228199997927
autoencoder,bookshelf/test/bookshelf_0635.obj,252,28714,65.01587301587301,0.4921875,4.401287553648069,14.0205078125,0.13099146712640788,0.14452749599999493,0.53832034200002
autoencoder,bookshelf/test/bookshelf_0636.obj,222,26678,73.8018018018018,0.43359375,4.294591113972956,13.0263671875,0.09235513763003936,0.19146501200000898,0.40342725799999357
autoencoder,bookshelf/test/bookshelf_0637.obj,218,26455,75.1559633027523,0.42578125,4.29185593770279,12.91748046875,0.0781607334965718,0.14586850000000595,0.30966259200002355
autoencoder,bookshelf/test/bookshelf_0638.obj,252,28793,65.01587301587301,0.4921875,4.3811625076080345,14.05908203125,0.0795317137333312,0.14803711299998668,0.25581363800000645
autoencoder,bookshelf/test/bookshelf_0639.obj,252,28756,65.01587301587301,0.4921875,4.383536585365854,14.041015625,0.09367971314519408,0.110018445999998,0.46269548399999394
autoencoder,bookshelf/test/bookshelf_0640.obj,248,28423,66.06451612903226,0.484375,4.364711302211302,13.87841796875,0.0628815605963323,0.08655326199999536,0.4872668929999975
autoencoder,bookshelf/test/bookshelf_0641.obj,218,26447,75.1559633027523,0.42578125,4.2905580791693705,12.91357421875,0.13224664562451943,0.1796048340000027,0.3940211100000113
autoencoder,bookshelf/test/bookshelf_0642.obj,252,28748,65.01587301587301,0.4921875,4.39034819792303,14.037109375,0.09453450635348287,0.19614533099999676,0.28099084899997706
autoencoder,bookshelf/test/bookshelf_0643.obj,252,28776,65.01587301587301,0.4921875,4.394624312767257,14.05078125,0.09365011710030399,0.07971972400000027,0.2591569530000015
autoencoder,bookshelf/test/bookshelf_0644.obj,218,26458,75.1559633027523,0.42578125,4.300715214564369,12.9189453125,0.09209924684336179,0.09451810699999896,0.2567745430000059
autoencoder,bookshelf/test/bookshelf_0645.obj,240,27912,68.26666666666667,0.46875,4.342252644679527,13.62890625,0.13837362027656241,0.08540900299999521,0.22525360200000932
autoencoder,bookshelf/test/bookshelf_0646.obj,230,27305,71.23478260869565,0.44921875,4.345162316995545,13.33251953125,0.10395937281506662,0.05545006200000557,0.2196496899999829
autoencoder,bookshelf/test/bookshelf_0647.obj,252,28714,65.01587301587301,0.4921875,4.3932068543451654,14.0205078125,0.0810102362540755,0.06867568999999207,0.44791083199999093
autoencoder,bookshelf/test/bookshelf_0648.obj,220,26697,74.47272727272727,0.4296875,4.322700777202073,13.03564453125,0.0987210150738148,0.14052632900001072,0.6425050670000019
autoencoder,bookshelf/test/bookshelf_0649.obj,252,28779,65.01587301587301,0.4921875,4.3950824679291385,14.05224609375,0.06780569454761236,0.164409409000001,0.49065617899998415
autoencoder,bookshelf/test/bookshelf_0650.obj,246,28354,66.60162601626017,0.48046875,4.378319950586782,13.8447265625,0.12182641656496501,0.08182846500000096,0.4538911559999974
autoencoder,bookshelf/test/bookshelf_0651.obj,252,28692,65.01587301587301,0.4921875,4.3817959682345755,14.009765625,0.09948450736553094,0.2567078120000019,0.6846200189999934
autoencoder,bookshelf/test/bookshelf_0652.obj,252,28732,65.01587301587301,0.4921875,4.371880706025563,14.029296875,0.10217771311939713,0.2589215529999933,0.4939889569999991
autoencoder,bookshelf/test/bookshelf_0653.obj,218,26459,75.1559633027523,0.42578125,4.292504866969501,12.91943359375,0.06566341673469786,0.1820665550000058,0.40503841200001034
autoencoder,bookshelf/test/bookshelf_0654.obj,252,28737,65.01587301587301,0.4921875,4.372641509433962,14.03173828125,0.08933083071444864,0.11874083799997948,0.41697662199999286
autoencoder,bookshelf/test/bookshelf_0655.obj,252,28747,65.01587301587301,0.4921875,4.382164634146341,14.03662109375,0.11546514594329993,0.13883719100002168,0.3069339249999814
autoencoder,bookshelf/test/bookshelf_0656.obj,252,28746,65.01587301587301,0.4921875,4.382012195121951,14.0361328125,0.07328078172312506,0.09379531999999813,0.4740009930000042
autoencoder,bookshelf/test/bookshelf_0657.obj,244,28241,67.14754098360656,0.4765625,4.368966584158416,13.78955078125,0.15839566332956811,0.19078051799999685,0.5219160290000104
autoencoder,bookshelf/test/bookshelf_0658.obj,252,28795,65.01587301587301,0.4921875,4.389481707317073,14.06005859375,0.07413642728104104,0.12924545300001,0.5358554369999808
autoencoder,bookshelf/test/bookshelf_0659.obj,250,28592,65.536,0.48828125,4.374541003671971,13.9609375,0.1130450416359558,0.16680094499997722,0.8600435859999891
autoencoder,bookshelf/test/bookshelf_0660.obj,252,28847,65.01587301587301,0.4921875,4.397408536585366,14.08544921875,0.05034969052500113,0.24511147600000527,0.35706267800000546
autoencoder,bookshelf/test/bookshelf_0661.obj,252,28751,65.01587301587301,0.4921875,4.3827743902439025,14.03857421875,0.06305886126879033,0.10683732899997267,0.39408328400000414
autoencoder,bookshelf/test/bookshelf_0662.obj,252,28698,65.01587301587301,0.4921875,4.382712278558339,14.0126953125,0.07781579708491303,0.09181598199998575,0.36997709100000975
autoencoder,bookshelf/test/bookshelf_0663.obj,244,28126,67.14754098360656,0.4765625,4.343113032736257,13.7333984375,0.09075826488867655,0.08765728600002376,0.34850520199998414
autoencoder,bookshelf/test/bookshelf_0664.obj,252,28774,65.01587301587301,0.4921875,4.3862804878048784,14.0498046875,0.06856387811208327,0.22238339700001575,0.5433313720000115
autoencoder,bookshelf/test/bookshelf_0665.obj,248,28466,66.06451612903226,0.484375,4.3632740649908035,13.8994140625,0.0918802307924613,0.13047163100000603,0.37077469100000826
autoencoder,bookshelf/test/bookshelf_0666.obj,230,27220,71.23478260869565,0.44921875,4.331635900700191,13.291015625,0.10015805728853289,0.08771484200002533,0.27353346800001077
autoencoder,bookshelf/test/bookshelf_0667.obj,252,28758,65.01587301587301,0.4921875,4.4080318822808096,14.0419921875,0.06391127454243627,0.17757524999998964,0.40621058900001117
autoencoder,bookshelf/test/bookshelf_0668.obj,252,28688,65.01587301587301,0.4921875,4.397302268546904,14.0078125,0.1049012777936166,0.12859107500000277,0.47762102900000514
autoencoder,bookshelf/test/bookshelf_0669.obj,244,28077,67.14754098360656,0.4765625,4.335546633724522,13.70947265625,0.12151784176936029,0.04902276600000732,0.4221099070000207
autoencoder,bookshelf/test/bookshelf_0670.obj,252,28622,65.01587301587301,0.4921875,4.371105681124007,13.9755859375,0.06262726942955607,0.16392729999998323,0.5239757350000218
autoencoder,bookshelf/test/bookshelf_0671.obj,252,28782,65.01587301587301,0.4921875,4.3875,14.0537109375,0.05633309138514793,0.09748962099999403,0.5599504729999865
autoencoder,bookshelf/test/bookshelf_0672.obj,252,28811,65.01587301587301,0.4921875,4.399969456322541,14.06787109375,0.10052721821924582,0.17188851599999566,0.32793613300000857
autoencoder,bottle/test/bottle_0336.obj,252,28648,65.01587301587301,0.4921875,4.359099208764455,13.98828125,0.1211230798217797,0.08447566499998516,0.22284005899999215
autoencoder,bottle/test/bottle_0337.obj,252,28684,65.01587301587301,0.4921875,4.380574221136225,14.005859375,0.1432457048828861,0.13967166099999417,0.6592709549999825
autoencoder,bottle/test/bottle_0338.obj,252,28660,65.01587301587301,0.4921875,4.3689024390243905,13.994140625,0.1164291448375199,0.13562664100001598,0.34860681100002466
autoencoder,bottle/test/bottle_0339.obj,252,28672,65.01587301587301,0.4921875,4.362751065124772,14.0,0.10098241399220032,0.1952129939999736,0.43104013700002497
autoencoder,bottle/test/bottle_0340.obj,252,28664,65.01587301587301,0.4921875,4.3615337796713325,13.99609375,0.12042771540949634,0.2692140550000204,0.5063409799999761
autoencoder,bottle/test/bottle_0341.obj,252,28652,65.01587301587301,0.4921875,4.359707851491175,13.990234375,0.14372562830417235,0.2869470329999899,0.5450720309999895
autoencoder,bottle/test/bottle_0342.obj,252,28625,65.01587301587301,0.4921875,4.3635670731707314,13.97705078125,0.10609296555028772,0.23420690899999386,0.44436486399999353
autoencoder,bottle/test/bottle_0343.obj,252,28658,65.01587301587301,0.4921875,4.368597560975609,13.9931640625,0.1150231758683177,0.156243016000019,0.5557399319999945
autoencoder,bottle/test/bottle_0344.obj,252,28641,65.01587301587301,0.4921875,4.366006097560976,13.98486328125,0.12634673441988145,0.1130230850000089,0.5540761430000032
autoencoder,bottle/test/bottle_0345.obj,252,28685,65.01587301587301,0.4921875,4.380726939523519,14.00634765625,0.13923677662795567,0.2192713609999828,0.5516075090000072
autoencoder,bottle/test/bottle_0346.obj,252,28605,65.01587301587301,0.4921875,4.360518292682927,13.96728515625,0.12586735821930006,0.24542454499999167,0.4772290780000503
autoencoder,bottle/test/bottle_0347.obj,252,28680,65.01587301587301,0.4921875,4.37996334758705,14.00390625,0.10747235849478892,0.08446627199998602,0.5391581320000114
autoencoder,bottle/test/bottle_0348.obj,252,28656,65.01587301587301,0.4921875,4.376298106291998,13.9921875,0.13451235067279385,0.14450949399997626,0.4331683030000022
autoencoder,bottle/test/bottle_0349.obj,252,28663,65.01587301587301,0.4921875,4.361381618989653,13.99560546875,0.15974970634429655,0.10910038699995539,0.33120721099999173
autoencoder,bottle/test/bottle_0350.obj,252,28673,65.01587301587301,0.4921875,4.370884146341464,14.00048828125,0.1342242084036778,0.07180020999999215,0.6786013189999949
autoencoder,bottle/test/bottle_0351.obj,252,28661,65.01587301587301,0.4921875,4.369054878048781,13.99462890625,0.15464181889060705,0.06235309800001687,0.6941275990000122
autoencoder,bottle/test/bottle_0352.obj,252,28631,65.01587301587301,0.4921875,4.356512477175897,13.97998046875,0.1253790439023702,0.071486139000001,0.2825339940000049
autoencoder,bottle/test/bottle_0353.obj,252,28655,65.01587301587301,0.4921875,4.360164333536214,13.99169921875,0.12609621670123494,0.19018731799997113,0.45975080400000934
autoencoder,bottle/test/bottle_0354.obj,252,28663,65.01587301587301,0.4921875,4.3773671350030545,13.99560546875,0.120687997517967,0.20023632400000224,0.42300205700001925
autoencoder,bottle/test/bottle_0355.obj,250,28528,65.536,0.48828125,4.364749082007344,13.9296875,0.08975158343140224,0.22537414299995362,0.8339015870000139
autoencoder,bottle/test/bottle_0356.obj,252,28723,65.01587301587301,0.4921875,4.370511259890444,14.02490234375,0.12513315100088174,0.18538621499999408,0.5861057340000002
autoencoder,bottle/test/bottle_0357.obj,252,28670,65.01587301587301,0.4921875,4.378436163714111,13.9990234375,0.11200506413277386,0.17689168700002256,0.3686790170000336
autoencoder,bottle/test/bottle_0358.obj,252,28653,65.01587301587301,0.4921875,4.359860012172854,13.99072265625,0.11878921960260075,0.13550964899997098,0.3856160500000101
autoencoder,bottle/test/bottle_0359.obj,252,28711,65.01587301587301,0.4921875,4.384697617593158,14.01904296875,0.12713025206897527,0.17353940899999998,0.6234413669999981
autoencoder,bottle/test/bottle_0360.obj,252,28678,65.01587301587301,0.4921875,4.363664029214851,14.0029296875,0.12843027047554847,0.10636963199999627,0.43620161199999075
autoencoder,bottle/test/bottle_0361.obj,252,28677,65.01587301587301,0.4921875,4.387545899632803,14.00244140625,0.11742671969132154,0.27121035900000834,0.39213172000000895
autoencoder,bottle/test/bottle_0362.obj,252,28646,65.01587301587301,0.4921875,4.382802937576499,13.9873046875,0.1246942618497876,0.12764798800003518,0.3883806400000367
autoencoder,bottle/test/bottle_0363.obj,252,28674,65.01587301587301,0.4921875,4.371036585365854,14.0009765625,0.15756341284929598,0.139530413999978,0.30905701099999305
autoencoder,bottle/test/bottle_0364.obj,252,28693,65.01587301587301,0.4921875,4.365946439440049,14.01025390625,0.11631707945501096,0.09095430700000406,0.48571277000002056
autoencoder,bottle/test/bottle_0365.obj,252,28663,65.01587301587301,0.4921875,4.361381618989653,13.99560546875,0.12456365671913441,0.23699858800000584,0.47731776500000933
autoencoder,bottle/test/bottle_0366.obj,252,28687,65.01587301587301,0.4921875,4.3650334753499695,14.00732421875,0.12288241545352019,0.25991600199995446,0.7057787339999777
autoencoder,bottle/test/bottle_0367.obj,252,28643,65.01587301587301,0.4921875,4.3743127672571775,13.98583984375,0.11350508768114562,0.15059530000002042,0.5735441859999924
autoencoder,bottle/test/bottle_0368.obj,252,28652,65.01587301587301,0.4921875,4.359707851491175,13.990234375,0.1461354190745079,0.15324391600000808,0.5609571470000105
autoencoder,bottle/test/bottle_0369.obj,252,28721,65.01587301587301,0.4921875,4.378201219512195,14.02392578125,0.11736926698513563,0.21880707500002927,0.41668650200000457
autoencoder,bottle/test/bottle_0370.obj,252,28634,65.01587301587301,0.4921875,4.3729383017715335,13.9814453125,0.13761015442775662,0.1624146480000377,0.546891334999998
autoencoder,bottle/test/bottle_0371.obj,252,28649,65.01587301587301,0.4921875,4.375229077580941,13.98876953125,0.09979239598789927,0.14208901699998933,0.37752012800001467
autoencoder,bottle/test/bottle_0372.obj,252,28677,65.01587301587301,0.4921875,4.363511868533171,14.00244140625,0.12920727978851454,0.08418139100001554,0.41276893300005213
autoencoder,bottle/test/bottle_0373.obj,252,28672,65.01587301587301,0.4921875,4.362751065124772,14.0,0.12929513692663805,0.3160164750000263,0.41584129099999245
autoencoder,bottle/test/bottle_0374.obj,252,28600,65.01587301587301,0.4921875,4.351795496043822,13.96484375,0.11742581157882698,0.27191589500000646,0.42905417200000784
autoencoder,bottle/test/bottle_0375.obj,246,28310,66.60162601626017,0.48046875,4.355384615384615,13.8232421875,0.1242350060253182,0.34274060200004897,0.30304691599997113
autoencoder,bottle/test/bottle_0376.obj,252,28700,65.01587301587301,0.4921875,4.375,14.013671875,0.14292092169656356,0.23660805600002277,0.58051991800005
autoencoder,bottle/test/bottle_0377.obj,252,28675,65.01587301587301,0.4921875,4.363207547169812,14.00146484375,0.1276674361076342,0.09945761299997002,0.38453991800002996
autoencoder,bottle/test/bottle_0378.obj,252,28679,65.01587301587301,0.4921875,4.36381618989653,14.00341796875,0.10405631315826597,0.08255537299999105,0.4275461670000027
autoencoder,bottle/test/bottle_0379.obj,252,28675,65.01587301587301,0.4921875,4.363207547169812,14.00146484375,0.11204468583187055,0.15673025799998186,0.3507460000000151
autoencoder,bottle/test/bottle_0380.obj,252,28673,65.01587301587301,0.4921875,4.378894318875993,14.00048828125,0.1288073556808271,0.08921572700000979,0.3410200669999881
autoencoder,bottle/test/bottle_0381.obj,252,28642,65.01587301587301,0.4921875,4.358186244674376,13.9853515625,0.11290069816396225,0.1596637479999572,0.6102331590000176
autoencoder,bottle/test/bottle_0382.obj,252,28643,65.01587301587301,0.4921875,4.358338405356056,13.98583984375,0.1121281100605129,0.11493220400001292,0.36168413900003316
autoencoder,bottle/test/bottle_0383.obj,252,28639,65.01587301587301,0.4921875,4.3577297626293365,13.98388671875,0.10216793664625466,0.16571505599995362,0.28620258799998055
autoencoder,bottle/test/bottle_0384.obj,252,28692,65.01587301587301,0.4921875,4.38984088127295,14.009765625,0.15011361244536792,0.09163059899998416,0.42555577600001016
autoencoder,bottle/test/bottle_0385.obj,252,28662,65.01587301587301,0.4921875,4.369207317073171,13.9951171875,0.13500391110995924,0.1549554949999674,0.4290440149999881
autoencoder,bottle/test/bottle_0386.obj,252,28675,65.01587301587301,0.4921875,4.363207547169812,14.00146484375,0.12121126264199045,0.1367468550000126,0.46902433000002475
autoencoder,bottle/test/bottle_0387.obj,252,28674,65.01587301587301,0.4921875,4.371036585365854,14.0009765625,0.10462709513270207,0.11424209099999416,0.5350683909999816
autoencoder,bottle/test/bottle_0388.obj,252,28659,65.01587301587301,0.4921875,4.3607729762629335,13.99365234375,0.13650342254451944,0.2024401369999964,0.32931091500000775
autoencoder,bottle/test/bottle_0389.obj,250,28511,65.536,0.48828125,4.354153940134392,13.92138671875,0.13537866454872388,0.1516314600000328,0.3302154930000256
autoencoder,bottle/test/bottle_0390.obj,252,28684,65.01587301587301,0.4921875,4.36457699330493,14.005859375,0.11621906478166535,0.1916077610000002,0.34257586699999365
autoencoder,bottle/test/bottle_0391.obj,252,28687,65.01587301587301,0.4921875,4.3650334753499695,14.00732421875,0.1152103833828958,0.17383899199995767,0.2705935550000049
autoencoder,bottle/test/bottle_0392.obj,252,28656,65.01587301587301,0.4921875,4.368292682926829,13.9921875,0.15794091416737047,0.22183514099998547,0.7231483809999872
autoencoder,bottle/test/bottle_0393.obj,252,28647,65.01587301587301,0.4921875,4.358947048082776,13.98779296875,0.12782000702453894,0.34497099499998285,0.422020520999979
autoencoder,bottle/test/bottle_0394.obj,252,28670,65.01587301587301,0.4921875,4.378436163714111,13.9990234375,0.13430527604646533,0.13551751999995076,0.28433710100000553
autoencoder,bottle/test/bottle_0395.obj,252,28651,65.01587301587301,0.4921875,4.359555690809495,13.98974609375,0.11206199456874795,0.14586523100001614,0.3034245249999685
autoencoder,bottle/test/bottle_0396.obj,252,28687,65.01587301587301,0.4921875,4.381032376298107,14.00732421875,0.12214800158822278,0.15338152499998614,0.34196708100000706
autoencoder,bottle/test/bottle_0397.obj,252,28638,65.01587301587301,0.4921875,4.357577601947657,13.9833984375,0.12292406333006764,0.08889710899995862,0.3312306330000183
autoencoder,bottle/test/bottle_0398.obj,252,28657,65.01587301587301,0.4921875,4.360468654899574,13.99267578125,0.1303778094356837,0.09470928899997944,0.46833800699999983
autoencoder,bottle/test/bottle_0399.obj,252,28647,65.01587301587301,0.4921875,4.382955936352509,13.98779296875,0.1209877408529734,0.15820694000001367,0.5555889390000175
autoencoder,bottle/test/bottle_0400.obj,252,28644,65.01587301587301,0.4921875,4.374465485644472,13.986328125,0.12102386747880067,0.18088792999998304,0.6796038390000376
autoencoder,bottle/test/bottle_0401.obj,252,28634,65.01587301587301,0.4921875,4.3729383017715335,13.9814453125,0.12780445454685418,0.18767516100001558,0.31985872999996445
autoencoder,bottle/test/bottle_0402.obj,252,28657,65.01587301587301,0.4921875,4.368445121951219,13.99267578125,0.10324483550690872,0.11267343800000162,0.39006127299995796
autoencoder,bottle/test/bottle_0403.obj,252,28653,65.01587301587301,0.4921875,4.367835365853659,13.99072265625,0.13706380430890702,0.10581538899998577,0.3285353400000304
autoencoder,bottle/test/bottle_0404.obj,252,28668,65.01587301587301,0.4921875,4.370121951219512,13.998046875,0.17339902586699135,0.14120621099999653,0.22645688599999403
autoencoder,bottle/test/bottle_0405.obj,252,28678,65.01587301587301,0.4921875,4.363664029214851,14.0029296875,0.1343000105034628,0.10719644599998901,0.3764096440000344
autoencoder,bottle/test/bottle_0406.obj,252,28653,65.01587301587301,0.4921875,4.367835365853659,13.99072265625,0.1266401774567376,0.09320143299999017,0.333945884000002
autoencoder,bottle/test/bottle_0407.obj,252,28683,65.01587301587301,0.4921875,4.388463892288861,14.00537109375,0.11565317356117528,0.39691047699994897,0.3308672750000028
autoencoder,bottle/test/bottle_0408.obj,252,28675,65.01587301587301,0.4921875,4.371189024390244,14.00146484375,0.11410856873600848,0.07806481900001927,0.327105266999979
autoencoder,bottle/test/bottle_0409.obj,252,28668,65.01587301587301,0.4921875,4.378130726939523,13.998046875,0.10248106518779031,0.17154373800002531,0.6546667640000123
autoencoder,bottle/test/bottle_0410.obj,252,28678,65.01587301587301,0.4921875,4.363664029214851,14.0029296875,0.14728148379181036,0.25329022599999007,0.517644874000041
autoencoder,bottle/test/bottle_0411.obj,252,28687,65.01587301587301,0.4921875,4.3650334753499695,14.00732421875,0.10348571723077843,0.18164119099998288,0.4347496639999804
autoencoder,bottle/test/bottle_0412.obj,252,28648,65.01587301587301,0.4921875,4.375076359193647,13.98828125,0.13010442669522515,0.11010216400001127,0.42805377399997724
autoencoder,bottle/test/bottle_0413.obj,252,28642,65.01587301587301,0.4921875,4.366158536585366,13.9853515625,0.11762154069376739,0.15175755399997115,0.514621008000006
autoencoder,bottle/test/bottle_0414.obj,252,28665,65.01587301587301,0.4921875,4.361685940353013,13.99658203125,0.10533072791925441,0.2211434320000194,0.5838100710000163
autoencoder,bottle/test/bottle_0415.obj,252,28647,65.01587301587301,0.4921875,4.358947048082776,13.98779296875,0.12724580163538113,0.18592241400000376,0.2703415280000172
autoencoder,bottle/test/bottle_0416.obj,252,28650,65.01587301587301,0.4921875,4.359403530127815,13.9892578125,0.10240856004528648,0.13487506399997073,0.2666742199999703
autoencoder,bottle/test/bottle_0417.obj,252,28660,65.01587301587301,0.4921875,4.3849449204406366,13.994140625,0.12512212155872265,0.06458785199998829,0.34016356400002223
autoencoder,bottle/test/bottle_0418.obj,252,28690,65.01587301587301,0.4921875,4.365489957395009,14.0087890625,0.10781896092159832,0.0836020150000536,0.7002091470000096
autoencoder,bottle/test/bottle_0419.obj,252,28661,65.01587301587301,0.4921875,4.3770616982284665,13.99462890625,0.13338473815393326,0.25339457600000515,0.6653731970000081
autoencoder,bottle/test/bottle_0420.obj,252,28683,65.01587301587301,0.4921875,4.3724085365853655,14.00537109375,0.13219231200230558,0.15161251399996445,0.251278947000003
autoencoder,bottle/test/bottle_0421.obj,252,28641,65.01587301587301,0.4921875,4.358034083992696,13.98486328125,0.11953228123371262,0.18894921500003647,0.2988629310000306
autoencoder,bottle/test/bottle_0422.obj,252,28704,65.01587301587301,0.4921875,4.375609756097561,14.015625,0.10902990657734199,0.09264887700004465,0.23130726799996637
autoencoder,bottle/test/bottle_0423.obj,252,28665,65.01587301587301,0.4921875,4.361685940353013,13.99658203125,0.12500344913959857,0.2419008449999751,0.39619697300003054
autoencoder,bottle/test/bottle_0424.obj,252,28643,65.01587301587301,0.4921875,4.366310975609756,13.98583984375,0.1277190509996679,0.18863391800005047,0.47671655300001703
autoencoder,bottle/test/bottle_0425.obj,252,28658,65.01587301587301,0.4921875,4.376603543066585,13.9931640625,0.12394384011643447,0.1457209309999712,0.5357859549999944
autoencoder,bottle/test/bottle_0426.obj,252,28669,65.01587301587301,0.4921875,4.370274390243902,13.99853515625,0.12381490611323473,0.24835537399997065,0.29328663100000085
autoencoder,bottle/test/bottle_0427.obj,252,28645,65.01587301587301,0.4921875,4.366615853658536,13.98681640625,0.1305752324631763,0.1095170990000156,0.447966799000028
autoencoder,bottle/test/bottle_0428.obj,252,28677,65.01587301587301,0.4921875,4.387545899632803,14.00244140625,0.12542882983258097,0.07697365000001355,0.3303781660000027
autoencoder,bottle/test/bottle_0429.obj,252,28665,65.01587301587301,0.4921875,4.377672571777642,13.99658203125,0.13075681633602054,0.14442183700003852,0.4623952720000375
autoencoder,bottle/test/bottle_0430.obj,252,28653,65.01587301587301,0.4921875,4.359860012172854,13.99072265625,0.11490909717982174,0.11811388000000989,0.7397658649999812
autoencoder,bottle/test/bottle_0431.obj,252,28637,65.01587301587301,0.4921875,4.357425441265977,13.98291015625,0.138352996216432,0.1354311089999669,0.29099019599999565
autoencoder,bottle/test/bottle_0432.obj,252,28681,65.01587301587301,0.4921875,4.372103658536585,14.00439453125,0.11634106393927296,0.05891168099998367,0.44611698099998875
autoencoder,bottle/test/bottle_0433.obj,252,28658,65.01587301587301,0.4921875,4.360620815581254,13.9931640625,0.11698152815865867,0.10652581100004,0.4142793880000113
autoencoder,bottle/test/bottle_0434.obj,248,28404,66.06451612903226,0.484375,4.3698461538461535,13.869140625,0.10674632299071315,0.15735616599999958,0.4442434100000128
autoencoder,bottle/test/bottle_0435.obj,252,28649,65.01587301587301,0.4921875,4.3592513694461354,13.98876953125,0.10190972389156977,0.08884826400003476,0.5126423410000029
autoencoder,bowl/test/bowl_0065.obj,252,28644,65.01587301587301,0.4921875,4.3584905660377355,13.986328125,0.19484632068516033,0.15765686400004597,0.30702869899999996
autoencoder,bowl/test/bowl_0066.obj,252,28624,65.01587301587301,0.4921875,4.355447352404139,13.9765625,0.19998580745051397,0.2673783039999762,0.5146632439999621
autoencoder,bowl/test/bowl_0067.obj,252,28651,65.01587301587301,0.4921875,4.359555690809495,13.98974609375,0.13186656829941254,0.2196752660000243,0.5090842999999836
autoencoder,bowl/test/bowl_0068.obj,252,28651,65.01587301587301,0.4921875,4.367530487804878,13.98974609375,0.16563302277892,0.087707077999994,0.3161405879999961
autoencoder,bowl/test/bowl_0069.obj,252,28612,65.01587301587301,0.4921875,4.385652973635806,13.970703125,0.22982780422268737,0.09255633300000454,0.3661356869999963
autoencoder,bowl/test/bowl_0070.obj,252,28650,65.01587301587301,0.4921875,4.359403530127815,13.9892578125,0.1334641262165077,0.13345561699998143,0.39687075200004074
autoencoder,bowl/test/bowl_0071.obj,252,28627,65.01587301587301,0.4921875,4.355903834449179,13.97802734375,0.17900911119777063,0.1724406910000198,0.5267380139999887
autoencoder,bowl/test/bowl_0072.obj,252,28657,65.01587301587301,0.4921875,4.368445121951219,13.99267578125,0.14143327480096515,0.4172316570000021,0.45689820100000134
autoencoder,bowl/test/bowl_0073.obj,252,28627,65.01587301587301,0.4921875,4.3638719512195125,13.97802734375,0.21091763498479152,0.08056664700001193,0.47800543599998946
autoencoder,bowl/test/bowl_0074.obj,252,28648,65.01587301587301,0.4921875,4.359099208764455,13.98828125,0.1102298397952848,0.20190862500004414,0.2637327209999967
autoencoder,bowl/test/bowl_0075.obj,252,28644,65.01587301587301,0.4921875,4.3584905660377355,13.986328125,0.15376167361339477,0.09727288800002043,0.3145088499999815
autoencoder,bowl/test/bowl_0076.obj,252,28629,65.01587301587301,0.4921875,4.356208155812538,13.97900390625,0.17380768071018526,0.11107796400000325,0.5927907820000087
autoencoder,bowl/test/bowl_0077.obj,252,28634,65.01587301587301,0.4921875,4.3729383017715335,13.9814453125,0.17835352754070544,0.275646026000004,0.5291421639999498
autoencoder,bowl/test/bowl_0078.obj,252,28617,65.01587301587301,0.4921875,4.35438222763238,13.97314453125,0.17421865240711218,0.11290401600001587,0.32666702900002065
autoencoder,bowl/test/bowl_0079.obj,252,28650,65.01587301587301,0.4921875,4.367378048780488,13.9892578125,0.14684553909867332,0.2510199409999814,0.43975810799997817
autoencoder,bowl/test/bowl_0080.obj,252,28625,65.01587301587301,0.4921875,4.3635670731707314,13.97705078125,0.18194442380815234,0.10986889199995176,0.46436940799998183
autoencoder,bowl/test/bowl_0081.obj,252,28627,65.01587301587301,0.4921875,4.3638719512195125,13.97802734375,0.20519412465533005,0.12280551200001355,0.5904560700000161
autoencoder,bowl/test/bowl_0082.obj,252,28683,65.01587301587301,0.4921875,4.36442483262325,14.00537109375,0.10868687221911333,0.135010670999975,0.2757231109999907
autoencoder,bowl/test/bowl_0083.obj,252,28746,65.01587301587301,0.4921875,4.382012195121951,14.0361328125,0.13804419340761326,0.09482247799996912,0.3327951499999813
autoencoder,bowl/test/bowl_0084.obj,252,28632,65.01587301587301,0.4921875,4.356664637857578,13.98046875,0.12468764514241995,0.10630095099998016,0.4754418880000344
autoencoder,car/test/car_0198.obj,252,28652,65.01587301587301,0.4921875,4.359707851491175,13.990234375,0.12882790935525268,0.13533225399999083,0.24269959699995525
autoencoder,car/test/car_0199.obj,250,28524,65.536,0.48828125,4.356139279169212,13.927734375,0.13865148737477268,0.1018558760000019,0.24269766499998013
autoencoder,car/test/car_0200.obj,252,28666,65.01587301587301,0.4921875,4.377825290164936,13.9970703125,0.11985273864115412,0.15191765999998097,0.43115852200003246
autoencoder,car/test/car_0201.obj,248,28391,66.06451612903226,0.484375,4.351778050275905,13.86279296875,0.11592095889877464,0.09667720999999574,0.6546035100000154
autoencoder,car/test/car_0202.obj,252,28695,65.01587301587301,0.4921875,4.366250760803409,14.01123046875,0.12008780736445615,0.15288103599999658,0.37282019299999547
autoencoder,car/test/car_0203.obj,250,28551,65.536,0.48828125,4.368268053855569,13.94091796875,0.15624281745560537,0.23433980300001167,0.5342202639999982
autoencoder,car/test/car_0204.obj,252,28659,65.01587301587301,0.4921875,4.36875,13.99365234375,0.12753960080216292,0.11869195799999943,0.5264342600000305
autoencoder,car/test/car_0205.obj,252,28662,65.01587301587301,0.4921875,4.369207317073171,13.9951171875,0.1290710675845838,0.1742657670000085,0.3066023009999981
autoencoder,car/test/car_0206.obj,244,28187,67.14754098360656,0.4765625,4.352532427424336,13.76318359375,0.12203584241560708,0.1113016200000061,0.2926689800000304
autoencoder,car/test/car_0207.obj,252,28690,65.01587301587301,0.4921875,4.365489957395009,14.0087890625,0.12888371756703434,0.09650807999997824,0.5111821570000075
autoencoder,car/test/car_0208.obj,252,28709,65.01587301587301,0.4921875,4.368381010346926,14.01806640625,0.13082764525309956,0.10925471799998832,0.2522290059999932
autoencoder,car/test/car_0209.obj,250,28543,65.536,0.48828125,4.3590409285277945,13.93701171875,0.1582557069162659,0.16839745100003256,0.4539790489999973
autoencoder,car/test/car_0210.obj,252,28644,65.01587301587301,0.4921875,4.3584905660377355,13.986328125,0.11565125333178525,0.1632573789999583,0.4693419459999859
autoencoder,car/test/car_0211.obj,252,28680,65.01587301587301,0.4921875,4.371951219512195,14.00390625,0.11116648855310018,0.11030495199997858,0.598938320000002
autoencoder,car/test/car_0212.obj,248,28407,66.06451612903226,0.484375,4.354230533415083,13.87060546875,0.1210093223037281,0.2823723180000002,0.4471432039999854
autoencoder,car/test/car_0213.obj,252,28665,65.01587301587301,0.4921875,4.361685940353013,13.99658203125,0.14620045610514856,0.1143449250000117,0.3913486330000069
autoencoder,car/test/car_0214.obj,240,27851,68.26666666666667,0.46875,4.332762912258867,13.59912109375,0.1371776146259819,0.1496317040000008,0.19838002799997412
autoencoder,car/test/car_0215.obj,252,28656,65.01587301587301,0.4921875,4.368292682926829,13.9921875,0.14581722666481078,0.08994282399999065,0.19729158999996343
autoencoder,car/test/car_0216.obj,252,28617,65.01587301587301,0.4921875,4.35438222763238,13.97314453125,0.12309212252402847,0.15208140400000048,0.25328298799996674
autoencoder,car/test/car_0217.obj,246,28242,66.60162601626017,0.48046875,4.344923076923077,13.7900390625,0.14311425528329527,0.08138612700003023,0.24867786999999453
autoencoder,car/test/car_0218.obj,252,28661,65.01587301587301,0.4921875,4.361077297626293,13.99462890625,0.11275792329450805,0.06575917500003925,0.20904789500002607
autoencoder,car/test/car_0219.obj,250,28493,65.536,0.48828125,4.359394124847001,13.91259765625,0.13341062512921636,0.04769855300003201,0.47564332199999626
autoencoder,car/test/car_0220.obj,248,28389,66.06451612903226,0.484375,4.367538461538461,13.86181640625,0.11992054366130607,0.13112580399996432,0.4332161460000066
autoencoder,car/test/car_0221.obj,252,28637,65.01587301587301,0.4921875,4.357425441265977,13.98291015625,0.13412178404765912,0.13383713900003613,0.2761361240000042
autoencoder,car/test/car_0222.obj,252,28687,65.01587301587301,0.4921875,4.3650334753499695,14.00732421875,0.12241282441933611,0.10518300499995803,0.3146158149999678
autoencoder,car/test/car_0223.obj,234,27419,70.01709401709402,0.45703125,4.330227416298168,13.38818359375,0.08526135216909858,0.17904647500000692,0.39515755900004024
autoencoder,car/test/car_0224.obj,252,28654,65.01587301587301,0.4921875,4.3600121728545345,13.9912109375,0.12471246301248573,0.09515770000001567,0.2877497759999983
autoencoder,car/test/car_0225.obj,252,28668,65.01587301587301,0.4921875,4.378130726939523,13.998046875,0.1294346148619226,0.1325578080000014,0.37852234199999657
autoencoder,car/test/car_0226.obj,248,28373,66.06451612903226,0.484375,4.349019006744329,13.85400390625,0.0818810105533632,0.12082228600002054,0.382216408999966
autoencoder,car/test/car_0227.obj,242,27964,67.70247933884298,0.47265625,4.35034225264468,13.654296875,0.09914287093230123,0.17291086799997402,0.2880435190000412
autoencoder,car/test/car_0228.obj,252,28650,65.01587301587301,0.4921875,4.359403530127815,13.9892578125,0.10066167634307843,0.15402424000001247,0.32287497599998005
autoencoder,car/test/car_0229.obj,250,28534,65.536,0.48828125,4.373697118332312,13.9326171875,0.13655277499022295,0.14364852500000325,0.328250507000007
autoencoder,car/test/car_0230.obj,252,28705,65.01587301587301,0.4921875,4.367772367620207,14.01611328125,0.12169143506750199,0.19831566599998496,0.4727555200000211
autoencoder,car/test/car_0231.obj,248,28435,66.06451612903226,0.484375,4.358522378908645,13.88427734375,0.11562622299417474,0.05188484000001381,0.3209657720000223
autoencoder,car/test/car_0232.obj,248,28398,66.06451612903226,0.484375,4.352851011649295,13.8662109375,0.10969164852355401,0.0576506699999868,0.2662443469999971
autoencoder,car/test/car_0233.obj,236,27588,69.42372881355932,0.4609375,4.332286432160804,13.470703125,0.10752389217999439,0.34784049800003913,0.30360712999998896
autoencoder,car/test/car_0234.obj,252,28712,65.01587301587301,0.4921875,4.376829268292683,14.01953125,0.11507983358263063,0.21090674900000295,0.21899490399999877
autoencoder,car/test/car_0235.obj,252,28661,65.01587301587301,0.4921875,4.369054878048781,13.99462890625,0.13782896524491553,0.04775113499999861,0.207580624000002
autoencoder,car/test/car_0236.obj,252,28724,65.01587301587301,0.4921875,4.370663420572124,14.025390625,0.12150782311707467,0.048798670999985916,0.18696124699999928
autoencoder,car/test/car_0237.obj,248,28398,66.06451612903226,0.484375,4.352851011649295,13.8662109375,0.1130352672224241,0.2403051150000124,0.379202547000034
autoencoder,car/test/car_0238.obj,252,28671,65.01587301587301,0.4921875,4.362598904443092,13.99951171875,0.1435600243642809,0.24115533399998412,0.44665242499996793
autoencoder,car/test/car_0239.obj,252,28679,65.01587301587301,0.4921875,4.379810629199755,14.00341796875,0.1292586043785685,0.15909753699997964,0.27923255999996854
autoencoder,car/test/car_0240.obj,252,28679,65.01587301587301,0.4921875,4.36381618989653,14.00341796875,0.11986402860084536,0.14111592199998313,0.44820789200002764
autoencoder,car/test/car_0241.obj,252,28710,65.01587301587301,0.4921875,4.368533171028607,14.0185546875,0.1304577674852952,0.2094364099999666,0.37416053100002955
autoencoder,car/test/car_0242.obj,252,28647,65.01587301587301,0.4921875,4.358947048082776,13.98779296875,0.1134153467146856,0.06943487699999196,0.7078883330000281
autoencoder,car/test/car_0243.obj,252,28656,65.01587301587301,0.4921875,4.360316494217894,13.9921875,0.1299522691639109,0.11796393600002375,0.6004156220000141
autoencoder,car/test/car_0244.obj,250,28572,65.536,0.48828125,4.371481028151774,13.951171875,0.15012018569870922,0.2203171499999712,0.316053893000003
autoencoder,car/test/car_0245.obj,252,28664,65.01587301587301,0.4921875,4.369512195121951,13.99609375,0.12024465209186748,0.23154514599997356,0.4688707480000289
autoencoder,car/test/car_0246.obj,252,28727,65.01587301587301,0.4921875,4.371119902617163,14.02685546875,0.10752434978678949,0.09620594699998719,0.4672597709999877
autoencoder,car/test/car_0247.obj,252,28676,65.01587301587301,0.4921875,4.363359707851491,14.001953125,0.15831348861409336,0.1210332300000232,0.4532696480000027
autoencoder,car/test/car_0248.obj,252,28697,65.01587301587301,0.4921875,4.37454268292683,14.01220703125,0.10968956230324592,0.25135839600000054,0.46553987900000493
autoencoder,car/test/car_0249.obj,252,28658,65.01587301587301,0.4921875,4.360620815581254,13.9931640625,0.15094555258060927,0.19579274400001623,0.3849524610000117
autoencoder,car/test/car_0250.obj,252,28660,65.01587301587301,0.4921875,4.3689024390243905,13.994140625,0.12064712902024745,0.23532817500000647,0.41477609800000437
autoencoder,car/test/car_0251.obj,252,28666,65.01587301587301,0.4921875,4.361838101034692,13.9970703125,0.10043385061788886,0.10131132700001899,0.3980657820000033
autoencoder,car/test/car_0252.obj,238,27774,68.84033613445378,0.46484375,4.345118898623279,13.5615234375,0.12904959019082946,0.0809980069999483,0.5684901299999865
autoencoder,car/test/car_0253.obj,248,28418,66.06451612903226,0.484375,4.363943488943489,13.8759765625,0.11165764705953221,0.19424495199996272,0.37393084400002863
autoencoder,car/test/car_0254.obj,252,28659,65.01587301587301,0.4921875,4.3607729762629335,13.99365234375,0.140166759426934,0.2107433649999848,0.4703511159999607
autoencoder,car/test/car_0255.obj,252,28665,65.01587301587301,0.4921875,4.361685940353013,13.99658203125,0.12046017822301555,0.17528212100000928,0.5668445889999703
autoencoder,car/test/car_0256.obj,252,28676,65.01587301587301,0.4921875,4.363359707851491,14.001953125,0.12876337911037283,0.20255021899998837,0.5043105809999702
autoencoder,car/test/car_0257.obj,252,28696,65.01587301587301,0.4921875,4.366402921485088,14.01171875,0.11795868178588433,0.0795656750000262,0.35720106400003715
autoencoder,car/test/car_0258.obj,252,28669,65.01587301587301,0.4921875,4.3863219094247246,13.99853515625,0.1559459171731371,0.21100506200002656,0.5489737050000372
autoencoder,car/test/car_0259.obj,252,28683,65.01587301587301,0.4921875,4.36442483262325,14.00537109375,0.1162783924831609,0.10433231400003251,0.6157486070000004
autoencoder,car/test/car_0260.obj,252,28649,65.01587301587301,0.4921875,4.383261933904529,13.98876953125,0.1344021979578958,0.10759678699997721,0.25562511800001175
autoencoder,car/test/car_0261.obj,250,28502,65.536,0.48828125,4.360771113831089,13.9169921875,0.1406713562249759,0.24853406699998004,0.7542679949999638
autoencoder,car/test/car_0262.obj,250,28538,65.536,0.48828125,4.358277336591326,13.9345703125,0.11305942524996848,0.15481533499996658,0.4803484110000227
autoencoder,car/test/car_0263.obj,252,28664,65.01587301587301,0.4921875,4.3615337796713325,13.99609375,0.14526439152388865,0.14184482399997478,0.39287242000000333
autoencoder,car/test/car_0264.obj,252,28691,65.01587301587301,0.4921875,4.373628048780488,14.00927734375,0.11200468339468311,0.2592974769999614,0.4209121629999686
autoencoder,car/test/car_0265.obj,252,28666,65.01587301587301,0.4921875,4.361838101034692,13.9970703125,0.11949423148671377,0.19939284299999827,0.4542130899999961
autoencoder,car/test/car_0266.obj,252,28663,65.01587301587301,0.4921875,4.3773671350030545,13.99560546875,0.11518020293727925,0.23119106699999747,0.24761553500002265
autoencoder,car/test/car_0267.obj,252,28682,65.01587301587301,0.4921875,4.3642726719415705,14.0048828125,0.10879160382471437,0.09538070299998935,0.2328200850000144
autoencoder,car/test/car_0268.obj,252,28640,65.01587301587301,0.4921875,4.357881923311017,13.984375,0.12425344158887032,0.1286701980000089,0.44579700100001673
autoencoder,car/test/car_0269.obj,252,28690,65.01587301587301,0.4921875,4.365489957395009,14.0087890625,0.12293975507323356,0.10604975399996874,0.6396917710000025
autoencoder,car/test/car_0270.obj,252,28641,65.01587301587301,0.4921875,4.358034083992696,13.98486328125,0.11075219611350795,0.19069555300001184,0.2911180239999567
autoencoder,car/test/car_0271.obj,242,27991,67.70247933884298,0.47265625,4.3464285714285715,13.66748046875,0.08258336979096033,0.08073359999997365,0.4269272829999977
autoencoder,car/test/car_0272.obj,252,28705,65.01587301587301,0.4921875,4.375762195121951,14.01611328125,0.1165588026066045,0.0670514000000253,0.34666329899999937
autoencoder,car/test/car_0273.obj,248,28378,66.06451612903226,0.484375,4.349785407725322,13.8564453125,0.12370437526418374,0.1122622359999923,0.26786422899999707
autoencoder,car/test/car_0274.obj,230,27177,71.23478260869565,0.44921875,4.316550190597205,13.27001953125,0.14988150356517627,0.17739848500002608,0.14005296999999928
autoencoder,car/test/car_0275.obj,252,28664,65.01587301587301,0.4921875,4.3615337796713325,13.99609375,0.11444864559702227,0.11421296200001052,0.2235397149999585
autoencoder,car/test/car_0276.obj,250,28511,65.536,0.48828125,4.354153940134392,13.92138671875,0.11869228473936662,0.11957166600001301,0.23083116999998765
autoencoder,car/test/car_0277.obj,252,28660,65.01587301587301,0.4921875,4.360925136944614,13.994140625,0.11124098523386272,0.08966648099999475,0.721078939999984
autoencoder,car/test/car_0278.obj,252,28650,65.01587301587301,0.4921875,4.367378048780488,13.9892578125,0.11890170143274784,0.1454351860000429,0.5180590479999978
autoencoder,car/test/car_0279.obj,250,28499,65.536,0.48828125,4.352321319486866,13.91552734375,0.13119247357370076,0.20849052300002313,0.3828566189999947
autoencoder,car/test/car_0280.obj,252,28678,65.01587301587301,0.4921875,4.371646341463415,14.0029296875,0.14146665377361695,0.19730619900002466,0.40753810399996837
autoencoder,car/test/car_0281.obj,252,28676,65.01587301587301,0.4921875,4.363359707851491,14.001953125,0.14598125761630007,0.21785980499998914,0.3709384769999815
autoencoder,car/test/car_0282.obj,252,28636,65.01587301587301,0.4921875,4.357273280584297,13.982421875,0.1803179805755541,0.13019812699997146,0.2973209230000293
autoencoder,car/test/car_0283.obj,250,28509,65.536,0.48828125,4.353848503359805,13.92041015625,0.09546556743461215,0.12591386399998328,0.21300596100002167
autoencoder,car/test/car_0284.obj,252,28691,65.01587301587301,0.4921875,4.365642118076689,14.00927734375,0.14167192725581843,0.1204817359999879,0.24563685399999713
autoencoder,car/test/car_0285.obj,252,28655,65.01587301587301,0.4921875,4.360164333536214,13.99169921875,0.11777284442220788,0.11927834900001244,0.45392814900003486
autoencoder,car/test/car_0286.obj,252,28680,65.01587301587301,0.4921875,4.363968350578211,14.00390625,0.10163212280871131,0.18296965500002216,0.29674469999997655
autoencoder,car/test/car_0287.obj,244,28172,67.14754098360656,0.4765625,4.350216182828906,13.755859375,0.14560331855441888,0.07867060299997775,0.2774889190000067
autoencoder,car/test/car_0288.obj,252,28659,65.01587301587301,0.4921875,4.3607729762629335,13.99365234375,0.15530889007852117,0.10967861500000708,0.2578107589999945
autoencoder,car/test/car_0289.obj,250,28515,65.536,0.48828125,4.370784794604537,13.92333984375,0.12590055235338865,0.14394676499995285,0.18600445800001353
autoencoder,car/test/car_0290.obj,252,28671,65.01587301587301,0.4921875,4.362598904443092,13.99951171875,0.13001998368938986,0.05061787199997525,0.20779357899999695
autoencoder,car/test/car_0291.obj,252,28664,65.01587301587301,0.4921875,4.369512195121951,13.99609375,0.13105844531690977,0.24867522799996777,0.5121559819999675
autoencoder,car/test/car_0292.obj,252,28665,65.01587301587301,0.4921875,4.361685940353013,13.99658203125,0.15494164493673418,0.08556819299997187,0.29647503699999334
autoencoder,car/test/car_0293.obj,252,28711,65.01587301587301,0.4921875,4.384697617593158,14.01904296875,0.1260536366235657,0.12742639300000747,0.4191336240000396
autoencoder,car/test/car_0294.obj,252,28646,65.01587301587301,0.4921875,4.366768292682927,13.9873046875,0.10819409837818966,0.09939507699999695,0.5107564379999872
autoencoder,car/test/car_0295.obj,248,28428,66.06451612903226,0.484375,4.373538461538462,13.880859375,0.1349510862005223,0.2218160660000308,0.24546828499995854
autoencoder,car/test/car_0296.obj,252,28695,65.01587301587301,0.4921875,4.374237804878049,14.01123046875,0.10887535888524974,0.1391407159999858,0.4847857170000225
autoencoder,car/test/car_0297.obj,252,28681,65.01587301587301,0.4921875,4.36412051125989,14.00439453125,0.10520573759074767,0.2652760909999756,0.44061990400001605
autoencoder,chair/test/chair_0890.obj,252,28677,65.01587301587301,0.4921875,4.371493902439024,14.00244140625,0.10940457120657049,0.1590844039999979,0.4424664979999875
autoencoder,chair/test/chair_0891.obj,230,27230,71.23478260869565,0.44921875,4.316740646797717,13.2958984375,0.1051788107284285,0.04897177599997349,0.29773369299999786
autoencoder,chair/test/chair_0892.obj,246,28291,66.60162601626017,0.48046875,4.360511713933415,13.81396484375,0.0822815598453436,0.1900596739999969,0.5605409490000284
autoencoder,chair/test/chair_0893.obj,252,28641,65.01587301587301,0.4921875,4.358034083992696,13.98486328125,0.09809295023253481,0.2191696909999905,0.35973068199996305
autoencoder,chair/test/chair_0894.obj,252,28680,65.01587301587301,0.4921875,4.363968350578211,14.00390625,0.1188625998269878,0.11226873799995474,0.32014507600001707
autoencoder,chair/test/chair_0895.obj,252,28655,65.01587301587301,0.4921875,4.360164333536214,13.99169921875,0.08606434073823652,0.11450821700003644,0.18868568300001698
autoencoder,chair/test/chair_0896.obj,252,28757,65.01587301587301,0.4921875,4.375684723067559,14.04150390625,0.09316625531379227,0.08304092999998147,0.2509393779999982
autoencoder,chair/test/chair_0897.obj,252,28717,65.01587301587301,0.4921875,4.369598295800365,14.02197265625,0.1083942098924204,0.08548061699997334,0.24350715399998535
autoencoder,chair/test/chair_0898.obj,248,28411,66.06451612903226,0.484375,4.379007398273736,13.87255859375,0.08301182466071158,0.08537753999996767,0.528680928999961
autoencoder,chair/test/chair_0899.obj,252,28697,65.01587301587301,0.4921875,4.3665550821667685,14.01220703125,0.09193651849752923,0.21117843199999697,0.4749410349999721
autoencoder,chair/test/chair_0900.obj,248,28407,66.06451612903226,0.484375,4.354230533415083,13.87060546875,0.1191546567019045,0.10720350399998324,0.41469676399998434
autoencoder,chair/test/chair_0901.obj,244,28136,67.14754098360656,0.4765625,4.3446571957998765,13.73828125,0.08423427580339389,0.14883776499999612,0.4340856430000031
autoencoder,chair/test/chair_0902.obj,248,28401,66.06451612903226,0.484375,4.3533108522378905,13.86767578125,0.09059926049036555,0.13126276499997402,0.3102621079999608
autoencoder,chair/test/chair_0903.obj,252,28678,65.01587301587301,0.4921875,4.363664029214851,14.0029296875,0.10232075876695594,0.13673801299995603,0.5690547869999705
autoencoder,chair/test/chair_0904.obj,252,28679,65.01587301587301,0.4921875,4.371798780487805,14.00341796875,0.0994511065443768,0.1393258450000303,0.8243438670000387
autoencoder,chair/test/chair_0905.obj,250,28590,65.536,0.48828125,4.366218692730604,13.9599609375,0.0971964986318585,0.18272671400001173,0.4175642659999994
autoencoder,chair/test/chair_0906.obj,252,28713,65.01587301587301,0.4921875,4.376981707317073,14.02001953125,0.09841072978313575,0.07787023200000931,0.4066220059999637
autoencoder,chair/test/chair_0907.obj,246,28279,66.60162601626017,0.48046875,4.350615384615384,13.80810546875,0.12013687334505405,0.2115470179999761,0.4360802130000252
autoencoder,chair/test/chair_0908.obj,234,27552,70.01709401709402,0.45703125,4.343001261034048,13.453125,0.08777665327476182,0.2585858470000062,0.36696314599998914
autoencoder,chair/test/chair_0909.obj,244,28173,67.14754098360656,0.4765625,4.358446782178218,13.75634765625,0.0841550900086908,0.12912293800002317,0.2510125910000056
autoencoder,chair/test/chair_0910.obj,252,28727,65.01587301587301,0.4921875,4.38714111178986,14.02685546875,0.09819598995506909,0.14042484899999863,0.3038058279999518
autoencoder,chair/test/chair_0911.obj,238,27715,68.84033613445378,0.46484375,4.327763897564022,13.53271484375,0.11755005081244713,0.09251861899997493,0.24225450599999476
autoencoder,chair/test/chair_0912.obj,232,27365,70.62068965517241,0.453125,4.321699305116867,13.36181640625,0.08524840997636234,0.06305414500002371,0.1754136229999972
autoencoder,chair/test/chair_0913.obj,248,28419,66.06451612903226,0.484375,4.356069895769466,13.87646484375,0.07819604461006513,0.07818623100001787,0.5181049770000072
autoencoder,chair/test/chair_0914.obj,234,27453,70.01709401709402,0.45703125,4.327395964691046,13.40478515625,0.08535447817151612,0.046980248000011215,0.341168252999978
autoencoder,chair/test/chair_0915.obj,252,28707,65.01587301587301,0.4921875,4.376067073170732,14.01708984375,0.08362982007027386,0.10969472600004337,0.6738220830000046
autoencoder,chair/test/chair_0916.obj,250,28530,65.536,0.48828125,4.357055589492975,13.9306640625,0.0966886375987706,0.10745485799998278,0.2580504039999596
autoencoder,chair/test/chair_0917.obj,236,27574,69.42372881355932,0.4609375,4.330087939698492,13.4638671875,0.10390267700833986,0.14172249900002498,0.4829123319999553
autoencoder,chair/test/chair_0918.obj,252,28753,65.01587301587301,0.4921875,4.37507608034084,14.03955078125,0.09161188991109215,0.14469105099999524,0.4877455350000446
autoencoder,chair/test/chair_0919.obj,252,28682,65.01587301587301,0.4921875,4.388310893512852,14.0048828125,0.06077250643820408,0.21526499600003035,0.33816787400002113
autoencoder,chair/test/chair_0920.obj,242,27987,67.70247933884298,0.47265625,4.337724736515809,13.66552734375,0.1409338940190143,0.1694933030000243,0.23146884700003056
autoencoder,chair/test/chair_0921.obj,248,28400,66.06451612903226,0.484375,4.361179361179361,13.8671875,0.11915176257813286,0.05633638199998359,0.30479812900000525
autoencoder,chair/test/chair_0922.obj,248,28416,66.06451612903226,0.484375,4.355610055180871,13.875,0.0968019098853613,0.16512211500003104,0.44094149000000016
autoencoder,chair/test/chair_0923.obj,246,28338,66.60162601626017,0.48046875,4.367755856966708,13.8369140625,0.10543719118167767,0.12778227100000095,0.31008010600004354
autoencoder,chair/test/chair_0924.obj,252,28667,65.01587301587301,0.4921875,4.361990261716373,13.99755859375,0.09363102628371933,0.1121806830000196,0.43215187600003446
autoencoder,chair/test/chair_0925.obj,252,28720,65.01587301587301,0.4921875,4.378048780487805,14.0234375,0.0891222275537856,0.09432107200001383,0.36419780299996773
autoencoder,chair/test/chair_0926.obj,246,28280,66.60162601626017,0.48046875,4.350769230769231,13.80859375,0.08777358421691939,0.17085089800002606,0.5075844849999953
autoencoder,chair/test/chair_0927.obj,250,28571,65.536,0.48828125,4.363317043372022,13.95068359375,0.07813361533163914,0.2697086150000132,0.47843744500005414
autoencoder,chair/test/chair_0928.obj,240,27862,68.26666666666667,0.46875,4.350718301061836,13.6044921875,0.12253669132817202,0.2139372089999938,0.36373223300000745
autoencoder,chair/test/chair_0929.obj,252,28702,65.01587301587301,0.4921875,4.383323152107514,14.0146484375,0.09592933627554981,0.15842009799996504,0.31003413000001956
autoencoder,chair/test/chair_0930.obj,238,27768,68.84033613445378,0.46484375,4.336039975015615,13.55859375,0.10301343428955728,0.094694818999983,0.22608563900001855
autoencoder,chair/test/chair_0931.obj,252,28669,65.01587301587301,0.4921875,4.378283445326818,13.99853515625,0.11185855741401789,0.17256483099998832,0.41762923399994634
autoencoder,chair/test/chair_0932.obj,244,28163,67.14754098360656,0.4765625,4.348826436071649,13.75146484375,0.10369196519817751,0.18031661300000223,0.5168943529999979
autoencoder,chair/test/chair_0933.obj,252,28679,65.01587301587301,0.4921875,4.371798780487805,14.00341796875,0.12049182366026909,0.07676885600000105,0.3768321809999975
autoencoder,chair/test/chair_0934.obj,252,28727,65.01587301587301,0.4921875,4.371119902617163,14.02685546875,0.06770328573129711,0.10851630499996645,0.355485453999961
autoencoder,chair/test/chair_0935.obj,248,28455,66.06451612903226,0.484375,4.361587982832618,13.89404296875,0.06406293297847025,0.29268143100000543,0.40058774900001026
autoencoder,chair/test/chair_0936.obj,252,28658,65.01587301587301,0.4921875,4.368597560975609,13.9931640625,0.07682859929878491,0.20196615399999018,0.3338442490000375
autoencoder,chair/test/chair_0937.obj,250,28542,65.536,0.48828125,4.358888210140501,13.9365234375,0.10158749924052168,0.22564657700002044,0.3861390200000301
autoencoder,chair/test/chair_0938.obj,240,27905,68.26666666666667,0.46875,4.341163658991911,13.62548828125,0.09149767776505094,0.10541194000001042,0.26686966200003326
autoencoder,chair/test/chair_0939.obj,252,28712,65.01587301587301,0.4921875,4.3688374923919655,14.01953125,0.08524838849312774,0.1438751629999615,0.43220834400000285
autoencoder,chair/test/chair_0940.obj,240,27893,68.26666666666667,0.46875,4.339296826384568,13.61962890625,0.10010928406478718,0.14941523800001733,0.4496669190000375
autoencoder,chair/test/chair_0941.obj,238,27752,68.84033613445378,0.46484375,4.333541536539663,13.55078125,0.09031854410769097,0.13417884400001867,0.21511825299995735
autoencoder,chair/test/chair_0942.obj,232,27330,70.62068965517241,0.453125,4.316171825647505,13.3447265625,0.08678494060874742,0.0596834400000148,0.2616909230000033
autoencoder,chair/test/chair_0943.obj,244,28152,67.14754098360656,0.4765625,4.35519801980198,13.74609375,0.07211912906085595,0.08396099399999457,0.6181511130000104
autoencoder,chair/test/chair_0944.obj,238,27779,68.84033613445378,0.46484375,4.34590112640801,13.56396484375,0.09919786371913115,0.3348626609999883,0.39127028699999755
autoencoder,chair/test/chair_0945.obj,248,28412,66.06451612903226,0.484375,4.363022113022113,13.873046875,0.09501621433388985,0.12805727300002445,0.2432069850000289
autoencoder,chair/test/chair_0946.obj,252,28678,65.01587301587301,0.4921875,4.363664029214851,14.0029296875,0.09115699431333277,0.11746327700001302,0.42510031300002993
autoencoder,chair/test/chair_0947.obj,248,28415,66.06451612903226,0.484375,4.363482800982801,13.87451171875,0.07704207507470616,0.17572524999997086,0.4645248320000519
autoencoder,chair/test/chair_0948.obj,244,28194,67.14754098360656,0.4765625,4.361695544554456,13.7666015625,0.09177862788840743,0.1523309309999945,0.48436619199998177
autoencoder,chair/test/chair_0949.obj,246,28256,66.60162601626017,0.48046875,4.355117139334156,13.796875,0.10178961607635587,0.22979632199997013,0.40019713399999546
autoencoder,chair/test/chair_0950.obj,250,28544,65.536,0.48828125,4.359193646915089,13.9375,0.07730850649957034,0.12374574699998675,0.34356513500000574
autoencoder,chair/test/chair_0951.obj,252,28729,65.01587301587301,0.4921875,4.3794207317073175,14.02783203125,0.09252293000911915,0.0656065329999933,0.4516666020000457
autoencoder,chair/test/chair_0952.obj,246,28256,66.60162601626017,0.48046875,4.355117139334156,13.796875,0.07548209130881167,0.21737573699999757,0.6963651840000011
autoencoder,chair/test/chair_0953.obj,248,28385,66.06451612903226,0.484375,4.358875921375922,13.85986328125,0.10788532992470654,0.19602287100002513,0.5163427909999996
autoencoder,chair/test/chair_0954.obj,252,28660,65.01587301587301,0.4921875,4.360925136944614,13.994140625,0.09536565096620461,0.11012973700002249,0.5340075290000073
autoencoder,chair/test/chair_0955.obj,218,26419,75.1559633027523,0.42578125,4.286015574302401,12.89990234375,0.09240143345297883,0.055264943999986826,0.3213367819999462
autoencoder,chair/test/chair_0956.obj,250,28575,65.536,0.48828125,4.371940024479804,13.95263671875,0.12314554088696318,0.20778207799997972,0.36527163499999915
autoencoder,chair/test/chair_0957.obj,246,28284,66.60162601626017,0.48046875,4.351384615384616,13.810546875,0.09686217481922668,0.25085273599995617,0.5068922410000027
autoencoder,chair/test/chair_0958.obj,252,28735,65.01587301587301,0.4921875,4.380335365853658,14.03076171875,0.08600794023275016,0.13958631600002036,0.6559914869999943
autoencoder,chair/test/chair_0959.obj,248,28428,66.06451612903226,0.484375,4.365479115479116,13.880859375,0.08806706984580442,0.16503489600000876,0.3678678619999687
autoencoder,chair/test/chair_0960.obj,246,28264,66.60162601626017,0.48046875,4.356350184956844,13.80078125,0.08492087997425274,0.17265378200005443,0.46553108899996687
autoencoder,chair/test/chair_0961.obj,250,28525,65.536,0.48828125,4.372317596566524,13.92822265625,0.10533629061562838,0.22151371799998287,0.4795009160000063
autoencoder,chair/test/chair_0962.obj,244,28218,67.14754098360656,0.4765625,4.3573193329215565,13.7783203125,0.10817095742664462,0.16701565500000015,0.3978257839999628
autoencoder,chair/test/chair_0963.obj,238,27758,68.84033613445378,0.46484375,4.334478450968145,13.5537109375,0.08955877345007797,0.15020901000002596,0.2999526869999727
autoencoder,chair/test/chair_0964.obj,236,27602,69.42372881355932,0.4609375,4.326332288401254,13.4775390625,0.09063672359278009,0.2006863589999739,0.5952335800000128
autoencoder,chair/test/chair_0965.obj,236,27663,69.42372881355932,0.4609375,4.344064070351759,13.50732421875,0.08204330395352558,0.10097383999999465,0.4037782780000043
autoencoder,chair/test/chair_0966.obj,252,28712,65.01587301587301,0.4921875,4.376829268292683,14.01953125,0.0877599373763645,0.053327196999987336,0.28828604500000665
autoencoder,chair/test/chair_0967.obj,228,27106,71.85964912280701,0.4453125,4.313494589433482,13.2353515625,0.12259070111130302,0.09323944200002643,0.46328293999999914
autoencoder,chair/test/chair_0968.obj,240,27916,68.26666666666667,0.46875,4.359150530918176,13.630859375,0.08344319078986064,0.13230183600001055,0.49536226599997235
autoencoder,chair/test/chair_0969.obj,252,28668,65.01587301587301,0.4921875,4.386168910648715,13.998046875,0.08031267413914567,0.29280686800001376,0.3926925299999766
autoencoder,chair/test/chair_0970.obj,248,28414,66.06451612903226,0.484375,4.363329238329238,13.8740234375,0.10862065840443574,0.0733478970000192,0.27862641100000474
autoencoder,chair/test/chair_0971.obj,252,28663,65.01587301587301,0.4921875,4.369359756097561,13.99560546875,0.09642138566045494,0.11668257200000198,0.44518597000001137
autoencoder,chair/test/chair_0972.obj,246,28308,66.60162601626017,0.48046875,4.355076923076923,13.822265625,0.11472998862054709,0.18621772099999134,0.6196001879999926
autoencoder,chair/test/chair_0973.obj,236,27571,69.42372881355932,0.4609375,4.3214733542319745,13.46240234375,0.10357865684985382,0.20987139400000387,0.4704715979999605
autoencoder,chair/test/chair_0974.obj,252,28625,65.01587301587301,0.4921875,4.355599513085819,13.97705078125,0.09903581774215398,0.14372564100000318,0.31278396799996244
autoencoder,chair/test/chair_0975.obj,252,28685,65.01587301587301,0.4921875,4.372713414634147,14.00634765625,0.09836623054905622,0.0896517239999639,0.32011662799999385
autoencoder,chair/test/chair_0976.obj,246,28338,66.60162601626017,0.48046875,4.359692307692308,13.8369140625,0.1463579088922816,0.08669416200001479,0.3924344360000305
autoencoder,chair/test/chair_0977.obj,252,28716,65.01587301587301,0.4921875,4.3774390243902435,14.021484375,0.09646933582173572,0.07500625800003036,0.44125894100000096
autoencoder,chair/test/chair_0978.obj,252,28686,65.01587301587301,0.4921875,4.372865853658537,14.0068359375,0.09752221715383547,0.19481212799996683,0.3799964349999527
autoencoder,chair/test/chair_0979.obj,248,28405,66.06451612903226,0.484375,4.3539239730226855,13.86962890625,0.09753416479609658,0.11852614100001801,0.5923223460000031
autoencoder,chair/test/chair_0980.obj,250,28585,65.536,0.48828125,4.365455100794136,13.95751953125,0.11326988719209502,0.10225109700002122,0.28842195300001094
autoencoder,chair/test/chair_0981.obj,240,27932,68.26666666666667,0.46875,4.369837296620776,13.638671875,0.06553303495341431,0.051493579000009504,0.2897432780000031
autoencoder,chair/test/chair_0982.obj,236,27604,69.42372881355932,0.4609375,4.342983008181246,13.478515625,0.09158605464853231,0.09696966800004247,0.5114160280000419
autoencoder,chair/test/chair_0983.obj,246,28301,66.60162601626017,0.48046875,4.362053020961776,13.81884765625,0.09865982230978561,0.20794338600001083,0.44218884099996103
autoencoder,chair/test/chair_0984.obj,246,28264,66.60162601626017,0.48046875,4.348307692307692,13.80078125,0.1010777593334264,0.22925479299999552,0.5918640859999869
autoencoder,chair/test/chair_0985.obj,242,27975,67.70247933884298,0.47265625,4.360193266832917,13.65966796875,0.08996890671446794,0.19343925900000158,0.45436181399998077
autoencoder,chair/test/chair_0986.obj,242,28035,67.70247933884298,0.47265625,4.345164290142591,13.68896484375,0.09622685183047722,0.10677473200001941,0.4309853269999735
autoencoder,chair/test/chair_0987.obj,248,28449,66.06451612903226,0.484375,4.360668301655426,13.89111328125,0.08729555498677541,0.205163921999997,0.3253894210000112
autoencoder,chair/test/chair_0988.obj,250,28545,65.536,0.48828125,4.3593463653023825,13.93798828125,0.09047744501437077,0.23587046400001555,0.45724289499997894
autoencoder,chair/test/chair_0989.obj,246,28258,66.60162601626017,0.48046875,4.347384615384615,13.7978515625,0.10373887697210679,0.19697249400002192,0.5581453480000391
autoencoder,cone/test/cone_0168.obj,252,28655,65.01587301587301,0.4921875,4.360164333536214,13.99169921875,0.10191574290301272,0.08194003700003805,0.38423683299998856
autoencoder,cone/test/cone_0169.obj,252,28646,65.01587301587301,0.4921875,4.358794887401095,13.9873046875,0.11629708325831581,0.11528264999998328,0.5617170010000336
autoencoder,cone/test/cone_0170.obj,252,28641,65.01587301587301,0.4921875,4.358034083992696,13.98486328125,0.1068746151241078,0.12144818299998406,0.22757894599999418
autoencoder,cone/test/cone_0171.obj,252,28688,65.01587301587301,0.4921875,4.373170731707317,14.0078125,0.09889317533629594,0.09498003499999186,0.407649962999983
autoencoder,cone/test/cone_0172.obj,252,28708,65.01587301587301,0.4921875,4.376219512195122,14.017578125,0.11724643579386043,0.11972620999995343,0.6472296940000319
autoencoder,cone/test/cone_0173.obj,252,28655,65.01587301587301,0.4921875,4.360164333536214,13.99169921875,0.12869977655981263,0.1265750340000409,0.3077745440000399
autoencoder,cone/test/cone_0174.obj,252,28685,65.01587301587301,0.4921875,4.388769889840881,14.00634765625,0.1270417427726503,0.21695692800000188,0.44005108899995093
autoencoder,cone/test/cone_0175.obj,252,28639,65.01587301587301,0.4921875,4.3577297626293365,13.98388671875,0.09891589994771018,0.14906016800000543,0.3291980769999441
autoencoder,cone/test/cone_0176.obj,252,28694,65.01587301587301,0.4921875,4.3740853658536585,14.0107421875,0.12051950190841954,0.21753998600001978,0.4922056899999916
autoencoder,cone/test/cone_0177.obj,252,28699,65.01587301587301,0.4921875,4.366859403530128,14.01318359375,0.0985626019869433,0.09926024699996105,0.4411645300000373
autoencoder,cone/test/cone_0178.obj,250,28527,65.536,0.48828125,4.356597434331094,13.92919921875,0.11022218746798318,0.16051126600001453,0.4611941840000213
autoencoder,cone/test/cone_0179.obj,252,28702,65.01587301587301,0.4921875,4.3673158855751675,14.0146484375,0.10923858091392585,0.11383265499995332,0.47493010700003424
autoencoder,cone/test/cone_0180.obj,252,28721,65.01587301587301,0.4921875,4.370206938527085,14.02392578125,0.11714951753565596,0.07134926300000188,0.5302016780000258
autoencoder,cone/test/cone_0181.obj,252,28709,65.01587301587301,0.4921875,4.368381010346926,14.01806640625,0.10157068065234579,0.11237735499997825,0.25639406899995265
autoencoder,cone/test/cone_0182.obj,252,28628,65.01587301587301,0.4921875,4.356055995130858,13.978515625,0.1255452827606427,0.1471750839999686,0.42632529799999475
autoencoder,cone/test/cone_0183.obj,252,28575,65.01587301587301,0.4921875,4.355945121951219,13.95263671875,0.11060296590941607,0.20506867000000284,0.4421774979999782
autoencoder,cone/test/cone_0184.obj,252,28696,65.01587301587301,0.4921875,4.382406841783751,14.01171875,0.09276879632716624,0.12041633100000126,0.6289521520000108
autoencoder,cone/test/cone_0185.obj,252,28592,65.01587301587301,0.4921875,4.3585365853658535,13.9609375,0.09910351023748028,0.2648689890000355,0.39365751299999374
autoencoder,cone/test/cone_0186.obj,252,28716,65.01587301587301,0.4921875,4.369446135118685,14.021484375,0.09294713151109923,0.07387206800001422,0.5509885490000102
autoencoder,cone/test/cone_0187.obj,252,28567,65.01587301587301,0.4921875,4.346774193548387,13.94873046875,0.14645282841457063,0.1954739459999928,0.40710421599999336
autoencoder,cup/test/cup_0080.obj,250,28508,65.536,0.48828125,4.361689106487148,13.919921875,0.1009688573155449,0.24048413499997423,0.4543791209999881
autoencoder,cup/test/cup_0081.obj,252,28673,65.01587301587301,0.4921875,4.362903225806452,14.00048828125,0.1038336008807462,0.24346382700002778,0.5310300540000412
autoencoder,cup/test/cup_0082.obj,250,28517,65.536,0.48828125,4.355070250458155,13.92431640625,0.12298787667432393,0.17367230100001052,0.29963058599997794
autoencoder,cup/test/cup_0083.obj,252,28644,65.01587301587301,0.4921875,4.3584905660377355,13.986328125,0.18255900212622336,0.3644490830000109,0.6051377990000333
autoencoder,cup/test/cup_0084.obj,252,28673,65.01587301587301,0.4921875,4.362903225806452,14.00048828125,0.12685217816231636,0.15029205000001866,0.43117567199999485
autoencoder,cup/test/cup_0085.obj,252,28653,65.01587301587301,0.4921875,4.359860012172854,13.99072265625,0.1194502870930133,0.24735730300000114,0.567729015999987
autoencoder,cup/test/cup_0086.obj,252,28627,65.01587301587301,0.4921875,4.3638719512195125,13.97802734375,0.10654567043597363,0.2620441029999938,0.7747838409999872
autoencoder,cup/test/cup_0087.obj,252,28642,65.01587301587301,0.4921875,4.358186244674376,13.9853515625,0.12837421077117211,0.23494662699999935,0.7742135830000052
autoencoder,cup/test/cup_0088.obj,252,28667,65.01587301587301,0.4921875,4.361990261716373,13.99755859375,0.09451471501124702,0.3020366270000068,0.7671445010000184
autoencoder,cup/test/cup_0089.obj,250,28544,65.536,0.48828125,4.367197062423501,13.9375,0.12223093087256921,0.23908568199999536,0.6977342740000267
autoencoder,cup/test/cup_0090.obj,252,28618,65.01587301587301,0.4921875,4.354534388314059,13.9736328125,0.07283268057960712,0.2623991730000057,0.6006398310000236
autoencoder,cup/test/cup_0091.obj,250,28482,65.536,0.48828125,4.349725106902871,13.9072265625,0.10286020067501789,0.2517644819999987,0.5145471860000157
autoencoder,cup/test/cup_0092.obj,252,28637,65.01587301587301,0.4921875,4.357425441265977,13.98291015625,0.1328232761088081,0.24929859000002352,0.9791176580000069
autoencoder,cup/test/cup_0093.obj,250,28516,65.536,0.48828125,4.362913096695227,13.923828125,0.091181420465627,0.18197018799997977,0.4000312819999863
autoencoder,cup/test/cup_0094.obj,250,28523,65.536,0.48828125,4.363984088127295,13.92724609375,0.1071590839897535,0.18715752299999622,0.38986118199994735
autoencoder,cup/test/cup_0095.obj,252,28647,65.01587301587301,0.4921875,4.358947048082776,13.98779296875,0.1280942678674535,0.18111897599999338,0.42972480099996346
autoencoder,cup/test/cup_0096.obj,250,28530,65.536,0.48828125,4.357055589492975,13.9306640625,0.09352222517390607,0.14544761199999812,0.33180122200002415
autoencoder,cup/test/cup_0097.obj,252,28646,65.01587301587301,0.4921875,4.358794887401095,13.9873046875,0.12056574908181741,0.12142836800001078,0.4344714790000239
autoencoder,cup/test/cup_0098.obj,250,28531,65.536,0.48828125,4.365208078335374,13.93115234375,0.10039832709405516,0.09105926199998748,0.3416667839999832
autoencoder,cup/test/cup_0099.obj,250,28515,65.536,0.48828125,4.3627600979192165,13.92333984375,0.09889971339529391,0.23675301600002285,0.42655498799996394
autoencoder,curtain/test/curtain_0139.obj,252,28689,65.01587301587301,0.4921875,4.365337796713329,14.00830078125,0.12069153499977633,0.28793583999998873,0.44154605599999286
autoencoder,curtain/test/curtain_0140.obj,252,28736,65.01587301587301,0.4921875,4.372489348752282,14.03125,0.1167662975816789,0.1253396710000061,0.3564693349999857
autoencoder,curtain/test/curtain_0141.obj,252,28778,65.01587301587301,0.4921875,4.378880097382837,14.0517578125,0.08938760690785508,0.10751873599997452,0.6200057819999643
autoencoder,curtain/test/curtain_0142.obj,252,28790,65.01587301587301,0.4921875,4.380706025562994,14.0576171875,0.11489900798612943,0.30806096300000263,0.25947452000002613
autoencoder,curtain/test/curtain_0143.obj,252,28871,65.01587301587301,0.4921875,4.409132559560171,14.09716796875,0.1326490301873302,0.20727042199996504,0.36753217699998686
autoencoder,curtain/test/curtain_0144.obj,252,28699,65.01587301587301,0.4921875,4.382864996945632,14.01318359375,0.15057271958627155,0.09345066600002383,0.41390434800001685
autoencoder,curtain/test/curtain_0145.obj,252,28756,65.01587301587301,0.4921875,4.37553256238588,14.041015625,0.14350704648044232,0.19697701700005155,0.39535217800005285
autoencoder,curtain/test/curtain_0146.obj,246,28343,66.60162601626017,0.48046875,4.360461538461538,13.83935546875,0.12320833313154672,0.19086034599996538,0.33437912399995184
autoencoder,curtain/test/curtain_0147.obj,252,28706,65.01587301587301,0.4921875,4.383934025656689,14.0166015625,0.129678004291206,0.1819847769999683,0.3497045889999981
autoencoder,curtain/test/curtain_0148.obj,252,28716,65.01587301587301,0.4921875,4.3774390243902435,14.021484375,0.07329708013539324,0.09359316199999057,0.34267645799997126
autoencoder,curtain/test/curtain_0149.obj,236,27621,69.42372881355932,0.4609375,4.3293103448275865,13.48681640625,0.10801979066677445,0.1859772910000288,0.4708878719999916
autoencoder,curtain/test/curtain_0150.obj,252,28623,65.01587301587301,0.4921875,4.355295191722459,13.97607421875,0.0645900244668947,0.2734854919999634,0.5342900119999854
autoencoder,curtain/test/curtain_0151.obj,252,28674,65.01587301587301,0.4921875,4.371036585365854,14.0009765625,0.14945479423508956,0.22041707099998575,0.34009939499998154
autoencoder,curtain/test/curtain_0152.obj,252,28777,65.01587301587301,0.4921875,4.394777031154551,14.05126953125,0.15033310611823675,0.21191678700000693,0.30755075100000795
autoencoder,curtain/test/curtain_0153.obj,252,28678,65.01587301587301,0.4921875,4.371646341463415,14.0029296875,0.14897272013231658,0.3466355649999855,0.5471719029999917
autoencoder,curtain/test/curtain_0154.obj,242,28070,67.70247933884298,0.47265625,4.35058896466212,13.7060546875,0.10517945891063801,0.20757168400001547,0.36164718999998513
autoencoder,curtain/test/curtain_0155.obj,252,28771,65.01587301587301,0.4921875,4.401927784577723,14.04833984375,0.09898346639852632,0.09585400499997832,0.6679824770000096
autoencoder,curtain/test/curtain_0156.obj,252,28768,65.01587301587301,0.4921875,4.385365853658537,14.046875,0.18398463946781365,0.15479262299999164,0.43750869299998385
autoencoder,curtain/test/curtain_0157.obj,252,28681,65.01587301587301,0.4921875,4.36412051125989,14.00439453125,0.1392575312791329,0.13785844000000225,0.3287907989999894
autoencoder,curtain/test/curtain_0158.obj,252,28721,65.01587301587301,0.4921875,4.370206938527085,14.02392578125,0.13383580750026597,0.09059165700000449,0.42194383800000423
autoencoder,desk/test/desk_0201.obj,222,26640,73.8018018018018,0.43359375,4.288473921442369,13.0078125,0.07515250920544442,0.0598704669999961,0.4402493110000023
autoencoder,desk/test/desk_0202.obj,252,28796,65.01587301587301,0.4921875,4.381618989653074,14.060546875,0.10042349582162202,0.14421580199996242,0.44285384200003364
autoencoder,desk/test/desk_0203.obj,246,28340,66.60162601626017,0.48046875,4.36806411837238,13.837890625,0.07316615853495187,0.18539448600000696,0.38155923599998687
autoencoder,desk/test/desk_0204.obj,226,26916,72.49557522123894,0.44140625,4.299680511182109,13.142578125,0.08522815244946028,0.14787446399998316,0.3818702120000239
autoencoder,desk/test/desk_0205.obj,252,28738,65.01587301587301,0.4921875,4.388821014050092,14.0322265625,0.09852538155474866,0.16832088000001022,0.44103752000000895
autoencoder,desk/test/desk_0206.obj,248,28449,66.06451612903226,0.484375,4.368703931203931,13.89111328125,0.11186063317356174,0.13266086300001234,0.42414945100000523
autoencoder,desk/test/desk_0207.obj,252,28737,65.01587301587301,0.4921875,4.388668295662797,14.03173828125,0.08363763405591221,0.20593642899996212,0.39413377299996455
autoencoder,desk/test/desk_0208.obj,252,28830,65.01587301587301,0.4921875,4.402871105681124,14.0771484375,0.10792751082561443,0.2054928919999952,0.4610785899999996
autoencoder,desk/test/desk_0209.obj,252,28716,65.01587301587301,0.4921875,4.3774390243902435,14.021484375,0.1413215829727835,0.2574714419999964,0.43860167200000433
autoencoder,desk/test/desk_0210.obj,244,28211,67.14754098360656,0.4765625,4.3643254950495045,13.77490234375,0.1134215197975098,0.2506902189999778,0.4181518720000099
autoencoder,desk/test/desk_0211.obj,252,28674,65.01587301587301,0.4921875,4.371036585365854,14.0009765625,0.10539130139584776,0.10809453199999552,0.5465677320000282
autoencoder,desk/test/desk_0212.obj,246,28318,66.60162601626017,0.48046875,4.364673242909988,13.8271484375,0.07816137130257289,0.22638179900002342,0.634524918000011
autoencoder,desk/test/desk_0213.obj,252,28725,65.01587301587301,0.4921875,4.370815581253804,14.02587890625,0.0904309260235488,0.1622603700000127,0.4190547929999866
autoencoder,desk/test/desk_0214.obj,252,28756,65.01587301587301,0.4921875,4.37553256238588,14.041015625,0.08343118952390664,0.11875394999998434,0.6701757700000144
autoencoder,desk/test/desk_0215.obj,252,28726,65.01587301587301,0.4921875,4.378963414634146,14.0263671875,0.11005009589705983,0.1080683449999924,0.46551007300001856
autoencoder,desk/test/desk_0216.obj,252,28800,65.01587301587301,0.4921875,4.390243902439025,14.0625,0.08564965957842702,0.12857199100000116,0.39857698499997696
autoencoder,desk/test/desk_0217.obj,252,28738,65.01587301587301,0.4921875,4.372793670115642,14.0322265625,0.07080286152157048,0.29577472800002624,0.5106443229999513
autoencoder,desk/test/desk_0218.obj,252,28724,65.01587301587301,0.4921875,4.370663420572124,14.025390625,0.07631204688640568,0.2375708360000317,0.45026953499996125
autoencoder,desk/test/desk_0219.obj,252,28656,65.01587301587301,0.4921875,4.360316494217894,13.9921875,0.10104122912388,0.15113250799998923,0.4901078439999651
autoencoder,desk/test/desk_0220.obj,252,28751,65.01587301587301,0.4921875,4.3827743902439025,14.03857421875,0.097900173146199,0.11789014000004272,0.6883021280000321
autoencoder,desk/test/desk_0221.obj,230,27191,71.23478260869565,0.44921875,4.327021005728835,13.27685546875,0.09922220966891779,0.16249733800003696,0.7931352229999789
autoencoder,desk/test/desk_0222.obj,242,28049,67.70247933884298,0.47265625,4.355434782608696,13.69580078125,0.08212713782311623,0.19145245199996452,0.8852458240000374
autoencoder,desk/test/desk_0223.obj,244,28186,67.14754098360656,0.4765625,4.352378011117974,13.7626953125,0.07146631044012819,0.16630358600002637,0.6264784470000109
autoencoder,desk/test/desk_0224.obj,240,27975,68.26666666666667,0.46875,4.368363522798251,13.65966796875,0.12860851881740198,0.18744209499999442,0.5714334400000212
autoencoder,desk/test/desk_0225.obj,252,28763,65.01587301587301,0.4921875,4.376597687157639,14.04443359375,0.11720429426722631,0.11335702700000638,0.6415273160000083
autoencoder,desk/test/desk_0226.obj,252,28692,65.01587301587301,0.4921875,4.3817959682345755,14.009765625,0.11351697816021536,0.09420496299998149,0.5648306299999604
autoencoder,desk/test/desk_0227.obj,250,28590,65.536,0.48828125,4.382280809319436,13.9599609375,0.07288682697377113,0.1644828949999919,0.45962061599999515
autoencoder,desk/test/desk_0228.obj,252,28742,65.01587301587301,0.4921875,4.405579399141631,14.0341796875,0.10558541114155301,0.17891363399996862,0.39479080399996747
autoencoder,desk/test/desk_0229.obj,252,28745,65.01587301587301,0.4921875,4.381859756097561,14.03564453125,0.11459202383040894,0.16079680299998245,0.48486822600000323
autoencoder,desk/test/desk_0230.obj,244,28223,67.14754098360656,0.4765625,4.374302541847489,13.78076171875,0.11283654823366031,0.11911180900000318,0.4253596560000119
autoencoder,desk/test/desk_0231.obj,252,28652,65.01587301587301,0.4921875,4.3756872327428225,13.990234375,0.08731384376734082,0.1791660509999815,0.45627081699996097
autoencoder,desk/test/desk_0232.obj,252,28730,65.01587301587301,0.4921875,4.395654834761322,14.0283203125,0.0948911683702517,0.13356512299998258,0.49512674699997206
autoencoder,desk/test/desk_0233.obj,244,28164,67.14754098360656,0.4765625,4.357054455445544,13.751953125,0.07009566508888523,0.08886715400001322,0.4673989070000175
autoencoder,desk/test/desk_0234.obj,246,28297,66.60162601626017,0.48046875,4.353384615384615,13.81689453125,0.08753996572641867,0.36072623500001555,0.42673674000002393
autoencoder,desk/test/desk_0235.obj,252,28812,65.01587301587301,0.4921875,4.400122174709835,14.068359375,0.11451803234989669,0.17544750700000122,0.33442588600001955
autoencoder,desk/test/desk_0236.obj,248,28486,66.06451612903226,0.484375,4.366339668914776,13.9091796875,0.0998233518538639,0.0876344809999523,0.4410787649999861
autoencoder,desk/test/desk_0237.obj,252,28721,65.01587301587301,0.4921875,4.394277845777234,14.02392578125,0.1081860233847335,0.19618403199996237,0.3367773779999652
autoencoder,desk/test/desk_0238.obj,252,28757,65.01587301587301,0.4921875,4.399785801713587,14.04150390625,0.09378633614208154,0.06399777100000392,0.43746508100002757
autoencoder,desk/test/desk_0239.obj,246,28364,66.60162601626017,0.48046875,4.3636923076923075,13.849609375,0.13080924389863302,0.14602111700003206,0.48709519999999884
autoencoder,desk/test/desk_0240.obj,252,28823,65.01587301587301,0.4921875,4.401802076970067,14.07373046875,0.07846317007368458,0.17084758000004285,0.33935390199997073
autoencoder,desk/test/desk_0241.obj,252,28803,65.01587301587301,0.4921875,4.398747709224191,14.06396484375,0.07813905608713875,0.2726535369999965,0.5833549879999964
autoencoder,desk/test/desk_0242.obj,252,28717,65.01587301587301,0.4921875,4.369598295800365,14.02197265625,0.07118903613704387,0.26131755900001963,0.44079600300000266
autoencoder,desk/test/desk_0243.obj,252,28737,65.01587301587301,0.4921875,4.380640243902439,14.03173828125,0.1262457969989274,0.1081869269999629,0.34290311000000884
autoencoder,desk/test/desk_0244.obj,252,28725,65.01587301587301,0.4921875,4.370815581253804,14.02587890625,0.09106819067664032,0.06608032100001537,0.39565786399998615
autoencoder,desk/test/desk_0245.obj,248,28460,66.06451612903226,0.484375,4.37039312039312,13.896484375,0.10131372007470626,0.0929463900000087,0.49721007800002326
autoencoder,desk/test/desk_0246.obj,252,28755,65.01587301587301,0.4921875,4.383384146341464,14.04052734375,0.11149731808430502,0.13648734700001341,0.4234684649999849
autoencoder,desk/test/desk_0247.obj,252,28725,65.01587301587301,0.4921875,4.386835675015272,14.02587890625,0.10901907645235925,0.16447546299997384,0.31037377699999524
autoencoder,desk/test/desk_0248.obj,252,28775,65.01587301587301,0.4921875,4.394471594379963,14.05029296875,0.11604127480417173,0.18242712199997868,0.389166519000014
autoencoder,desk/test/desk_0249.obj,230,27239,71.23478260869565,0.44921875,4.318167406467977,13.30029296875,0.09246484465558422,0.1353928559999531,0.5394711079999865
autoencoder,desk/test/desk_0250.obj,248,28502,66.06451612903226,0.484375,4.3849230769230765,13.9169921875,0.06022242152125921,0.34295263100000284,0.5080157290000216
autoencoder,desk/test/desk_0251.obj,242,28025,67.70247933884298,0.47265625,4.351708074534161,13.68408203125,0.09672282379157923,0.1330539040000076,0.2584993060000329
autoencoder,desk/test/desk_0252.obj,250,28616,65.536,0.48828125,4.378212974296206,13.97265625,0.08286541032931849,0.09733123000000887,0.3845405370000208
autoencoder,desk/test/desk_0253.obj,252,28689,65.01587301587301,0.4921875,4.365337796713329,14.00830078125,0.12811630431253243,0.09544794900000397,0.36217155299999604
autoencoder,desk/test/desk_0254.obj,252,28741,65.01587301587301,0.4921875,4.3892791692119735,14.03369140625,0.13060247293867383,0.12361141999997471,0.5833379909999508
autoencoder,desk/test/desk_0255.obj,252,28652,65.01587301587301,0.4921875,4.359707851491175,13.990234375,0.10143420139876269,0.13618654800001195,0.4438312180000139
autoencoder,desk/test/desk_0256.obj,252,28717,65.01587301587301,0.4921875,4.3775914634146345,14.02197265625,0.0802764931846103,0.13979861199999277,0.5049002979999955
autoencoder,desk/test/desk_0257.obj,252,28699,65.01587301587301,0.4921875,4.366859403530128,14.01318359375,0.10561725268691065,0.15538757600000963,0.30971654700005047
autoencoder,desk/test/desk_0258.obj,252,28742,65.01587301587301,0.4921875,4.373402312842361,14.0341796875,0.07903233983213892,0.14248609999998507,0.35494879700002
autoencoder,desk/test/desk_0259.obj,252,28762,65.01587301587301,0.4921875,4.384451219512195,14.0439453125,0.065147548081431,0.4109029839999607,0.46401438999998845
autoencoder,desk/test/desk_0260.obj,252,28800,65.01587301587301,0.4921875,4.382227632379793,14.0625,0.08730748702217032,0.21651805499999455,0.5340823239999963
autoencoder,desk/test/desk_0261.obj,246,28275,66.60162601626017,0.48046875,4.35,13.80615234375,0.0811432902108167,0.15135551999998142,0.5548608279999598
autoencoder,desk/test/desk_0262.obj,252,28781,65.01587301587301,0.4921875,4.38734756097561,14.05322265625,0.08100717697487472,0.1480675419999784,0.43534894600003327
autoencoder,desk/test/desk_0263.obj,250,28575,65.536,0.48828125,4.3799816063764565,13.95263671875,0.14531086002911742,0.2353118099999847,0.4642797839999844
autoencoder,desk/test/desk_0264.obj,252,28806,65.01587301587301,0.4921875,4.391158536585366,14.0654296875,0.11357930573085737,0.09171779199999719,0.7885604649999891
autoencoder,desk/test/desk_0265.obj,250,28600,65.536,0.48828125,4.375764993880049,13.96484375,0.09757040471603282,0.3022564650000277,0.33080144199999495
autoencoder,desk/test/desk_0266.obj,252,28708,65.01587301587301,0.4921875,4.376219512195122,14.017578125,0.08873979627569395,0.18885287899996683,0.8135792060000426
autoencoder,desk/test/desk_0267.obj,230,27202,71.23478260869565,0.44921875,4.312301838934686,13.2822265625,0.10609410988365535,0.1919215170000257,0.3101538519999849
autoencoder,desk/test/desk_0268.obj,250,28606,65.536,0.48828125,4.376682986536108,13.9677734375,0.08066659693974088,0.2195803349999892,0.45420550199997933
autoencoder,desk/test/desk_0269.obj,252,28844,65.01587301587301,0.4921875,4.4130966952264385,14.083984375,0.08543132913655996,0.14117891899996948,0.418170143999987
autoencoder,desk/test/desk_0270.obj,252,28810,65.01587301587301,0.4921875,4.383749239196591,14.0673828125,0.07182960299566256,0.14523101800000404,0.47823505599995997
autoencoder,desk/test/desk_0271.obj,246,28293,66.60162601626017,0.48046875,4.352769230769231,13.81494140625,0.10278904385660736,0.10581600000000435,0.34455626499999426
autoencoder,desk/test/desk_0272.obj,250,28607,65.536,0.48828125,4.3688149053146,13.96826171875,0.09078714238925448,0.2118526379999821,0.37927815200004034
autoencoder,desk/test/desk_0273.obj,252,28803,65.01587301587301,0.4921875,4.390701219512195,14.06396484375,0.07231407972485536,0.10809294199998476,0.5094678039999962
autoencoder,desk/test/desk_0274.obj,252,28666,65.01587301587301,0.4921875,4.361838101034692,13.9970703125,0.08666323636747485,0.17975966299997026,0.8888991970000006
autoencoder,desk/test/desk_0275.obj,236,27567,69.42372881355932,0.4609375,4.337161736941472,13.46044921875,0.11701622622066554,0.2469209949999822,0.38402522999996336
autoencoder,desk/test/desk_0276.obj,248,28464,66.06451612903226,0.484375,4.362967504598406,13.8984375,0.07620271409116164,0.16703041799996754,0.3113446569999496
autoencoder,desk/test/desk_0277.obj,252,28779,65.01587301587301,0.4921875,4.403151774785802,14.05224609375,0.08275382444261777,0.17021155099996577,0.3640817749999883
autoencoder,desk/test/desk_0278.obj,244,28180,67.14754098360656,0.4765625,4.351451513279803,13.759765625,0.08928699416994934,0.11728963699999895,0.40854431500002875
autoencoder,desk/test/desk_0279.obj,252,28781,65.01587301587301,0.4921875,4.379336579427876,14.05322265625,0.07815266318009506,0.22954022499999382,0.43835413900001186
autoencoder,desk/test/desk_0280.obj,248,28432,66.06451612903226,0.484375,4.358062538320049,13.8828125,0.09990307465011347,0.09983251400001336,0.7088036960000181
autoencoder,desk/test/desk_0281.obj,252,28787,65.01587301587301,0.4921875,4.40437576499388,14.05615234375,0.0645314531390937,0.1401525819999847,0.3258131639999533
autoencoder,desk/test/desk_0282.obj,252,28767,65.01587301587301,0.4921875,4.385213414634146,14.04638671875,0.10672991196533757,0.06007962799998268,0.4104318459999945
autoencoder,desk/test/desk_0283.obj,250,28502,65.536,0.48828125,4.3849230769230765,13.9169921875,0.11616707343906721,0.22397452799998518,0.7647534519999795
autoencoder,desk/test/desk_0284.obj,252,28741,65.01587301587301,0.4921875,4.3892791692119735,14.03369140625,0.10819303059620708,0.34577894199998127,0.2926116259999958
autoencoder,desk/test/desk_0285.obj,228,27106,71.85964912280701,0.4453125,4.313494589433482,13.2353515625,0.07108944554271472,0.07203816800000595,0.3760441299999684
autoencoder,desk/test/desk_0286.obj,248,28477,66.06451612903226,0.484375,4.364960147148988,13.90478515625,0.11252839391844191,0.09004920200004563,0.4256616769999937
autoencoder,door/test/door_0110.obj,252,28664,65.01587301587301,0.4921875,4.369512195121951,13.99609375,0.158969127382259,0.070439805000035,0.5302137699999889
autoencoder,door/test/door_0111.obj,252,28664,65.01587301587301,0.4921875,4.369512195121951,13.99609375,0.1583428117520865,0.1959814980000374,0.5171202729999891
autoencoder,door/test/door_0112.obj,252,28664,65.01587301587301,0.4921875,4.369512195121951,13.99609375,0.15913407576517363,0.13618852100000822,0.5991329950000477
autoencoder,door/test/door_0113.obj,252,28643,65.01587301587301,0.4921875,4.3743127672571775,13.98583984375,0.1661241157464392,0.14347834400001602,0.41746926899998016
autoencoder,door/test/door_0114.obj,252,28595,65.01587301587301,0.4921875,4.351034692635423,13.96240234375,0.17726975695385822,0.1097661070000413,0.30785835300002873
autoencoder,door/test/door_0115.obj,250,28467,65.536,0.48828125,4.363427345187002,13.89990234375,0.15177361679060952,0.09342642300003945,0.5063289140000506
autoencoder,door/test/door_0116.obj,252,28655,65.01587301587301,0.4921875,4.384179926560588,13.99169921875,0.13650503553464977,0.1762232739999945,0.29056859500002474
autoencoder,door/test/door_0117.obj,252,28631,65.01587301587301,0.4921875,4.372480146609652,13.97998046875,0.18527781518028413,0.0938162290000264,0.3450301160000322
autoencoder,door/test/door_0118.obj,252,28673,65.01587301587301,0.4921875,4.403101965601966,14.00048828125,0.14150577262636957,0.1960773529999642,0.6123428500000045
autoencoder,door/test/door_0119.obj,252,28790,65.01587301587301,0.4921875,4.388719512195122,14.0576171875,0.14929975613563,0.16277173700001413,0.5122353520000047
autoencoder,door/test/door_0120.obj,252,28667,65.01587301587301,0.4921875,4.361990261716373,13.99755859375,0.15213710531185018,0.15531764100001055,0.40026392900000474
autoencoder,door/test/door_0121.obj,252,28566,65.01587301587301,0.4921875,4.346622032866708,13.9482421875,0.20590037838491781,0.2870896050000056,0.3908497669999633
autoencoder,door/test/door_0122.obj,252,28711,65.01587301587301,0.4921875,4.368685331710286,14.01904296875,0.13763396327325883,0.20289577299996608,0.47392984399999705
autoencoder,door/test/door_0123.obj,252,28677,65.01587301587301,0.4921875,4.363511868533171,14.00244140625,0.16278778762410806,0.10700547300001517,0.3885898240000074
autoencoder,door/test/door_0124.obj,252,28661,65.01587301587301,0.4921875,4.369054878048781,13.99462890625,0.11546283090759375,0.09006207900000618,0.5301835290000554
autoencoder,door/test/door_0125.obj,252,28854,65.01587301587301,0.4921875,4.406536346976176,14.0888671875,0.10668887361416976,0.2034977670000444,0.35822545299998865
autoencoder,door/test/door_0126.obj,252,28709,65.01587301587301,0.4921875,4.384392180818571,14.01806640625,0.17009919161246984,0.08033195299998397,0.8933066630000326
autoencoder,door/test/door_0127.obj,252,28676,65.01587301587301,0.4921875,4.379352474037874,14.001953125,0.14260563928815284,0.07316947100002835,0.7966845450000051
autoencoder,door/test/door_0128.obj,252,28688,65.01587301587301,0.4921875,4.3811850946854,14.0078125,0.14281992853181058,0.1097824189999983,0.5864746660000151
autoencoder,door/test/door_0129.obj,252,28660,65.01587301587301,0.4921875,4.376908979841173,13.994140625,0.16070563271383104,0.12771869400000924,0.4462709489999952
autoencoder,dresser/test/dresser_0201.obj,252,28773,65.01587301587301,0.4921875,4.3861280487804875,14.04931640625,0.11080055500532317,0.07103325299999597,0.6864755010000181
autoencoder,dresser/test/dresser_0202.obj,252,28729,65.01587301587301,0.4921875,4.387446548564447,14.02783203125,0.10721998255551221,0.14082934900000055,0.6128471819999959
autoencoder,dresser/test/dresser_0203.obj,252,28815,65.01587301587301,0.4921875,4.4167688534641325,14.06982421875,0.09678078099758183,0.10966875700000855,0.5187700360000349
autoencoder,dresser/test/dresser_0204.obj,252,28833,65.01587301587301,0.4921875,4.403329260843005,14.07861328125,0.07634974361221264,0.1493822249999539,0.6731363860000101
autoencoder,dresser/test/dresser_0205.obj,252,28833,65.01587301587301,0.4921875,4.387248934875228,14.07861328125,0.08968681163276718,0.18960871600000928,0.502274879999959
autoencoder,dresser/test/dresser_0206.obj,252,28844,65.01587301587301,0.4921875,4.405009163103237,14.083984375,0.10855653930521637,0.1414588389999949,0.3306585939999991
autoencoder,dresser/test/dresser_0207.obj,252,28714,65.01587301587301,0.4921875,4.409398034398034,14.0205078125,0.09614836330652309,0.4254069250000043,0.4839402709999945
autoencoder,dresser/test/dresser_0208.obj,252,28710,65.01587301587301,0.4921875,4.384544899205864,14.0185546875,0.0724779099396676,0.14450207100003354,0.2537575769999876
autoencoder,dresser/test/dresser_0209.obj,252,28790,65.01587301587301,0.4921875,4.3967623701893706,14.0576171875,0.09146592090790522,0.15823998399997663,0.2813375939999787
autoencoder,dresser/test/dresser_0210.obj,252,28844,65.01587301587301,0.4921875,4.405009163103237,14.083984375,0.1037860409955362,0.12225253099995825,0.2403580739999711
autoencoder,dresser/test/dresser_0211.obj,252,28828,65.01587301587301,0.4921875,4.394512195121951,14.076171875,0.0989177598062278,0.12381699400003754,0.27527702700001555
autoencoder,dresser/test/dresser_0212.obj,252,28790,65.01587301587301,0.4921875,4.388719512195122,14.0576171875,0.10781251271550582,0.11979501899998013,0.25643172700000605
autoencoder,dresser/test/dresser_0213.obj,252,28783,65.01587301587301,0.4921875,4.395693341478314,14.05419921875,0.07927847597428887,0.06423610399997415,0.3595401069999866
autoencoder,dresser/test/dresser_0214.obj,252,28782,65.01587301587301,0.4921875,4.3875,14.0537109375,0.07130557468210703,0.11599312699996744,0.4813539429999878
autoencoder,dresser/test/dresser_0215.obj,252,28787,65.01587301587301,0.4921875,4.388262195121952,14.05615234375,0.06720748417954543,0.16645604100000355,0.6629093120000107
autoencoder,dresser/test/dresser_0216.obj,252,28808,65.01587301587301,0.4921875,4.3914634146341465,14.06640625,0.10674113775234143,0.21561969500004352,0.6084430559999987
autoencoder,dresser/test/dresser_0217.obj,252,28833,65.01587301587301,0.4921875,4.395274390243903,14.07861328125,0.1061790270849322,0.36878328899996404,0.45421972399998367
autoencoder,dresser/test/dresser_0218.obj,252,28808,65.01587301587301,0.4921875,4.415695892090742,14.06640625,0.08801040767984793,0.2032695759999683,0.4810404300000073
autoencoder,dresser/test/dresser_0219.obj,252,28737,65.01587301587301,0.4921875,4.372641509433962,14.03173828125,0.09984492503196397,0.1366122599999926,0.2817759170000045
autoencoder,dresser/test/dresser_0220.obj,252,28782,65.01587301587301,0.4921875,4.403610771113831,14.0537109375,0.10895205428347106,0.13894138699998848,0.24119911599996158
autoencoder,dresser/test/dresser_0221.obj,252,28814,65.01587301587301,0.4921875,4.392378048780488,14.0693359375,0.0975009362620439,0.07462588399999959,0.6177501230000075
autoencoder,dresser/test/dresser_0222.obj,252,28813,65.01587301587301,0.4921875,4.400274893097129,14.06884765625,0.08918523777390826,0.10755803400002151,0.6050500169999964
autoencoder,dresser/test/dresser_0223.obj,252,28802,65.01587301587301,0.4921875,4.398594990836897,14.0634765625,0.11959622357673069,0.10009511399999838,0.49855221900003244
autoencoder,dresser/test/dresser_0224.obj,252,28755,65.01587301587301,0.4921875,4.383384146341464,14.04052734375,0.12161824979509141,0.10401375000003554,0.30999800699999014
autoencoder,dresser/test/dresser_0225.obj,252,28754,65.01587301587301,0.4921875,4.399326805385557,14.0400390625,0.10784846508020995,0.07409601199998406,0.6798168100000339
autoencoder,dresser/test/dresser_0226.obj,252,28832,65.01587301587301,0.4921875,4.403176542455712,14.078125,0.09056109380367808,0.10654546999995773,0.4980680300000131
autoencoder,dresser/test/dresser_0227.obj,252,28737,65.01587301587301,0.4921875,4.404812998160637,14.03173828125,0.10026944199937113,0.16097626000004084,0.43024697299995296
autoencoder,dresser/test/dresser_0228.obj,252,28789,65.01587301587301,0.4921875,4.396609651802077,14.05712890625,0.0941874577338866,0.13209873900001412,0.43738999499998954
autoencoder,dresser/test/dresser_0229.obj,252,28751,65.01587301587301,0.4921875,4.390806353084911,14.03857421875,0.06555029155964795,0.1826769269999886,0.4932090549999657
autoencoder,dresser/test/dresser_0230.obj,252,28719,65.01587301587301,0.4921875,4.3859193646915084,14.02294921875,0.09819809236513011,0.20025885800009746,0.4122340939999276
autoencoder,dresser/test/dresser_0231.obj,252,28814,65.01587301587301,0.4921875,4.392378048780488,14.0693359375,0.08996406856138765,0.33451222299993333,0.5685248020000699
autoencoder,dresser/test/dresser_0232.obj,252,28742,65.01587301587301,0.4921875,4.373402312842361,14.0341796875,0.08200259423120831,0.1925168699999631,0.5157109339999124
autoencoder,dresser/test/dresser_0233.obj,252,28769,65.01587301587301,0.4921875,4.385518292682927,14.04736328125,0.10965060779775389,0.21796241600009125,0.5191659890000437
autoencoder,dresser/test/dresser_0234.obj,252,28790,65.01587301587301,0.4921875,4.388719512195122,14.0576171875,0.08829552790002043,0.12990952699999525,0.5272623450000538
autoencoder,dresser/test/dresser_0235.obj,252,28772,65.01587301587301,0.4921875,4.385975609756097,14.048828125,0.10591507592805693,0.18831276200000957,0.3070983810000598
autoencoder,dresser/test/dresser_0236.obj,252,28774,65.01587301587301,0.4921875,4.39431887599267,14.0498046875,0.1305958670800652,0.06504005800002233,0.6174609729999929
autoencoder,dresser/test/dresser_0237.obj,252,28729,65.01587301587301,0.4921875,4.387446548564447,14.02783203125,0.11871028289202296,0.06722004699997797,0.5203995939999686
autoencoder,dresser/test/dresser_0238.obj,252,28849,65.01587301587301,0.4921875,4.405772755039707,14.08642578125,0.0710493164055494,0.24964810300002682,0.6403551470000366
autoencoder,dresser/test/dresser_0239.obj,252,28781,65.01587301587301,0.4921875,4.38734756097561,14.05322265625,0.1028190872916861,0.19460051599992312,0.46677482000006876
autoencoder,dresser/test/dresser_0240.obj,252,28795,65.01587301587301,0.4921875,4.381466828971393,14.06005859375,0.09471921164642128,0.09658648900006028,0.38388663099999576
autoencoder,dresser/test/dresser_0241.obj,252,28754,65.01587301587301,0.4921875,4.391264508246793,14.0400390625,0.08515565830050933,0.1801701540000522,0.23453196899993145
autoencoder,dresser/test/dresser_0242.obj,252,28754,65.01587301587301,0.4921875,4.399326805385557,14.0400390625,0.08818386509910203,0.16562921900003857,0.2549824320000198
autoencoder,dresser/test/dresser_0243.obj,252,28717,65.01587301587301,0.4921875,4.401747394236665,14.02197265625,0.06593961905120502,0.4541746310000008,0.44498879599996144
autoencoder,dresser/test/dresser_0244.obj,252,28714,65.01587301587301,0.4921875,4.38515577275504,14.0205078125,0.07264245811111925,0.3673722049999242,0.3574922749999132
autoencoder,dresser/test/dresser_0245.obj,252,28814,65.01587301587301,0.4921875,4.400427611484423,14.0693359375,0.0883232565913546,0.41511946299999636,0.2967707889999929
autoencoder,dresser/test/dresser_0246.obj,252,28712,65.01587301587301,0.4921875,4.392900856793146,14.01953125,0.1115883107801714,0.10308093999992707,0.5191727010000022
autoencoder,dresser/test/dresser_0247.obj,252,28840,65.01587301587301,0.4921875,4.404398289554062,14.08203125,0.08495114764989299,0.15947627299999567,0.7075933730000088
autoencoder,dresser/test/dresser_0248.obj,252,28767,65.01587301587301,0.4921875,4.393249847281613,14.04638671875,0.11524666885064375,0.09870631299997967,0.4512529910000467
autoencoder,dresser/test/dresser_0249.obj,252,28802,65.01587301587301,0.4921875,4.398594990836897,14.0634765625,0.07061318025553487,0.11187268399999084,0.3981545860000324
autoencoder,dresser/test/dresser_0250.obj,252,28801,65.01587301587301,0.4921875,4.398442272449603,14.06298828125,0.10759875020382935,0.09073772599992935,0.5114513920000263
autoencoder,dresser/test/dresser_0251.obj,252,28775,65.01587301587301,0.4921875,4.394471594379963,14.05029296875,0.10085011976408823,0.32988253700000314,0.8653832210000019
autoencoder,dresser/test/dresser_0252.obj,252,28870,65.01587301587301,0.4921875,4.400914634146342,14.0966796875,0.09066390922286416,0.15366177800001424,0.4491329830000268
autoencoder,dresser/test/dresser_0253.obj,252,28737,65.01587301587301,0.4921875,4.404812998160637,14.03173828125,0.11251259633908003,0.2809818850000738,0.3777573610000218
autoencoder,dresser/test/dresser_0254.obj,252,28695,65.01587301587301,0.4921875,4.374237804878049,14.01123046875,0.11292323951423118,0.10001202700004796,0.3700027200000022
autoencoder,dresser/test/dresser_0255.obj,252,28774,65.01587301587301,0.4921875,4.3862804878048784,14.0498046875,0.09688664566701481,0.32977696800003287,0.8821100699999533
autoencoder,dresser/test/dresser_0256.obj,252,28803,65.01587301587301,0.4921875,4.390701219512195,14.06396484375,0.1019548268941646,0.1634106569999858,0.42957888099999764
autoencoder,dresser/test/dresser_0257.obj,252,28777,65.01587301587301,0.4921875,4.394777031154551,14.05126953125,0.10380240185341325,0.07747881000000234,0.31241769999996905
autoencoder,dresser/test/dresser_0258.obj,252,28817,65.01587301587301,0.4921875,4.408965728274174,14.07080078125,0.11012714288645396,0.1617250869999225,0.4659320600000001
autoencoder,dresser/test/dresser_0259.obj,252,28781,65.01587301587301,0.4921875,4.379336579427876,14.05322265625,0.10031904109997498,0.3657437870000422,0.7983695930000749
autoencoder,dresser/test/dresser_0260.obj,252,28774,65.01587301587301,0.4921875,4.3862804878048784,14.0498046875,0.10523274374347438,0.4044807000000219,0.6116608670000687
autoencoder,dresser/test/dresser_0261.obj,252,28814,65.01587301587301,0.4921875,4.400427611484423,14.0693359375,0.0917981944650241,0.15461975799996708,0.37517108700001245
autoencoder,dresser/test/dresser_0262.obj,252,28725,65.01587301587301,0.4921875,4.402973635806254,14.02587890625,0.10531032001055055,0.12319093500002509,0.35443629300004886
autoencoder,dresser/test/dresser_0263.obj,252,28734,65.01587301587301,0.4921875,4.372185027388923,14.0302734375,0.07405517474038872,0.10924965899994277,0.4134244570000192
autoencoder,dresser/test/dresser_0264.obj,252,28759,65.01587301587301,0.4921875,4.383993902439024,14.04248046875,0.1058531845725249,0.2882563939999727,0.6857388549999541
autoencoder,dresser/test/dresser_0265.obj,252,28757,65.01587301587301,0.4921875,4.383689024390244,14.04150390625,0.07804251510766355,0.27796759099999235,0.4323940799999946
autoencoder,dresser/test/dresser_0266.obj,252,28823,65.01587301587301,0.4921875,4.3857273280584295,14.07373046875,0.08766741931355145,0.32510365299992827,0.6193974069999513
autoencoder,dresser/test/dresser_0267.obj,252,28811,65.01587301587301,0.4921875,4.399969456322541,14.06787109375,0.06412675780428234,0.14613458899998477,0.48234639400004653
autoencoder,dresser/test/dresser_0268.obj,252,28793,65.01587301587301,0.4921875,4.397220525351252,14.05908203125,0.08491723856666977,0.16481834399996842,0.5996677830000863
autoencoder,dresser/test/dresser_0269.obj,252,28808,65.01587301587301,0.4921875,4.3834449178332315,14.06640625,0.09778416416380777,0.18565682799999195,0.5560025999999425
autoencoder,dresser/test/dresser_0270.obj,252,28757,65.01587301587301,0.4921875,4.375684723067559,14.04150390625,0.09361758538331917,0.13714879299993754,0.25357256100005543
autoencoder,dresser/test/dresser_0271.obj,252,28808,65.01587301587301,0.4921875,4.407588739290086,14.06640625,0.08428459608685852,0.0912545119999777,0.5890232839999499
autoencoder,dresser/test/dresser_0272.obj,252,28780,65.01587301587301,0.4921875,4.395235186316432,14.052734375,0.10040285714412145,0.29175076000001354,0.4359109999999191
autoencoder,dresser/test/dresser_0273.obj,252,28770,65.01587301587301,0.4921875,4.377662811929397,14.0478515625,0.11204847285911818,0.2050054830000363,0.4697244309999178
autoencoder,dresser/test/dresser_0274.obj,252,28813,65.01587301587301,0.4921875,4.392225609756098,14.06884765625,0.10223926484640578,0.19325186499997926,0.44515053399993576
autoencoder,dresser/test/dresser_0275.obj,252,28738,65.01587301587301,0.4921875,4.3968788249694,14.0322265625,0.10449761706325086,0.07955615499997748,0.5269813250000652
autoencoder,dresser/test/dresser_0276.obj,252,28789,65.01587301587301,0.4921875,4.388567073170732,14.05712890625,0.08812598456351686,0.1810821640000313,0.487204987000041
autoencoder,dresser/test/dresser_0277.obj,252,28775,65.01587301587301,0.4921875,4.394471594379963,14.05029296875,0.10630536509708907,0.12060693700004776,0.48461238400000184
autoencoder,dresser/test/dresser_0278.obj,252,28779,65.01587301587301,0.4921875,4.403151774785802,14.05224609375,0.12201978888227548,0.14844424399996115,0.7155796580000242
autoencoder,dresser/test/dresser_0279.obj,252,28845,65.01587301587301,0.4921875,4.397103658536586,14.08447265625,0.09014373519404112,0.09726413099997444,0.6150044499999012
autoencoder,dresser/test/dresser_0280.obj,252,28762,65.01587301587301,0.4921875,4.384451219512195,14.0439453125,0.10268187832896533,0.14154640699996435,0.41833132399995065
autoencoder,dresser/test/dresser_0281.obj,252,28844,65.01587301587301,0.4921875,4.4130966952264385,14.083984375,0.11668683354253778,0.11792045300001064,0.49233042499997737
autoencoder,dresser/test/dresser_0282.obj,252,28785,65.01587301587301,0.4921875,4.395998778252902,14.05517578125,0.10708363029745085,0.27424914799996714,0.45879543500007003
autoencoder,dresser/test/dresser_0283.obj,252,28703,65.01587301587301,0.4921875,4.391523867809058,14.01513671875,0.10279541778890691,0.0747231020000072,0.4072076399999105
autoencoder,dresser/test/dresser_0284.obj,252,28779,65.01587301587301,0.4921875,4.3950824679291385,14.05224609375,0.09096247946377636,0.19090989300002548,0.6288661150000507
autoencoder,dresser/test/dresser_0285.obj,252,28835,65.01587301587301,0.4921875,4.387553256238588,14.07958984375,0.09966872796568893,0.22893942999996852,0.6556006109999544
autoencoder,dresser/test/dresser_0286.obj,252,28730,65.01587301587301,0.4921875,4.387599266951741,14.0283203125,0.08487329097539908,0.3242579019999994,0.4832880199999181
autoencoder,flower_pot/test/flower_pot_0150.obj,252,28681,65.01587301587301,0.4921875,4.36412051125989,14.00439453125,0.14926855340318618,0.13370078599996305,0.3556722640000771
autoencoder,flower_pot/test/flower_pot_0151.obj,232,27232,70.62068965517241,0.453125,4.300694883133291,13.296875,0.12153506358619715,0.1980434790000345,0.4002418430000034
autoencoder,flower_pot/test/flower_pot_0152.obj,252,28621,65.01587301587301,0.4921875,4.354990870359099,13.97509765625,0.12054808308344206,0.15492107000000033,0.7275395419999313
autoencoder,flower_pot/test/flower_pot_0153.obj,252,28644,65.01587301587301,0.4921875,4.3584905660377355,13.986328125,0.10109242467877443,0.25187915100002556,0.3539716289999433
autoencoder,flower_pot/test/flower_pot_0154.obj,234,27405,70.01709401709402,0.45703125,4.319829760403531,13.38134765625,0.13568722914902487,0.14725323000004664,0.5618876629999932
autoencoder,flower_pot/test/flower_pot_0155.obj,252,28636,65.01587301587301,0.4921875,4.357273280584297,13.982421875,0.14353652797858027,0.3130758170000263,0.6335317230000328
autoencoder,flower_pot/test/flower_pot_0156.obj,248,28422,66.06451612903226,0.484375,4.356529736358063,13.8779296875,0.09208352819201099,0.21188011399999596,0.5231747869999026
autoencoder,flower_pot/test/flower_pot_0157.obj,228,27112,71.85964912280701,0.4453125,4.314449395289625,13.23828125,0.09614372670865326,0.11396556399995461,0.4736899160000121
autoencoder,flower_pot/test/flower_pot_0158.obj,250,28523,65.536,0.48828125,4.355986560781918,13.92724609375,0.10823961491790893,0.10480389899998954,0.4098131260000173
autoencoder,flower_pot/test/flower_pot_0159.obj,252,28654,65.01587301587301,0.4921875,4.3600121728545345,13.9912109375,0.10701748411806708,0.20999002099995323,0.28556828199998563
autoencoder,flower_pot/test/flower_pot_0160.obj,252,28622,65.01587301587301,0.4921875,4.355143031040779,13.9755859375,0.10702053704194164,0.11206992499990065,0.35801972599995224
autoencoder,flower_pot/test/flower_pot_0161.obj,230,27174,71.23478260869565,0.44921875,4.307863031071655,13.2685546875,0.0983408424824311,0.1088759699999855,0.48166992599999503
autoencoder,flower_pot/test/flower_pot_0162.obj,240,27869,68.26666666666667,0.46875,4.3355631611698815,13.60791015625,0.14360504065739893,0.06807347699998445,0.6429468310000175
autoencoder,flower_pot/test/flower_pot_0163.obj,252,28646,65.01587301587301,0.4921875,4.358794887401095,13.9873046875,0.09909702336659951,0.08115085600002203,0.5060041010000305
autoencoder,flower_pot/test/flower_pot_0164.obj,250,28471,65.536,0.48828125,4.348045204642639,13.90185546875,0.11240186526098367,0.1072121629999856,0.5698223800000051
autoencoder,flower_pot/test/flower_pot_0165.obj,228,27044,71.85964912280701,0.4453125,4.311862244897959,13.205078125,0.09521089564259871,0.2058973740000738,0.3775948469999548
autoencoder,flower_pot/test/flower_pot_0166.obj,252,28661,65.01587301587301,0.4921875,4.361077297626293,13.99462890625,0.09381904031180965,0.2020344009999917,0.5095537240000567
autoencoder,flower_pot/test/flower_pot_0167.obj,252,28634,65.01587301587301,0.4921875,4.3569689592209375,13.9814453125,0.08471831462722093,0.19191375800005517,0.6760000669999044
autoencoder,flower_pot/test/flower_pot_0168.obj,244,28138,67.14754098360656,0.4765625,4.344966028412601,13.7392578125,0.1600816606520305,0.2072751179999841,0.5188663019999922
autoencoder,flower_pot/test/flower_pot_0169.obj,240,27842,68.26666666666667,0.46875,4.339463840399002,13.5947265625,0.11410587404225717,0.17314108000005035,0.18876213099997585
autoencoder,glass_box/test/glass_box_0172.obj,252,28764,65.01587301587301,0.4921875,4.400856793145655,14.044921875,0.12253314766245718,0.14114865199996984,0.4390395579999904
autoencoder,glass_box/test/glass_box_0173.obj,252,28762,65.01587301587301,0.4921875,4.400550795593635,14.0439453125,0.11701410273195123,0.14367043599997942,0.4080065719999766
autoencoder,glass_box/test/glass_box_0174.obj,252,28789,65.01587301587301,0.4921875,4.388567073170732,14.05712890625,0.1275153193123596,0.18153109200000017,0.2760062510000125
autoencoder,glass_box/test/glass_box_0175.obj,252,28786,65.01587301587301,0.4921875,4.388109756097561,14.0556640625,0.13898824584263114,0.26396244399995794,0.3167969069999117
autoencoder,glass_box/test/glass_box_0176.obj,252,28816,65.01587301587301,0.4921875,4.400733048259011,14.0703125,0.10594382102591482,0.10696510600007514,0.5864767339999162
autoencoder,glass_box/test/glass_box_0177.obj,252,28728,65.01587301587301,0.4921875,4.387293830177153,14.02734375,0.1295042800680894,0.17821412099999634,0.49608100399996147
autoencoder,glass_box/test/glass_box_0178.obj,252,28749,65.01587301587301,0.4921875,4.390500916310324,14.03759765625,0.12336123535547519,0.15745249899998726,0.49990641499994126
autoencoder,glass_box/test/glass_box_0179.obj,252,28684,65.01587301587301,0.4921875,4.380574221136225,14.005859375,0.10791580554713247,0.1275791670000217,0.48457541799996307
autoencoder,glass_box/test/glass_box_0180.obj,252,28713,65.01587301587301,0.4921875,4.385003054367746,14.02001953125,0.12975351678281805,0.17531370799997603,0.7750364290000107
autoencoder,glass_box/test/glass_box_0181.obj,252,28741,65.01587301587301,0.4921875,4.4054261189454325,14.03369140625,0.13953413693949546,0.18681623999998465,0.4661357190000217
autoencoder,glass_box/test/glass_box_0182.obj,252,28730,65.01587301587301,0.4921875,4.387599266951741,14.0283203125,0.15451676804016634,0.09366580200003227,0.4310659940000505
autoencoder,glass_box/test/glass_box_0183.obj,252,28727,65.01587301587301,0.4921875,4.419538461538462,14.02685546875,0.11583557767092484,0.10670685499997035,0.2994362509999746
autoencoder,glass_box/test/glass_box_0184.obj,252,28750,65.01587301587301,0.4921875,4.3906536346976175,14.0380859375,0.12793966502438966,0.0680076270000427,0.2972408099999484
autoencoder,glass_box/test/glass_box_0185.obj,252,28750,65.01587301587301,0.4921875,4.3906536346976175,14.0380859375,0.12778003907231103,0.16111027699992064,0.5075158070000043
autoencoder,glass_box/test/glass_box_0186.obj,252,28747,65.01587301587301,0.4921875,4.406345800122624,14.03662109375,0.12141757705987971,0.1599294469999677,0.5512474170000132
autoencoder,glass_box/test/glass_box_0187.obj,252,28738,65.01587301587301,0.4921875,4.388821014050092,14.0322265625,0.12122950310413687,0.22610531899999842,0.38461635700002716
autoencoder,glass_box/test/glass_box_0188.obj,252,28703,65.01587301587301,0.4921875,4.383475870494808,14.01513671875,0.10780190824216015,0.14641917000005833,0.7670925769999712
autoencoder,glass_box/test/glass_box_0189.obj,252,28715,65.01587301587301,0.4921875,4.385308491142333,14.02099609375,0.10486642411749308,0.17681281400007265,0.4795744709999781
autoencoder,glass_box/test/glass_box_0190.obj,252,28712,65.01587301587301,0.4921875,4.376829268292683,14.01953125,0.13982414992506775,0.19433312000001024,0.47349202300006255
autoencoder,glass_box/test/glass_box_0191.obj,252,28737,65.01587301587301,0.4921875,4.404812998160637,14.03173828125,0.13158445395348523,0.3606773349999912,0.47738095600004726
autoencoder,glass_box/test/glass_box_0192.obj,252,28777,65.01587301587301,0.4921875,4.378727936701156,14.05126953125,0.11402721077205014,0.3159673410000323,0.40121805600006155
autoencoder,glass_box/test/glass_box_0193.obj,252,28721,65.01587301587301,0.4921875,4.3862248014660965,14.02392578125,0.13338457031203876,0.07063411199999337,0.3815546789999189
autoencoder,glass_box/test/glass_box_0194.obj,252,28753,65.01587301587301,0.4921875,4.391111789859499,14.03955078125,0.1149088944636519,0.09826538000004348,0.3294459989999723
autoencoder,glass_box/test/glass_box_0195.obj,252,28782,65.01587301587301,0.4921875,4.39554062309102,14.0537109375,0.12154806051435488,0.10582290199999989,0.3744026950000716
autoencoder,glass_box/test/glass_box_0196.obj,252,28728,65.01587301587301,0.4921875,4.387293830177153,14.02734375,0.11818245518401266,0.2427505860000565,0.42929820899996685
autoencoder,glass_box/test/glass_box_0197.obj,252,28716,65.01587301587301,0.4921875,4.3774390243902435,14.021484375,0.11036298849361717,0.09581837300004281,0.5190029660000164
autoencoder,glass_box/test/glass_box_0198.obj,252,28721,65.01587301587301,0.4921875,4.3862248014660965,14.02392578125,0.1348025914572531,0.31558237000001554,0.6715748429999167
autoencoder,glass_box/test/glass_box_0199.obj,252,28738,65.01587301587301,0.4921875,4.388821014050092,14.0322265625,0.11976122337136375,0.30386110799997823,0.5721005130000094
autoencoder,glass_box/test/glass_box_0200.obj,252,28708,65.01587301587301,0.4921875,4.376219512195122,14.017578125,0.11888930834656797,0.1471599949999245,0.5191628540000011
autoencoder,glass_box/test/glass_box_0201.obj,252,28738,65.01587301587301,0.4921875,4.380792682926829,14.0322265625,0.13765892308649058,0.18876939200004017,0.42816140999991603
autoencoder,glass_box/test/glass_box_0202.obj,252,28703,65.01587301587301,0.4921875,4.399601471489883,14.01513671875,0.1525231498202361,0.22934905299996444,0.39510845899997094
autoencoder,glass_box/test/glass_box_0203.obj,252,28725,65.01587301587301,0.4921875,4.370815581253804,14.02587890625,0.11309667479495189,0.16474303399991186,0.32120150100001865
autoencoder,glass_box/test/glass_box_0204.obj,252,28715,65.01587301587301,0.4921875,4.385308491142333,14.02099609375,0.12443104639862446,0.11334415800001807,0.42126633800000945
autoencoder,glass_box/test/glass_box_0205.obj,252,28763,65.01587301587301,0.4921875,4.3846036585365855,14.04443359375,0.11671413352634408,0.24023374099999728,0.5917767649999632
autoencoder,glass_box/test/glass_box_0206.obj,252,28687,65.01587301587301,0.4921875,4.381032376298107,14.00732421875,0.10914285367448823,0.2167832789999693,0.5434805319999896
autoencoder,glass_box/test/glass_box_0207.obj,252,28719,65.01587301587301,0.4921875,4.393971848225214,14.02294921875,0.11532045395995057,0.2069888839999976,0.5028080490000093
autoencoder,glass_box/test/glass_box_0208.obj,252,28715,65.01587301587301,0.4921875,4.385308491142333,14.02099609375,0.12217092078616265,0.11110224399999424,0.5408873770001037
autoencoder,glass_box/test/glass_box_0209.obj,252,28723,65.01587301587301,0.4921875,4.3865302382406846,14.02490234375,0.13589657280852058,0.0771510860000717,0.680766865999999
autoencoder,glass_box/test/glass_box_0210.obj,252,28770,65.01587301587301,0.4921875,4.401774785801714,14.0478515625,0.12933463780895552,0.14131425999994462,0.7849299549999387
autoencoder,glass_box/test/glass_box_0211.obj,252,28760,65.01587301587301,0.4921875,4.392180818570556,14.04296875,0.12003759550677456,0.23209263899991583,0.5657957290000013
autoencoder,glass_box/test/glass_box_0212.obj,252,28755,65.01587301587301,0.4921875,4.3753804017041995,14.04052734375,0.13129217498813978,0.318127507999975,0.7702875109999923
autoencoder,glass_box/test/glass_box_0213.obj,252,28724,65.01587301587301,0.4921875,4.394736842105263,14.025390625,0.12150392730804063,0.2711886179999965,0.3448964630000546
autoencoder,glass_box/test/glass_box_0214.obj,252,28770,65.01587301587301,0.4921875,4.401774785801714,14.0478515625,0.13799325003853144,0.16604981799991947,0.43403674699993644
autoencoder,glass_box/test/glass_box_0215.obj,252,28749,65.01587301587301,0.4921875,4.390500916310324,14.03759765625,0.12491494498487828,0.13214569800004483,0.5206042629999956
autoencoder,glass_box/test/glass_box_0216.obj,252,28746,65.01587301587301,0.4921875,4.406192519926425,14.0361328125,0.11314209366042652,0.1537483519999796,0.6038614359999883
autoencoder,glass_box/test/glass_box_0217.obj,252,28731,65.01587301587301,0.4921875,4.379725609756098,14.02880859375,0.11945356887632533,0.17500545899997633,0.6471705490000659
autoencoder,glass_box/test/glass_box_0218.obj,252,28746,65.01587301587301,0.4921875,4.390042761148442,14.0361328125,0.13649808434812905,0.1655011379999678,0.645518202000062
autoencoder,glass_box/test/glass_box_0219.obj,252,28786,65.01587301587301,0.4921875,4.388109756097561,14.0556640625,0.1137825245324507,0.3623464289998992,0.497524584999951
autoencoder,glass_box/test/glass_box_0220.obj,252,28642,65.01587301587301,0.4921875,4.366158536585366,13.9853515625,0.0990994746069608,0.1965294429999176,0.5017486599999756
autoencoder,glass_box/test/glass_box_0221.obj,252,28781,65.01587301587301,0.4921875,4.403457772337822,14.05322265625,0.11045215786992851,0.2242460200000096,0.5046250330000248
autoencoder,glass_box/test/glass_box_0222.obj,252,28718,65.01587301587301,0.4921875,4.401900674432864,14.0224609375,0.12288597524703368,0.2908652419999953,0.6718234639999991
autoencoder,glass_box/test/glass_box_0223.obj,252,28781,65.01587301587301,0.4921875,4.403457772337822,14.05322265625,0.11130262508957864,0.19965400900002805,0.43969607099995756
autoencoder,glass_box/test/glass_box_0224.obj,252,28761,65.01587301587301,0.4921875,4.39233353695785,14.04345703125,0.12826905518714246,0.1972779120000041,0.3142775530000108
autoencoder,glass_box/test/glass_box_0225.obj,252,28719,65.01587301587301,0.4921875,4.393971848225214,14.02294921875,0.1497971456341013,0.12977821700008008,0.3962272329999905
autoencoder,glass_box/test/glass_box_0226.obj,252,28723,65.01587301587301,0.4921875,4.3865302382406846,14.02490234375,0.13724582736312685,0.16821509999999762,0.5036755219999804
autoencoder,glass_box/test/glass_box_0227.obj,252,28770,65.01587301587301,0.4921875,4.401774785801714,14.0478515625,0.13078842963449366,0.25448858600009316,0.35560350800005835
autoencoder,glass_box/test/glass_box_0228.obj,252,28754,65.01587301587301,0.4921875,4.391264508246793,14.0400390625,0.12392524824742894,0.0842383610000752,0.342068390999998
autoencoder,glass_box/test/glass_box_0229.obj,252,28763,65.01587301587301,0.4921875,4.3846036585365855,14.04443359375,0.11718109919136913,0.09863867500007473,0.2892045829999006
autoencoder,glass_box/test/glass_box_0230.obj,252,28725,65.01587301587301,0.4921875,4.370815581253804,14.02587890625,0.11171875489074735,0.16083230399999593,0.58723187399994
autoencoder,glass_box/test/glass_box_0231.obj,252,28736,65.01587301587301,0.4921875,4.372489348752282,14.03125,0.12870573760522502,0.1652943750000304,0.46642351599996346
autoencoder,glass_box/test/glass_box_0232.obj,252,28786,65.01587301587301,0.4921875,4.388109756097561,14.0556640625,0.11369483711248721,0.2995172089999869,0.42479038299995864
autoencoder,glass_box/test/glass_box_0233.obj,252,28762,65.01587301587301,0.4921875,4.392486255345143,14.0439453125,0.13120098979211198,0.33212542899991604,0.8255307450000373
autoencoder,glass_box/test/glass_box_0234.obj,252,28770,65.01587301587301,0.4921875,4.401774785801714,14.0478515625,0.13083939207848366,0.2829661020000458,0.3366703060000873
autoencoder,glass_box/test/glass_box_0235.obj,252,28782,65.01587301587301,0.4921875,4.39554062309102,14.0537109375,0.11670070210982009,0.10431974200002969,0.2475221250000459
autoencoder,glass_box/test/glass_box_0236.obj,252,28733,65.01587301587301,0.4921875,4.412315724815725,14.02978515625,0.1332280527802104,0.13586252699997203,0.4623332500000288
autoencoder,glass_box/test/glass_box_0237.obj,252,28706,65.01587301587301,0.4921875,4.367924528301887,14.0166015625,0.0850942058987111,0.07173001599994677,0.679124995000052
autoencoder,glass_box/test/glass_box_0238.obj,252,28733,65.01587301587301,0.4921875,4.412315724815725,14.02978515625,0.1348045309645175,0.10579353599996466,0.6413609889999634
autoencoder,glass_box/test/glass_box_0239.obj,252,28782,65.01587301587301,0.4921875,4.39554062309102,14.0537109375,0.11589614252791657,0.18429840700002842,0.7196495379999988
autoencoder,glass_box/test/glass_box_0240.obj,252,28760,65.01587301587301,0.4921875,4.384146341463414,14.04296875,0.12315290084174094,0.1712116580000611,0.48168806099999983
autoencoder,glass_box/test/glass_box_0241.obj,252,28721,65.01587301587301,0.4921875,4.3862248014660965,14.02392578125,0.14115811164653008,0.1803361859999768,0.5696879710000076
autoencoder,glass_box/test/glass_box_0242.obj,252,28808,65.01587301587301,0.4921875,4.3995113011606595,14.06640625,0.11482646141857464,0.21799793700006376,0.664747297999952
autoencoder,glass_box/test/glass_box_0243.obj,252,28624,65.01587301587301,0.4921875,4.363414634146341,13.9765625,0.10446881850294917,0.2143694339999911,0.36303868100003456
autoencoder,glass_box/test/glass_box_0244.obj,252,28670,65.01587301587301,0.4921875,4.378436163714111,13.9990234375,0.1424917446189446,0.1644042340000169,0.5379950279999548
autoencoder,glass_box/test/glass_box_0245.obj,252,28642,65.01587301587301,0.4921875,4.366158536585366,13.9853515625,0.0989179200953462,0.1467394679999643,0.5292504280000685
autoencoder,glass_box/test/glass_box_0246.obj,252,28793,65.01587301587301,0.4921875,4.397220525351252,14.05908203125,0.12279145548996412,0.32439208699997835,0.5819122290000678
autoencoder,glass_box/test/glass_box_0247.obj,252,28761,65.01587301587301,0.4921875,4.39233353695785,14.04345703125,0.12821358346547387,0.21177005599997756,0.6556367400000909
autoencoder,glass_box/test/glass_box_0248.obj,252,28653,65.01587301587301,0.4921875,4.367835365853659,13.99072265625,0.10447507504070319,0.15439442299998518,0.4266067869999688
autoencoder,glass_box/test/glass_box_0249.obj,252,28738,65.01587301587301,0.4921875,4.380792682926829,14.0322265625,0.11219878533215169,0.2181453489999967,0.4007988270000169
autoencoder,glass_box/test/glass_box_0250.obj,252,28690,65.01587301587301,0.4921875,4.3814905314599875,14.0087890625,0.1317065483247872,0.171610931000032,0.335435523000001
autoencoder,glass_box/test/glass_box_0251.obj,252,28716,65.01587301587301,0.4921875,4.3774390243902435,14.021484375,0.1097654355549506,0.11598778500001572,0.35852163499998824
autoencoder,glass_box/test/glass_box_0252.obj,252,28761,65.01587301587301,0.4921875,4.39233353695785,14.04345703125,0.11679081789827592,0.09541673800003991,0.386974433999967
autoencoder,glass_box/test/glass_box_0253.obj,252,28812,65.01587301587301,0.4921875,4.408200734394125,14.068359375,0.12284341608333786,0.13880010799994125,0.5183669020000252
autoencoder,glass_box/test/glass_box_0254.obj,252,28733,65.01587301587301,0.4921875,4.388057422113622,14.02978515625,0.13797008921825438,0.39614841900004194,0.2761860110000498
autoencoder,glass_box/test/glass_box_0255.obj,252,28710,65.01587301587301,0.4921875,4.368533171028607,14.0185546875,0.11932863508702077,0.1673282440000321,0.3309566980000227
autoencoder,glass_box/test/glass_box_0256.obj,252,28721,65.01587301587301,0.4921875,4.3862248014660965,14.02392578125,0.13612622546586023,0.1808537530000649,0.3593769709999606
autoencoder,glass_box/test/glass_box_0257.obj,252,28725,65.01587301587301,0.4921875,4.394889840881273,14.02587890625,0.10896494819270677,0.25225683700000445,0.7023176700000704
autoencoder,glass_box/test/glass_box_0258.obj,252,28746,65.01587301587301,0.4921875,4.390042761148442,14.0361328125,0.13627604409218547,0.1909720500000276,0.49163128800000777
autoencoder,glass_box/test/glass_box_0259.obj,252,28699,65.01587301587301,0.4921875,4.382864996945632,14.01318359375,0.14931211214108464,0.1804329639999196,0.22205474400004732
autoencoder,glass_box/test/glass_box_0260.obj,252,28724,65.01587301587301,0.4921875,4.402820355610055,14.025390625,0.15390249517501078,0.1514765230000421,0.3061755759999869
autoencoder,glass_box/test/glass_box_0261.obj,252,28702,65.01587301587301,0.4921875,4.3994481912936845,14.0146484375,0.11633107346295521,0.08080616699999155,0.2557335559999956
autoencoder,glass_box/test/glass_box_0262.obj,252,28693,65.01587301587301,0.4921875,4.373932926829268,14.01025390625,0.1515973870493662,0.313151959000038,0.5643180319999601
autoencoder,glass_box/test/glass_box_0263.obj,252,28761,65.01587301587301,0.4921875,4.39233353695785,14.04345703125,0.14639072141021514,0.14069613399999525,0.5656553540000004
autoencoder,glass_box/test/glass_box_0264.obj,252,28736,65.01587301587301,0.4921875,4.396572827417381,14.03125,0.1220929056102589,0.16887903899998946,0.5921679420000601
autoencoder,glass_box/test/glass_box_0265.obj,252,28751,65.01587301587301,0.4921875,4.3827743902439025,14.03857421875,0.10374777480949374,0.23763573999997334,0.35044872100002067
autoencoder,glass_box/test/glass_box_0266.obj,252,28757,65.01587301587301,0.4921875,4.383689024390244,14.04150390625,0.14014689698995952,0.14515459599999758,0.37751734300002227
autoencoder,glass_box/test/glass_box_0267.obj,250,28524,65.536,0.48828125,4.3802211302211305,13.927734375,0.07020680791482133,0.1966271979999874,0.5708461639999314
autoencoder,glass_box/test/glass_box_0268.obj,252,28789,65.01587301587301,0.4921875,4.388567073170732,14.05712890625,0.12804309593478835,0.24258781399998952,0.3143261310000298
autoencoder,glass_box/test/glass_box_0269.obj,252,28757,65.01587301587301,0.4921875,4.383689024390244,14.04150390625,0.13951571148771066,0.12370692299998609,0.3217829379999557
autoencoder,glass_box/test/glass_box_0270.obj,252,28712,65.01587301587301,0.4921875,4.376829268292683,14.01953125,0.1391372557655851,0.2639991190000046,0.3479376550000097
autoencoder,glass_box/test/glass_box_0271.obj,252,28738,65.01587301587301,0.4921875,4.3968788249694,14.0322265625,0.10470459241510878,0.20560883699999977,0.30874534700001277
autoencoder,guitar/test/guitar_0156.obj,252,28636,65.01587301587301,0.4921875,4.357273280584297,13.982421875,0.19176960075119126,0.12253622200000791,0.2823724329999777
autoencoder,guitar/test/guitar_0157.obj,252,28701,65.01587301587301,0.4921875,4.3831704337202195,14.01416015625,0.2237104304060707,0.06670664299997497,0.2281202750000375
autoencoder,guitar/test/guitar_0158.obj,252,28658,65.01587301587301,0.4921875,4.368597560975609,13.9931640625,0.19182806245140027,0.2252062269999442,0.7150170879999678
autoencoder,guitar/test/guitar_0159.obj,252,28614,65.01587301587301,0.4921875,4.353925745587341,13.9716796875,0.24939531316624897,0.24050576899992393,0.649883415999966
autoencoder,guitar/test/guitar_0160.obj,252,28681,65.01587301587301,0.4921875,4.372103658536585,14.00439453125,0.21113539022642047,0.1284113399999569,0.45570225300002676
autoencoder,guitar/test/guitar_0161.obj,252,28643,65.01587301587301,0.4921875,4.358338405356056,13.98583984375,0.21704112148323815,0.12943901500000266,0.2768382329999213
autoencoder,guitar/test/guitar_0162.obj,250,28543,65.536,0.48828125,4.3590409285277945,13.93701171875,0.19468866518817463,0.1162536109999337,0.3836290229999122
autoencoder,guitar/test/guitar_0163.obj,252,28686,65.01587301587301,0.4921875,4.372865853658537,14.0068359375,0.18118673169084162,0.16618821800000205,0.34430863400007183
autoencoder,guitar/test/guitar_0164.obj,250,28529,65.536,0.48828125,4.356902871105681,13.93017578125,0.22288049657332193,0.12144280899997284,0.5327173849999554
autoencoder,guitar/test/guitar_0165.obj,250,28489,65.536,0.48828125,4.358782129742962,13.91064453125,0.2523387282402345,0.18934146899994175,0.4954903400000603
autoencoder,guitar/test/guitar_0166.obj,252,28618,65.01587301587301,0.4921875,4.378518971848226,13.9736328125,0.2329417598022907,0.20975340999996206,0.5676867140000468
autoencoder,guitar/test/guitar_0167.obj,252,28634,65.01587301587301,0.4921875,4.3569689592209375,13.9814453125,0.23251640810522262,0.15011887100001786,0.5792790369999921
autoencoder,guitar/test/guitar_0168.obj,248,28408,66.06451612903226,0.484375,4.354383813611282,13.87109375,0.20714375417681996,0.1621304949999285,0.35484574400004476
autoencoder,guitar/test/guitar_0169.obj,252,28669,65.01587301587301,0.4921875,4.362294583079732,13.99853515625,0.20973191887353274,0.20770061400003215,0.39059779299998354
autoencoder,guitar/test/guitar_0170.obj,250,28445,65.536,0.48828125,4.344074526572999,13.88916015625,0.20880740742639053,0.18985659899999519,0.4899832599999172
autoencoder,guitar/test/guitar_0171.obj,252,28662,65.01587301587301,0.4921875,4.361229458307974,13.9951171875,0.1994505333535307,0.16887897300000532,0.46678387600002225
autoencoder,guitar/test/guitar_0172.obj,252,28676,65.01587301587301,0.4921875,4.363359707851491,14.001953125,0.2442464963884598,0.24689641999998457,0.6776121789999934
autoencoder,guitar/test/guitar_0173.obj,248,28381,66.06451612903226,0.484375,4.350245248313918,13.85791015625,0.21163500029845939,0.23558018200003517,0.5402733269999089
autoencoder,guitar/test/guitar_0174.obj,252,28658,65.01587301587301,0.4921875,4.360620815581254,13.9931640625,0.23223378989542443,0.18250674299997627,1.4326361990000578
autoencoder,guitar/test/guitar_0175.obj,252,28656,65.01587301587301,0.4921875,4.360316494217894,13.9921875,0.22775706187413214,0.624291224999979,1.0036914000000934
autoencoder,guitar/test/guitar_0176.obj,248,28393,66.06451612903226,0.484375,4.352084610668301,13.86376953125,0.2279551720108342,0.7845834940000032,0.4671251580000444
autoencoder,guitar/test/guitar_0177.obj,252,28647,65.01587301587301,0.4921875,4.366920731707317,13.98779296875,0.21649914114970678,0.4406181580000066,0.45844620200000463
autoencoder,guitar/test/guitar_0178.obj,252,28701,65.01587301587301,0.4921875,4.37515243902439,14.01416015625,0.22936032607256798,0.20916294299991023,0.39663419500004693
autoencoder,guitar/test/guitar_0179.obj,250,28462,65.536,0.48828125,4.346670739156995,13.8974609375,0.21832214108893933,0.2326019440000664,0.6088710290000563
autoencoder,guitar/test/guitar_0180.obj,252,28630,65.01587301587301,0.4921875,4.356360316494218,13.9794921875,0.20645875592411955,0.10725055700004305,0.29183087100000193
autoencoder,guitar/test/guitar_0181.obj,252,28597,65.01587301587301,0.4921875,4.351339013998783,13.96337890625,0.22244601959593505,0.08313621599995713,0.32467639599997256
autoencoder,guitar/test/guitar_0182.obj,252,28603,65.01587301587301,0.4921875,4.352251978088862,13.96630859375,0.2147056718746457,0.12499650399990969,0.3358852100000149
autoencoder,guitar/test/guitar_0183.obj,252,28697,65.01587301587301,0.4921875,4.382559560171044,14.01220703125,0.22156811452202102,0.1478348120000419,0.38984473200002867
autoencoder,guitar/test/guitar_0184.obj,250,28514,65.536,0.48828125,4.3546120952962735,13.9228515625,0.2463911531062835,0.2865896219999513,0.574467784000035
autoencoder,guitar/test/guitar_0185.obj,246,28213,66.60162601626017,0.48046875,4.348489519112207,13.77587890625,0.22510861675407978,0.23829823899995972,0.5528083689999903
autoencoder,guitar/test/guitar_0186.obj,252,28625,65.01587301587301,0.4921875,4.355599513085819,13.97705078125,0.23485848593341113,0.11753761800002849,0.49143041900003936
autoencoder,guitar/test/guitar_0187.obj,252,28626,65.01587301587301,0.4921875,4.355751673767498,13.9775390625,0.2419803464476325,0.07964992999995957,0.49332845399999314
autoencoder,guitar/test/guitar_0188.obj,250,28524,65.536,0.48828125,4.3641370869033045,13.927734375,0.19825069482127744,0.2053954440000325,0.7113660740000114
autoencoder,guitar/test/guitar_0189.obj,252,28704,65.01587301587301,0.4921875,4.367620206938527,14.015625,0.21088102133002362,0.23111421700002666,0.5445531000000301
autoencoder,guitar/test/guitar_0190.obj,252,28690,65.01587301587301,0.4921875,4.373475609756097,14.0087890625,0.20382536208821178,0.06921595699998306,0.3908486810000795
autoencoder,guitar/test/guitar_0191.obj,248,28442,66.06451612903226,0.484375,4.359595340282036,13.8876953125,0.1679870563928506,0.1435867129999906,0.4504469710000194
autoencoder,guitar/test/guitar_0192.obj,252,28647,65.01587301587301,0.4921875,4.358947048082776,13.98779296875,0.21670065089451893,0.20044181399998706,0.374715464000019
autoencoder,guitar/test/guitar_0193.obj,252,28703,65.01587301587301,0.4921875,4.367468046256847,14.01513671875,0.2279898544597224,0.11844385500000953,0.5321442660000457
autoencoder,guitar/test/guitar_0194.obj,252,28674,65.01587301587301,0.4921875,4.363055386488131,14.0009765625,0.21955557242961576,0.10496032800006105,0.33611446099996556
autoencoder,guitar/test/guitar_0195.obj,252,28785,65.01587301587301,0.4921875,4.379945222154595,14.05517578125,0.1913396437135838,0.2451984670000229,0.569446292000066
autoencoder,guitar/test/guitar_0196.obj,252,28630,65.01587301587301,0.4921875,4.372327428222358,13.9794921875,0.2383745232393643,0.18210345199997846,0.562426381000023
autoencoder,guitar/test/guitar_0197.obj,252,28599,65.01587301587301,0.4921875,4.351643335362143,13.96435546875,0.209461071451117,0.18665996800007179,0.5269838430000391
autoencoder,guitar/test/guitar_0198.obj,252,28599,65.01587301587301,0.4921875,4.359603658536585,13.96435546875,0.20627098835965274,0.24733952999997655,0.6069371749999846
autoencoder,guitar/test/guitar_0199.obj,252,28672,65.01587301587301,0.4921875,4.362751065124772,14.0,0.24046602370904557,0.24709459300004255,0.4282844809999915
autoencoder,guitar/test/guitar_0200.obj,252,28705,65.01587301587301,0.4921875,4.367772367620207,14.01611328125,0.2147942771934454,0.1556850959999565,0.7548566409999466
autoencoder,guitar/test/guitar_0201.obj,252,28716,65.01587301587301,0.4921875,4.369446135118685,14.021484375,0.22095977225119448,0.24041862199999287,0.3729133820000925
autoencoder,guitar/test/guitar_0202.obj,252,28617,65.01587301587301,0.4921875,4.35438222763238,13.97314453125,0.21597307854750147,0.14419980299999224,0.3379078959999333
autoencoder,guitar/test/guitar_0203.obj,252,28665,65.01587301587301,0.4921875,4.369664634146342,13.99658203125,0.19349943839671727,0.1805464369999754,0.27587674599999445
autoencoder,guitar/test/guitar_0204.obj,252,28623,65.01587301587301,0.4921875,4.355295191722459,13.97607421875,0.22013579512133055,0.16773305999993227,0.5215771770000401
autoencoder,guitar/test/guitar_0205.obj,252,28619,65.01587301587301,0.4921875,4.35468654899574,13.97412109375,0.22623398481350138,0.2015421509998987,0.5098706439999887
autoencoder,guitar/test/guitar_0206.obj,252,28644,65.01587301587301,0.4921875,4.374465485644472,13.986328125,0.23473828193926694,0.2574309899999889,0.4678661089999423
autoencoder,guitar/test/guitar_0207.obj,252,28688,65.01587301587301,0.4921875,4.365185636031649,14.0078125,0.23298087160406628,0.09244809599999826,0.25249056100005873
autoencoder,guitar/test/guitar_0208.obj,252,28727,65.01587301587301,0.4921875,4.371119902617163,14.02685546875,0.20983891367910382,0.10480870100002448,0.4402292719998968
autoencoder,guitar/test/guitar_0209.obj,252,28718,65.01587301587301,0.4921875,4.369750456482045,14.0224609375,0.235949529700622,0.1479825210000172,0.3451449000000366
autoencoder,guitar/test/guitar_0210.obj,252,28659,65.01587301587301,0.4921875,4.3607729762629335,13.99365234375,0.19931304899596247,0.2024876589999849,0.4313715330000605
autoencoder,guitar/test/guitar_0211.obj,252,28607,65.01587301587301,0.4921875,4.360823170731707,13.96826171875,0.22201106144269572,0.1365717069999164,0.5671249009999428
autoencoder,guitar/test/guitar_0212.obj,252,28620,65.01587301587301,0.4921875,4.354838709677419,13.974609375,0.22327344421099576,0.18968352700005653,0.505638695000016
autoencoder,guitar/test/guitar_0213.obj,252,28664,65.01587301587301,0.4921875,4.3615337796713325,13.99609375,0.21919744770901295,0.29675233200009643,0.6140558690000262
autoencoder,guitar/test/guitar_0214.obj,252,28603,65.01587301587301,0.4921875,4.352251978088862,13.96630859375,0.23892913290375584,0.20372614200005046,0.5455947719999585
autoencoder,guitar/test/guitar_0215.obj,252,28661,65.01587301587301,0.4921875,4.369054878048781,13.99462890625,0.20720124713251928,0.25196784699994623,0.6878598499999953
autoencoder,guitar/test/guitar_0216.obj,252,28697,65.01587301587301,0.4921875,4.3665550821667685,14.01220703125,0.2442570685828043,0.24155555899994852,0.4745990779999829
autoencoder,guitar/test/guitar_0217.obj,252,28652,65.01587301587301,0.4921875,4.367682926829269,13.990234375,0.19304485569516283,0.25040202599996064,0.46885056199994324
autoencoder,guitar/test/guitar_0218.obj,252,28703,65.01587301587301,0.4921875,4.383475870494808,14.01513671875,0.25213523532467724,0.2276219889999993,0.5363139429999819
autoencoder,guitar/test/guitar_0219.obj,252,28716,65.01587301587301,0.4921875,4.3774390243902435,14.021484375,0.2167915483578497,0.1028881279999041,0.4726742599999625
autoencoder,guitar/test/guitar_0220.obj,252,28653,65.01587301587301,0.4921875,4.367835365853659,13.99072265625,0.22112131260063278,0.3086224310000034,0.38815857599990977
autoencoder,guitar/test/guitar_0221.obj,252,28733,65.01587301587301,0.4921875,4.388057422113622,14.02978515625,0.23198367075083307,0.2017604239999855,0.4102880109999205
autoencoder,guitar/test/guitar_0222.obj,252,28671,65.01587301587301,0.4921875,4.362598904443092,13.99951171875,0.21664782591001755,0.16726561100006165,0.2932962919999227
autoencoder,guitar/test/guitar_0223.obj,252,28669,65.01587301587301,0.4921875,4.370274390243902,13.99853515625,0.2265155921644036,0.11042696100003013,0.43039456299993617
autoencoder,guitar/test/guitar_0224.obj,248,28451,66.06451612903226,0.484375,4.360974862047823,13.89208984375,0.22601883792266678,0.17658638800003246,0.4731836679999333
autoencoder,guitar/test/guitar_0225.obj,246,28289,66.60162601626017,0.48046875,4.352153846153846,13.81298828125,0.22623252698417134,0.2231977190000407,0.6280525129999432
autoencoder,guitar/test/guitar_0226.obj,252,28608,65.01587301587301,0.4921875,4.368967623701893,13.96875,0.2262668002579782,0.16759928400006174,0.9533529149999822
autoencoder,guitar/test/guitar_0227.obj,252,28644,65.01587301587301,0.4921875,4.3584905660377355,13.986328125,0.22179736714195863,0.3047645400000647,0.5094750370000156
autoencoder,guitar/test/guitar_0228.obj,252,28686,65.01587301587301,0.4921875,4.372865853658537,14.0068359375,0.20662280317194004,0.22639593500002775,0.6028316089999635
autoencoder,guitar/test/guitar_0229.obj,252,28637,65.01587301587301,0.4921875,4.373396456933415,13.98291015625,0.2457728445736314,0.14348629700009496,0.4674338480000415
autoencoder,guitar/test/guitar_0230.obj,252,28696,65.01587301587301,0.4921875,4.382406841783751,14.01171875,0.2116990821946605,0.12763726899993344,0.3707539900000256
autoencoder,guitar/test/guitar_0231.obj,246,28253,66.60162601626017,0.48046875,4.346615384615385,13.79541015625,0.2067778420712827,0.2625941659999853,0.631473346000007
autoencoder,guitar/test/guitar_0232.obj,252,28586,65.01587301587301,0.4921875,4.3496652465003045,13.9580078125,0.20698111897739735,0.08905047099995045,0.4104575119999936
autoencoder,guitar/test/guitar_0233.obj,252,28574,65.01587301587301,0.4921875,4.347839318320146,13.9521484375,0.23091365788384283,0.12195873799998935,0.43923762700001134
autoencoder,guitar/test/guitar_0234.obj,252,28612,65.01587301587301,0.4921875,4.361585365853658,13.970703125,0.23904456121834916,0.16097885400006362,0.5233248929999945
autoencoder,guitar/test/guitar_0235.obj,252,28654,65.01587301587301,0.4921875,4.367987804878049,13.9912109375,0.21934731318416578,0.1475544439999794,0.7536257589999877
autoencoder,guitar/test/guitar_0236.obj,252,28655,65.01587301587301,0.4921875,4.368140243902439,13.99169921875,0.22687132841784025,0.3050995339999645,0.3832276670000283
autoencoder,guitar/test/guitar_0237.obj,252,28675,65.01587301587301,0.4921875,4.363207547169812,14.00146484375,0.23424892076996476,0.1198740549999684,0.2962809210000614
autoencoder,guitar/test/guitar_0238.obj,252,28689,65.01587301587301,0.4921875,4.373323170731707,14.00830078125,0.18886518550800158,0.1008924750000233,0.3594448520000242
autoencoder,guitar/test/guitar_0239.obj,250,28610,65.536,0.48828125,4.369273060476481,13.9697265625,0.2473609084264578,0.14639002900003106,0.3880668430000469
autoencoder,guitar/test/guitar_0240.obj,252,28628,65.01587301587301,0.4921875,4.364024390243903,13.978515625,0.22712743657946807,0.1335722229999874,0.41234553999993295
autoencoder,guitar/test/guitar_0241.obj,252,28645,65.01587301587301,0.4921875,4.366615853658536,13.98681640625,0.2148710007522333,0.19744179600002099,0.6847613350000756
autoencoder,guitar/test/guitar_0242.obj,252,28693,65.01587301587301,0.4921875,4.365946439440049,14.01025390625,0.19381160302305195,0.10733481700003722,0.49229166600002827
autoencoder,guitar/test/guitar_0243.obj,252,28631,65.01587301587301,0.4921875,4.364481707317073,13.97998046875,0.22236681685071444,0.2663912379999829,0.4683064150000291
autoencoder,guitar/test/guitar_0244.obj,250,28504,65.536,0.48828125,4.353084911423335,13.91796875,0.2356050794491695,0.19262031400000978,0.4140946359999589
autoencoder,guitar/test/guitar_0245.obj,252,28597,65.01587301587301,0.4921875,4.351339013998783,13.96337890625,0.21915307696061428,0.10645604100000128,0.3306406340000194
autoencoder,guitar/test/guitar_0246.obj,252,28697,65.01587301587301,0.4921875,4.3665550821667685,14.01220703125,0.1965899627150018,0.13207943999998406,0.45961775300008867
autoencoder,guitar/test/guitar_0247.obj,252,28686,65.01587301587301,0.4921875,4.372865853658537,14.0068359375,0.22496332905310873,0.08741959299993596,0.3099246540000422
autoencoder,guitar/test/guitar_0248.obj,252,28603,65.01587301587301,0.4921875,4.352251978088862,13.96630859375,0.21672622034238617,0.10542073800002072,0.5284455949999938
autoencoder,guitar/test/guitar_0249.obj,252,28723,65.01587301587301,0.4921875,4.402667075413857,14.02490234375,0.23057334105335361,0.3673815250000416,0.429838823999944
autoencoder,guitar/test/guitar_0250.obj,252,28707,65.01587301587301,0.4921875,4.3680766889835665,14.01708984375,0.22346174811116643,0.1124344890000657,0.3266177799999923
autoencoder,guitar/test/guitar_0251.obj,252,28709,65.01587301587301,0.4921875,4.392441860465116,14.01806640625,0.2019063611771945,0.10704548299997896,0.34102611200000865
autoencoder,guitar/test/guitar_0252.obj,252,28687,65.01587301587301,0.4921875,4.373018292682927,14.00732421875,0.25240907476328706,0.16635595799994007,0.5474322860000029
autoencoder,guitar/test/guitar_0253.obj,250,28523,65.536,0.48828125,4.3720110361741265,13.92724609375,0.21641119798095984,0.14487690299995393,0.4563965930000222
autoencoder,guitar/test/guitar_0254.obj,252,28675,65.01587301587301,0.4921875,4.3872399020807835,14.00146484375,0.22591888495809279,0.20364115300003505,0.5498888560000523
autoencoder,guitar/test/guitar_0255.obj,252,28655,65.01587301587301,0.4921875,4.360164333536214,13.99169921875,0.23775803673076806,0.08613014000002295,0.5108957369999416
autoencoder,keyboard/test/keyboard_0146.obj,252,28734,65.01587301587301,0.4921875,4.372185027388923,14.0302734375,0.21443712354616734,0.2036041149999619,0.3175418579999132
autoencoder,keyboard/test/keyboard_0147.obj,252,28681,65.01587301587301,0.4921875,4.380116065974343,14.00439453125,0.21470675054934485,0.13813639699992564,0.4282704920000242
autoencoder,keyboard/test/keyboard_0148.obj,252,28631,65.01587301587301,0.4921875,4.364481707317073,13.97998046875,0.19747291075823586,0.3451901140000473,0.4820913329999712
autoencoder,keyboard/test/keyboard_0149.obj,252,28677,65.01587301587301,0.4921875,4.379505192425168,14.00244140625,0.18130923920974484,0.15674524499991094,0.27188396800011105
autoencoder,keyboard/test/keyboard_0150.obj,252,28618,65.01587301587301,0.4921875,4.370494807574832,13.9736328125,0.20500737135766567,0.12224468200008687,0.4205236589999686
autoencoder,keyboard/test/keyboard_0151.obj,252,28635,65.01587301587301,0.4921875,4.357121119902617,13.98193359375,0.2224171591883673,0.15998549799996908,0.37604529599991565
autoencoder,keyboard/test/keyboard_0152.obj,252,28683,65.01587301587301,0.4921875,4.36442483262325,14.00537109375,0.17852602676371068,0.20035611900004824,0.297166041999958
autoencoder,keyboard/test/keyboard_0153.obj,252,28698,65.01587301587301,0.4921875,4.382712278558339,14.0126953125,0.17974025819071512,0.15516796300005353,0.6203180100000054
autoencoder,keyboard/test/keyboard_0154.obj,252,28579,65.01587301587301,0.4921875,4.348600121728546,13.95458984375,0.20974581911423154,0.1606823859999622,0.4468794089999619
autoencoder,keyboard/test/keyboard_0155.obj,252,28742,65.01587301587301,0.4921875,4.381402439024391,14.0341796875,0.18956702271807246,0.27134723400001803,0.5658249840000735
autoencoder,keyboard/test/keyboard_0156.obj,252,28652,65.01587301587301,0.4921875,4.367682926829269,13.990234375,0.2183149505250167,0.19045015200003945,0.5438655300000619
autoencoder,keyboard/test/keyboard_0157.obj,252,28671,65.01587301587301,0.4921875,4.3705792682926825,13.99951171875,0.1820037967179423,0.20008513599998423,0.3708965089999765
autoencoder,keyboard/test/keyboard_0158.obj,252,28667,65.01587301587301,0.4921875,4.361990261716373,13.99755859375,0.20940465057511093,0.15482184400002552,0.4844262100000378
autoencoder,keyboard/test/keyboard_0159.obj,252,28629,65.01587301587301,0.4921875,4.404461538461539,13.97900390625,0.2158717301003678,0.17576863500005402,0.5055233130000261
autoencoder,keyboard/test/keyboard_0160.obj,252,28669,65.01587301587301,0.4921875,4.3863219094247246,13.99853515625,0.2081137037945569,0.11636002699992787,0.5982514510000101
autoencoder,keyboard/test/keyboard_0161.obj,252,28621,65.01587301587301,0.4921875,4.387032495401594,13.97509765625,0.20679534996041082,0.09589937699990969,0.5890446800000291
autoencoder,keyboard/test/keyboard_0162.obj,252,28575,65.01587301587301,0.4921875,4.347991479001826,13.95263671875,0.22847794300199858,0.15982839000002969,0.44066050499998255
autoencoder,keyboard/test/keyboard_0163.obj,252,28623,65.01587301587301,0.4921875,4.363262195121951,13.97607421875,0.22976846442793727,0.17381738799997493,0.8860818839999638
autoencoder,keyboard/test/keyboard_0164.obj,252,28586,65.01587301587301,0.4921875,4.357621951219512,13.9580078125,0.24476921708261307,0.2717205090000334,0.9547259189999977
autoencoder,keyboard/test/keyboard_0165.obj,252,28636,65.01587301587301,0.4921875,4.357273280584297,13.982421875,0.23652414598824384,0.21197206199997254,0.7359090769999739
autoencoder,lamp/test/lamp_0125.obj,246,28229,66.60162601626017,0.48046875,4.342923076923077,13.78369140625,0.20495280571546598,0.3010852300000124,0.9889771460000247
autoencoder,lamp/test/lamp_0126.obj,250,28521,65.536,0.48828125,4.35568112400733,13.92626953125,0.12518293087033808,0.2737690039999734,0.8553106569999045
autoencoder,lamp/test/lamp_0127.obj,252,28675,65.01587301587301,0.4921875,4.363207547169812,14.00146484375,0.09611247054732013,0.2981783690000839,0.8594436770000584
autoencoder,lamp/test/lamp_0128.obj,250,28521,65.536,0.48828125,4.3636780905752754,13.92626953125,0.12003385296902891,0.2302326770000036,0.6694432919999826
autoencoder,lamp/test/lamp_0129.obj,252,28648,65.01587301587301,0.4921875,4.367073170731707,13.98828125,0.09254919512099741,0.3214688839999553,0.9318207210000082
autoencoder,lamp/test/lamp_0130.obj,252,28706,65.01587301587301,0.4921875,4.391982864137087,14.0166015625,0.1230479913127087,0.4248876509999491,1.1991255110000338
autoencoder,lamp/test/lamp_0131.obj,252,28643,65.01587301587301,0.4921875,4.358338405356056,13.98583984375,0.11712395489254906,0.333631448999995,0.6526254469999913
autoencoder,lamp/test/lamp_0132.obj,252,28643,65.01587301587301,0.4921875,4.366310975609756,13.98583984375,0.15652981910112893,0.2177850310000622,0.6130599130000292
autoencoder,lamp/test/lamp_0133.obj,250,28522,65.536,0.48828125,4.355833842394624,13.9267578125,0.14193511065688613,0.28367644999991626,0.6162036919999991
autoencoder,lamp/test/lamp_0134.obj,250,28553,65.536,0.48828125,4.360568112400733,13.94189453125,0.20236325283425483,0.2524368979999281,0.6922954970000319
autoencoder,lamp/test/lamp_0135.obj,250,28477,65.536,0.48828125,4.356946144430845,13.90478515625,0.13464991637587465,0.2591856279999547,0.8075640260000227
autoencoder,lamp/test/lamp_0136.obj,252,28689,65.01587301587301,0.4921875,4.365337796713329,14.00830078125,0.15911709356493667,0.1680755950000048,0.9759190659999604
autoencoder,lamp/test/lamp_0137.obj,250,28534,65.536,0.48828125,4.35766646304215,13.9326171875,0.15054858421671088,0.2512184019999495,0.5877000289999614
autoencoder,lamp/test/lamp_0138.obj,244,28155,67.14754098360656,0.4765625,4.355662128712871,13.74755859375,0.11921089085199725,0.19652292899991153,0.4219880660000399
autoencoder,lamp/test/lamp_0139.obj,250,28495,65.536,0.48828125,4.359700122399021,13.91357421875,0.09015225358391865,0.10922857499997463,0.40833199600001535
autoencoder,lamp/test/lamp_0140.obj,250,28536,65.536,0.48828125,4.357971899816738,13.93359375,0.12367645682386169,0.18626920200006225,0.7846531760000062
autoencoder,lamp/test/lamp_0141.obj,246,28310,66.60162601626017,0.48046875,4.355384615384615,13.8232421875,0.14999171508165093,0.31143535000001066,0.891015670999991
autoencoder,lamp/test/lamp_0142.obj,250,28535,65.536,0.48828125,4.365820073439412,13.93310546875,0.12481263309619342,0.18545854399997097,0.7232384669999874
autoencoder,lamp/test/lamp_0143.obj,252,28670,65.01587301587301,0.4921875,4.362446743761412,13.9990234375,0.15085933390770662,0.1450025670000059,0.7402197119999983
autoencoder,lamp/test/lamp_0144.obj,252,28677,65.01587301587301,0.4921875,4.363511868533171,14.00244140625,0.11816565101047956,0.2636307669999951,0.5116887430000361
autoencoder,laptop/test/laptop_0150.obj,252,28635,65.01587301587301,0.4921875,4.373091020158827,13.98193359375,0.11858921899628722,0.17830306999996992,0.42467338800008747
autoencoder,laptop/test/laptop_0151.obj,252,28691,65.01587301587301,0.4921875,4.373628048780488,14.00927734375,0.23144301208719842,0.1413268320000043,0.4680475179999348
autoencoder,laptop/test/laptop_0152.obj,252,28650,65.01587301587301,0.4921875,4.375381795968234,13.9892578125,0.12612742743484084,0.11286652199999025,0.38668592599992735
autoencoder,laptop/test/laptop_0153.obj,252,28686,65.01587301587301,0.4921875,4.380879657910812,14.0068359375,0.12817847684000222,0.23408106299996234,0.9636839650000866
autoencoder,laptop/test/laptop_0154.obj,252,28624,65.01587301587301,0.4921875,4.363414634146341,13.9765625,0.10427060385387285,0.2911553010000034,0.8086549930000047
autoencoder,laptop/test/laptop_0155.obj,252,28697,65.01587301587301,0.4921875,4.3665550821667685,14.01220703125,0.12980451832873738,0.1722316039999896,0.5357683459999407
autoencoder,laptop/test/laptop_0156.obj,250,28495,65.536,0.48828125,4.351710445937691,13.91357421875,0.1149865548745817,0.1961757829999442,0.7054799049999474
autoencoder,laptop/test/laptop_0157.obj,252,28674,65.01587301587301,0.4921875,4.371036585365854,14.0009765625,0.22243284038553268,0.27173857599996154,0.5767033630000924
autoencoder,laptop/test/laptop_0158.obj,252,28722,65.01587301587301,0.4921875,4.378353658536585,14.0244140625,0.12110901678662722,0.17359647599994332,0.43020461499997964
autoencoder,laptop/test/laptop_0159.obj,252,28671,65.01587301587301,0.4921875,4.3946965052115265,13.99951171875,0.09832090201856622,0.14093387600007645,0.4501658279999674
autoencoder,laptop/test/laptop_0160.obj,252,28686,65.01587301587301,0.4921875,4.36488131466829,14.0068359375,0.11396907464576056,0.6158842410000034,0.5346302039999955
autoencoder,laptop/test/laptop_0161.obj,252,28686,65.01587301587301,0.4921875,4.36488131466829,14.0068359375,0.11890302870758679,0.2015669689999413,0.5041559029999689
autoencoder,laptop/test/laptop_0162.obj,252,28624,65.01587301587301,0.4921875,4.363414634146341,13.9765625,0.12552208146172772,0.25335268100002395,0.49048295600005076
autoencoder,laptop/test/laptop_0163.obj,252,28598,65.01587301587301,0.4921875,4.367440439828956,13.9638671875,0.11017022254369108,0.12192581499994048,0.3057169950000116
autoencoder,laptop/test/laptop_0164.obj,252,28673,65.01587301587301,0.4921875,4.395003065603924,14.00048828125,0.1292412894750628,0.11144637799998236,0.3363912680000567
autoencoder,laptop/test/laptop_0165.obj,252,28697,65.01587301587301,0.4921875,4.37454268292683,14.01220703125,0.11294652684851511,0.2063740249999455,0.5136943160000556
autoencoder,laptop/test/laptop_0166.obj,252,28714,65.01587301587301,0.4921875,4.377134146341463,14.0205078125,0.21396387228117505,0.11678052100000968,0.4570740270000897
autoencoder,laptop/test/laptop_0167.obj,252,28673,65.01587301587301,0.4921875,4.378894318875993,14.00048828125,0.13352402415935094,0.09801188500000535,0.4473665229999142
autoencoder,laptop/test/laptop_0168.obj,252,28741,65.01587301587301,0.4921875,4.373250152160682,14.03369140625,0.19553951865124608,0.2022088490000442,0.9390407100000857
autoencoder,laptop/test/laptop_0169.obj,252,28615,65.01587301587301,0.4921875,4.3941953316953315,13.97216796875,0.19496456774960663,0.20533052600001156,0.9701027319999866
autoencoder,mantel/test/mantel_0285.obj,252,28780,65.01587301587301,0.4921875,4.395235186316432,14.052734375,0.09294208969420277,0.21558293299995057,0.6159719109999742
autoencoder,mantel/test/mantel_0286.obj,252,28705,65.01587301587301,0.4921875,4.367772367620207,14.01611328125,0.0749769964874415,0.41466809499991086,0.3424809619999678
autoencoder,mantel/test/mantel_0287.obj,248,28405,66.06451612903226,0.484375,4.361947174447175,13.86962890625,0.07642378634661204,0.11374440499992033,0.387340107
autoencoder,mantel/test/mantel_0288.obj,252,28677,65.01587301587301,0.4921875,4.379505192425168,14.00244140625,0.0892771580389259,0.20967566699994222,0.45987590899994757
autoencoder,mantel/test/mantel_0289.obj,248,28407,66.06451612903226,0.484375,4.3622542997543,13.87060546875,0.0733848690697571,0.1266300060000276,0.9615255669999669
autoencoder,mantel/test/mantel_0290.obj,252,28699,65.01587301587301,0.4921875,4.382864996945632,14.01318359375,0.10502440543623423,0.0995432700000265,0.3690233749999834
autoencoder,mantel/test/mantel_0291.obj,252,28698,65.01587301587301,0.4921875,4.382712278558339,14.0126953125,0.10059062929412083,0.11506254799996896,0.3668208340000092
autoencoder,mantel/test/mantel_0292.obj,252,28762,65.01587301587301,0.4921875,4.392486255345143,14.0439453125,0.16772189004331417,0.14668726399997922,0.39812554500008446
autoencoder,mantel/test/mantel_0293.obj,252,28750,65.01587301587301,0.4921875,4.382621951219512,14.0380859375,0.09168667417282281,0.15717993900000238,0.7637234310000167
autoencoder,mantel/test/mantel_0294.obj,252,28780,65.01587301587301,0.4921875,4.395235186316432,14.052734375,0.08631329024033296,0.23703661299998657,0.5648596439999665
autoencoder,mantel/test/mantel_0295.obj,252,28751,65.01587301587301,0.4921875,4.398867809057528,14.03857421875,0.07945859824168511,0.15189232000000175,0.3899973929999305
autoencoder,mantel/test/mantel_0296.obj,252,28733,65.01587301587301,0.4921875,4.396113831089352,14.02978515625,0.0724196509536418,0.28643138699999326,0.608096061000083
autoencoder,mantel/test/mantel_0297.obj,252,28735,65.01587301587301,0.4921875,4.3964198286413705,14.03076171875,0.0703543007980432,0.20215055300002405,0.7831015259999958
autoencoder,mantel/test/mantel_0298.obj,248,28449,66.06451612903226,0.484375,4.360668301655426,13.89111328125,0.0693147698289114,0.13002447899998515,0.9152330000000575
autoencoder,mantel/test/mantel_0299.obj,248,28413,66.06451612903226,0.484375,4.363175675675675,13.87353515625,0.07985514107579347,0.5306366209999851,0.7112915530000237
autoencoder,mantel/test/mantel_0300.obj,252,28825,65.01587301587301,0.4921875,4.394054878048781,14.07470703125,0.07876263268332517,0.2166221969999924,0.5386056240000698
autoencoder,mantel/test/mantel_0301.obj,252,28710,65.01587301587301,0.4921875,4.376524390243903,14.0185546875,0.06257155593244715,0.14986777700005405,0.7272721660000343
autoencoder,mantel/test/mantel_0302.obj,252,28723,65.01587301587301,0.4921875,4.3865302382406846,14.02490234375,0.07188318863216628,0.1609639140000354,0.7454183539999804
autoencoder,mantel/test/mantel_0303.obj,252,28705,65.01587301587301,0.4921875,4.367772367620207,14.01611328125,0.1515342637131783,0.20851365099997565,0.7304647039999281
autoencoder,mantel/test/mantel_0304.obj,252,28757,65.01587301587301,0.4921875,4.383689024390244,14.04150390625,0.08996415495822613,0.3021780609999496,0.5720222070000318
autoencoder,mantel/test/mantel_0305.obj,252,28731,65.01587301587301,0.4921875,4.371728545343883,14.02880859375,0.11837003041697278,0.1658908379999957,0.7579529610000009
autoencoder,mantel/test/mantel_0306.obj,250,28595,65.536,0.48828125,4.366982284667074,13.96240234375,0.11000646714152905,0.2536694570000009,1.1418413070000497
autoencoder,mantel/test/mantel_0307.obj,252,28748,65.01587301587301,0.4921875,4.398408812729498,14.037109375,0.07683665738848805,0.20763748199999554,1.3048647929999788
autoencoder,mantel/test/mantel_0308.obj,252,28736,65.01587301587301,0.4921875,4.380487804878049,14.03125,0.07471996225515462,0.3681384330000128,0.8079769129999477
autoencoder,mantel/test/mantel_0309.obj,252,28755,65.01587301587301,0.4921875,4.399479804161567,14.04052734375,0.0680719173015464,0.22029426899996452,0.5252442419999852
autoencoder,mantel/test/mantel_0310.obj,252,28754,65.01587301587301,0.4921875,4.391264508246793,14.0400390625,0.09528625626447793,0.2209548440000617,0.8093165500000623
autoencoder,mantel/test/mantel_0311.obj,250,28594,65.536,0.48828125,4.38289393010423,13.9619140625,0.08237258576475553,0.16330455399997845,0.6833650809999199
autoencoder,mantel/test/mantel_0312.obj,250,28592,65.536,0.48828125,4.3906633906633905,13.9609375,0.08559804030218354,0.2117007059999878,0.7842694749999737
autoencoder,mantel/test/mantel_0313.obj,250,28565,65.536,0.48828125,4.37844880441447,13.94775390625,0.0807858019540993,0.36946797300004164,1.059871975999954
autoencoder,mantel/test/mantel_0314.obj,250,28537,65.536,0.48828125,4.366126070991432,13.93408203125,0.08764831555885169,0.37132971900007306,0.7278488999999126
autoencoder,mantel/test/mantel_0315.obj,250,28576,65.536,0.48828125,4.388206388206388,13.953125,0.09783843742887868,0.2096152940000593,0.7349580269999478
autoencoder,mantel/test/mantel_0316.obj,252,28764,65.01587301587301,0.4921875,4.384756097560976,14.044921875,0.07045135039537473,0.23666948799996135,0.7553494410000212
autoencoder,mantel/test/mantel_0317.obj,252,28788,65.01587301587301,0.4921875,4.40452876376989,14.056640625,0.06441700741435716,0.393127015999994,0.6190370020000273
autoencoder,mantel/test/mantel_0318.obj,252,28678,65.01587301587301,0.4921875,4.363664029214851,14.0029296875,0.08580712505250074,0.18854021399999965,0.8103605709999329
autoencoder,mantel/test/mantel_0319.obj,252,28693,65.01587301587301,0.4921875,4.373932926829268,14.01025390625,0.10487018940775662,0.2300006379999786,0.7351291790000687
autoencoder,mantel/test/mantel_0320.obj,250,28619,65.536,0.48828125,4.370647525962126,13.97412109375,0.11441132775541728,0.2604642700000568,0.7248730019999812
autoencoder,mantel/test/mantel_0321.obj,252,28688,65.01587301587301,0.4921875,4.365185636031649,14.0078125,0.0961562855816219,0.2591801679999435,0.9394993630000954
autoencoder,mantel/test/mantel_0322.obj,252,28738,65.01587301587301,0.4921875,4.372793670115642,14.0322265625,0.10909802809043247,0.23216763200002788,0.841105854000034
autoencoder,mantel/test/mantel_0323.obj,252,28728,65.01587301587301,0.4921875,4.371272063298844,14.02734375,0.0729060193595112,0.21992845199997646,0.5380657179999844
autoencoder,mantel/test/mantel_0324.obj,252,28711,65.01587301587301,0.4921875,4.376676829268293,14.01904296875,0.10551108461939003,0.15226624499996433,0.5936944960000119
autoencoder,mantel/test/mantel_0325.obj,252,28714,65.01587301587301,0.4921875,4.38515577275504,14.0205078125,0.11138811901411544,0.2251335519999884,0.727545106999969
autoencoder,mantel/test/mantel_0326.obj,250,28532,65.536,0.48828125,4.357361026267562,13.931640625,0.09587740286900098,0.523385726000015,0.7123428230000854
autoencoder,mantel/test/mantel_0327.obj,252,28777,65.01587301587301,0.4921875,4.402845777233782,14.05126953125,0.08470859231453257,0.20411316699994586,0.7830520310000111
autoencoder,mantel/test/mantel_0328.obj,248,28420,66.06451612903226,0.484375,4.364250614250614,13.876953125,0.06427888521544907,0.26257227300004615,0.7160483320000139
autoencoder,mantel/test/mantel_0329.obj,252,28747,65.01587301587301,0.4921875,4.37416311625076,14.03662109375,0.0814953894198577,0.17387956200002463,0.4706346589999839
autoencoder,mantel/test/mantel_0330.obj,252,28766,65.01587301587301,0.4921875,4.393097128894319,14.0458984375,0.09728847192792314,0.1918070589999843,0.45969116300000223
autoencoder,mantel/test/mantel_0331.obj,252,28766,65.01587301587301,0.4921875,4.385060975609756,14.0458984375,0.0977135104009241,0.21548238100001527,0.566931825000097
autoencoder,mantel/test/mantel_0332.obj,252,28726,65.01587301587301,0.4921875,4.370967741935484,14.0263671875,0.08565190142516638,0.3674814849999848,0.6603026149999778
autoencoder,mantel/test/mantel_0333.obj,252,28707,65.01587301587301,0.4921875,4.384086744043983,14.01708984375,0.08924192549771195,0.31971348900003704,0.549091489000034
autoencoder,mantel/test/mantel_0334.obj,252,28675,65.01587301587301,0.4921875,4.3872399020807835,14.00146484375,0.06928919869861694,0.10300535999999738,0.32451109999999517
autoencoder,mantel/test/mantel_0335.obj,252,28785,65.01587301587301,0.4921875,4.379945222154595,14.05517578125,0.09343194209878325,0.1275272429999177,0.344431823999912
autoencoder,mantel/test/mantel_0336.obj,252,28729,65.01587301587301,0.4921875,4.387446548564447,14.02783203125,0.07492470621327982,0.2964293859999998,0.8296938259999251
autoencoder,mantel/test/mantel_0337.obj,252,28742,65.01587301587301,0.4921875,4.373402312842361,14.0341796875,0.081853560226693,0.19890296700009458,0.6447038160000602
autoencoder,mantel/test/mantel_0338.obj,252,28723,65.01587301587301,0.4921875,4.378506097560976,14.02490234375,0.07294191371190496,0.314783926999894,0.5698833200000308
autoencoder,mantel/test/mantel_0339.obj,252,28672,65.01587301587301,0.4921875,4.362751065124772,14.0,0.06789427290427037,0.2538489070000196,0.49570097200000873
autoencoder,mantel/test/mantel_0340.obj,252,28763,65.01587301587301,0.4921875,4.392638973732438,14.04443359375,0.09275332563531385,0.28544572500004506,0.6757458249999218
autoencoder,mantel/test/mantel_0341.obj,252,28693,65.01587301587301,0.4921875,4.365946439440049,14.01025390625,0.08534191744711071,0.17032532499990793,0.42682318399999986
autoencoder,mantel/test/mantel_0342.obj,252,28769,65.01587301587301,0.4921875,4.3935552840562,14.04736328125,0.10127288852637883,0.13979421499993805,0.41349131300000863
autoencoder,mantel/test/mantel_0343.obj,252,28765,65.01587301587301,0.4921875,4.392944410507025,14.04541015625,0.09892462306947397,0.32073412099998677,0.7318955450000431
autoencoder,mantel/test/mantel_0344.obj,252,28686,65.01587301587301,0.4921875,4.372865853658537,14.0068359375,0.11666030818149026,0.336506288999999,0.37077477800005454
autoencoder,mantel/test/mantel_0345.obj,252,28639,65.01587301587301,0.4921875,4.3577297626293365,13.98388671875,0.09698682717765698,0.08861555999999382,0.5775018550000368
autoencoder,mantel/test/mantel_0346.obj,252,28697,65.01587301587301,0.4921875,4.3665550821667685,14.01220703125,0.06438892985404063,0.18436685400001807,0.34867762400006086
autoencoder,mantel/test/mantel_0347.obj,252,28689,65.01587301587301,0.4921875,4.365337796713329,14.00830078125,0.07833945169696183,0.19913837900003273,0.2529272369999944
autoencoder,mantel/test/mantel_0348.obj,252,28784,65.01587301587301,0.4921875,4.38780487804878,14.0546875,0.08988107180900762,0.09117412099999456,0.564302366999982
autoencoder,mantel/test/mantel_0349.obj,252,28713,65.01587301587301,0.4921875,4.368989653073646,14.02001953125,0.10788183437591334,0.09902847700004713,0.4617468720000488
autoencoder,mantel/test/mantel_0350.obj,252,28663,65.01587301587301,0.4921875,4.3773671350030545,13.99560546875,0.11333236659345947,0.17317226599993774,0.3945712170000206
autoencoder,mantel/test/mantel_0351.obj,252,28769,65.01587301587301,0.4921875,4.401621787025704,14.04736328125,0.09228203238025867,0.18809019299999363,0.2540787039999941
autoencoder,mantel/test/mantel_0352.obj,252,28760,65.01587301587301,0.4921875,4.400244798041616,14.04296875,0.08373335963565742,0.16159106500003872,0.6113543319999053
autoencoder,mantel/test/mantel_0353.obj,252,28754,65.01587301587301,0.4921875,4.391264508246793,14.0400390625,0.09628076513077241,0.18353390100003253,0.4575772100000677
autoencoder,mantel/test/mantel_0354.obj,252,28709,65.01587301587301,0.4921875,4.392441860465116,14.01806640625,0.06738254879748218,0.14013512300005004,0.269853774000012
autoencoder,mantel/test/mantel_0355.obj,250,28625,65.536,0.48828125,4.379589963280294,13.97705078125,0.07736119867057703,0.08834231499997713,0.3946490759999506
autoencoder,mantel/test/mantel_0356.obj,252,28709,65.01587301587301,0.4921875,4.384392180818571,14.01806640625,0.10554831612826363,0.06075307399999019,0.3175533720000203
autoencoder,mantel/test/mantel_0357.obj,250,28596,65.536,0.48828125,4.367135003054368,13.962890625,0.07239073061182391,0.14874282200003108,0.6905361809999704
autoencoder,mantel/test/mantel_0358.obj,252,28734,65.01587301587301,0.4921875,4.380182926829268,14.0302734375,0.10681941400031303,0.1966205590000527,0.4878110340000603
autoencoder,mantel/test/mantel_0359.obj,252,28678,65.01587301587301,0.4921875,4.371646341463415,14.0029296875,0.11057780762197325,0.3241773979999607,0.42643531199996687
autoencoder,mantel/test/mantel_0360.obj,250,28588,65.536,0.48828125,4.373929008567932,13.958984375,0.08601837601545483,0.23119235600006505,0.5363242249999303
autoencoder,mantel/test/mantel_0361.obj,252,28774,65.01587301587301,0.4921875,4.402386780905752,14.0498046875,0.10241673873121257,0.3786711660000037,0.5181482440000309
autoencoder,mantel/test/mantel_0362.obj,252,28699,65.01587301587301,0.4921875,4.366859403530128,14.01318359375,0.10421570805164393,0.18450755899993965,0.4226638920000596
autoencoder,mantel/test/mantel_0363.obj,252,28709,65.01587301587301,0.4921875,4.368381010346926,14.01806640625,0.10841792493451266,0.21860301200001686,0.43847987200001626
autoencoder,mantel/test/mantel_0364.obj,252,28772,65.01587301587301,0.4921875,4.402080783353733,14.048828125,0.1262316031314018,0.2759687480000821,0.508067608000033
autoencoder,mantel/test/mantel_0365.obj,252,28686,65.01587301587301,0.4921875,4.372865853658537,14.0068359375,0.07839749625820999,0.11370276599996032,0.5619042020000506
autoencoder,mantel/test/mantel_0366.obj,252,28654,65.01587301587301,0.4921875,4.37599266951741,13.9912109375,0.13104582219193922,0.10892914099997597,0.4489833989999852
autoencoder,mantel/test/mantel_0367.obj,250,28622,65.536,0.48828125,4.387185775597793,13.9755859375,0.08500838389273355,0.1357067129999905,0.6624736679999614
autoencoder,mantel/test/mantel_0368.obj,252,28772,65.01587301587301,0.4921875,4.394013439218082,14.048828125,0.07970392719267322,0.11639500499995847,0.6306388900000002
autoencoder,mantel/test/mantel_0369.obj,252,28749,65.01587301587301,0.4921875,4.382469512195122,14.03759765625,0.07023778736174913,0.14054746500005422,0.4406195970000226
autoencoder,mantel/test/mantel_0370.obj,252,28744,65.01587301587301,0.4921875,4.373706634205721,14.03515625,0.06563232690966128,0.19955589000005602,0.6484904269999561
autoencoder,mantel/test/mantel_0371.obj,252,28786,65.01587301587301,0.4921875,4.388109756097561,14.0556640625,0.09271811966075685,0.21575638599995273,0.40464689299994916
autoencoder,mantel/test/mantel_0372.obj,252,28703,65.01587301587301,0.4921875,4.367468046256847,14.01513671875,0.06116837140202051,0.1251278170000205,0.36687276400004976
autoencoder,mantel/test/mantel_0373.obj,250,28530,65.536,0.48828125,4.389230769230769,13.9306640625,0.1206820189111891,0.41314292200002,0.415981294000062
autoencoder,mantel/test/mantel_0374.obj,234,27507,70.01709401709402,0.45703125,4.335907944514502,13.43115234375,0.10838143149304257,0.11108378000005814,0.5624332690000529
autoencoder,mantel/test/mantel_0375.obj,250,28590,65.536,0.48828125,4.374235006119951,13.9599609375,0.08222939513687869,0.17031145000009928,0.4776123579999876
autoencoder,mantel/test/mantel_0376.obj,252,28732,65.01587301587301,0.4921875,4.387904703726329,14.029296875,0.06544160856927114,0.31644700600008946,0.44923678399993605
autoencoder,mantel/test/mantel_0377.obj,248,28433,66.06451612903226,0.484375,4.3662469287469285,13.88330078125,0.09275388506240831,0.10113867800009757,0.5872542229999453
autoencoder,mantel/test/mantel_0378.obj,252,28712,65.01587301587301,0.4921875,4.3688374923919655,14.01953125,0.06813182389528613,0.18387886700008949,0.40533574599999156
autoencoder,mantel/test/mantel_0379.obj,252,28761,65.01587301587301,0.4921875,4.384298780487805,14.04345703125,0.09342428525991384,0.16246344400008184,0.3567111739999973
autoencoder,mantel/test/mantel_0380.obj,250,28596,65.536,0.48828125,4.367135003054368,13.962890625,0.09134821776100172,0.11303332499994667,0.5115727609999112
autoencoder,mantel/test/mantel_0381.obj,250,28614,65.536,0.48828125,4.385959534028204,13.9716796875,0.08745542856585259,0.18842386599999372,0.4376341509999975
autoencoder,mantel/test/mantel_0382.obj,252,28676,65.01587301587301,0.4921875,4.363359707851491,14.001953125,0.08188395768575141,0.15919055999995635,0.4543384270000388
autoencoder,mantel/test/mantel_0383.obj,252,28690,65.01587301587301,0.4921875,4.373475609756097,14.0087890625,0.10059810109768658,0.17007659399996555,0.42558650499995565
autoencoder,mantel/test/mantel_0384.obj,250,28547,65.536,0.48828125,4.36765605875153,13.93896484375,0.13412917388856202,0.11487683699999707,0.5281729850000829
autoencoder,monitor/test/monitor_0466.obj,252,28710,65.01587301587301,0.4921875,4.368533171028607,14.0185546875,0.05845930951732205,0.18726795899999615,0.43132658700005777
autoencoder,monitor/test/monitor_0467.obj,250,28530,65.536,0.48828125,4.373083997547517,13.9306640625,0.16604939210549266,0.3274303579999014,0.7176771550000467
autoencoder,monitor/test/monitor_0468.obj,252,28714,65.01587301587301,0.4921875,4.38515577275504,14.0205078125,0.08378993032562948,0.19365152400007446,0.5131353440000339
autoencoder,monitor/test/monitor_0469.obj,250,28531,65.536,0.48828125,4.365208078335374,13.93115234375,0.08271197849764107,0.14394078400005128,0.6346422839999377
autoencoder,monitor/test/monitor_0470.obj,252,28665,65.01587301587301,0.4921875,4.369664634146342,13.99658203125,0.1071493457018674,0.11368461000006391,0.647770563999984
autoencoder,monitor/test/monitor_0471.obj,252,28644,65.01587301587301,0.4921875,4.3584905660377355,13.986328125,0.09387746237518915,0.23323068399997737,0.37754646300004424
autoencoder,monitor/test/monitor_0472.obj,252,28703,65.01587301587301,0.4921875,4.367468046256847,14.01513671875,0.1008794599187332,0.24036126200007857,0.38482152500000666
autoencoder,monitor/test/monitor_0473.obj,252,28639,65.01587301587301,0.4921875,4.3577297626293365,13.98388671875,0.1303468291494501,0.08163623200005077,0.6825289580000344
autoencoder,monitor/test/monitor_0474.obj,250,28479,65.536,0.48828125,4.349266951740989,13.90576171875,0.15265584764797813,0.19743149300006735,0.29148887700000614
autoencoder,monitor/test/monitor_0475.obj,252,28651,65.01587301587301,0.4921875,4.375534514355528,13.98974609375,0.10334661097377668,0.11691282300000694,0.31635536100009176
autoencoder,monitor/test/monitor_0476.obj,252,28654,65.01587301587301,0.4921875,4.3600121728545345,13.9912109375,0.13355364067408076,0.10451007300002857,0.4432205430000522
autoencoder,monitor/test/monitor_0477.obj,252,28651,65.01587301587301,0.4921875,4.359555690809495,13.98974609375,0.10320752534950475,0.12206854700002623,0.4771229130000165
autoencoder,monitor/test/monitor_0478.obj,252,28690,65.01587301587301,0.4921875,4.373475609756097,14.0087890625,0.11343277246235382,0.18475148400000307,0.48842916699993566
autoencoder,monitor/test/monitor_0479.obj,252,28660,65.01587301587301,0.4921875,4.360925136944614,13.994140625,0.0977494728154149,0.2219118040000012,0.3313777289999962
autoencoder,monitor/test/monitor_0480.obj,250,28600,65.536,0.48828125,4.375764993880049,13.96484375,0.1351488650938359,0.11445100399998864,0.5275008080000134
autoencoder,monitor/test/monitor_0481.obj,252,28682,65.01587301587301,0.4921875,4.388310893512852,14.0048828125,0.09204998642235776,0.3431580380000696,0.576604202999988
autoencoder,monitor/test/monitor_0482.obj,252,28649,65.01587301587301,0.4921875,4.3592513694461354,13.98876953125,0.12345586137440626,0.20186115900003188,0.5628459419999672
autoencoder,monitor/test/monitor_0483.obj,252,28611,65.01587301587301,0.4921875,4.361432926829268,13.97021484375,0.12320552647752124,0.22391595999999936,0.3821613940000361
autoencoder,monitor/test/monitor_0484.obj,252,28645,65.01587301587301,0.4921875,4.358642726719416,13.98681640625,0.13455837145037564,0.13066254400007438,0.31556345999990754
autoencoder,monitor/test/monitor_0485.obj,252,28657,65.01587301587301,0.4921875,4.360468654899574,13.99267578125,0.11730930929785272,0.19874679800000195,0.3485532660000672
autoencoder,monitor/test/monitor_0486.obj,252,28628,65.01587301587301,0.4921875,4.364024390243903,13.978515625,0.11585107150953464,0.20598633900010554,0.5579884559999755
autoencoder,monitor/test/monitor_0487.obj,252,28646,65.01587301587301,0.4921875,4.374770922419059,13.9873046875,0.11194766560421585,0.10346033700000135,0.3667331670000067
autoencoder,monitor/test/monitor_0488.obj,252,28686,65.01587301587301,0.4921875,4.380879657910812,14.0068359375,0.14323200920443285,0.1151563679999299,0.29375157199990554
autoencoder,monitor/test/monitor_0489.obj,252,28665,65.01587301587301,0.4921875,4.369664634146342,13.99658203125,0.09307538238924798,0.18079488600005789,0.4698845899999924
autoencoder,monitor/test/monitor_0490.obj,250,28501,65.536,0.48828125,4.352626756261454,13.91650390625,0.09631821405401725,0.19215286900009687,0.2552717789999406
autoencoder,monitor/test/monitor_0491.obj,252,28675,65.01587301587301,0.4921875,4.371189024390244,14.00146484375,0.11093368321694616,0.1203505700000278,0.3742923790000532
autoencoder,monitor/test/monitor_0492.obj,252,28613,65.01587301587301,0.4921875,4.35377358490566,13.97119140625,0.14997868405520676,0.1817000519999965,0.5618125610000106
autoencoder,monitor/test/monitor_0493.obj,252,28665,65.01587301587301,0.4921875,4.385709914320685,13.99658203125,0.133687663088194,0.09949624000000767,0.46870341800001825
autoencoder,monitor/test/monitor_0494.obj,252,28608,65.01587301587301,0.4921875,4.353012781497261,13.96875,0.1200110816959304,0.20315830300000925,0.4781762410000283
autoencoder,monitor/test/monitor_0495.obj,252,28679,65.01587301587301,0.4921875,4.371798780487805,14.00341796875,0.09583173574527146,0.08636323999996876,0.2851859439999771
autoencoder,monitor/test/monitor_0496.obj,252,28707,65.01587301587301,0.4921875,4.376067073170732,14.01708984375,0.20686910490053523,0.06909597799995026,0.4942064699999946
autoencoder,monitor/test/monitor_0497.obj,252,28717,65.01587301587301,0.4921875,4.401747394236665,14.02197265625,0.11021881459058495,0.3322472579999385,0.5460704779999332
autoencoder,monitor/test/monitor_0498.obj,252,28677,65.01587301587301,0.4921875,4.363511868533171,14.00244140625,0.08197280527472012,0.23287943399998312,0.48141137999994044
autoencoder,monitor/test/monitor_0499.obj,252,28664,65.01587301587301,0.4921875,4.3615337796713325,13.99609375,0.09831209205838659,0.09741131599992059,0.402928389000067
autoencoder,monitor/test/monitor_0500.obj,252,28603,65.01587301587301,0.4921875,4.376223990208079,13.96630859375,0.14152618471704692,0.21336797599997226,0.6582717080000293
autoencoder,monitor/test/monitor_0501.obj,252,28639,65.01587301587301,0.4921875,4.3577297626293365,13.98388671875,0.12779410490088317,0.19648934400004237,0.36989383900004214
autoencoder,monitor/test/monitor_0502.obj,252,28684,65.01587301587301,0.4921875,4.380574221136225,14.005859375,0.0950192361723513,0.09685687199998938,0.31155351500001416
autoencoder,monitor/test/monitor_0503.obj,252,28607,65.01587301587301,0.4921875,4.384886572654813,13.96826171875,0.08772479049002416,0.10750526699996499,0.43681494899999507
autoencoder,monitor/test/monitor_0504.obj,252,28610,65.01587301587301,0.4921875,4.353317102860621,13.9697265625,0.12004272206128067,0.11267856699998902,0.5981600210000124
autoencoder,monitor/test/monitor_0505.obj,252,28649,65.01587301587301,0.4921875,4.375229077580941,13.98876953125,0.10600826714491718,0.11294359600003645,0.40230014999997366
autoencoder,monitor/test/monitor_0506.obj,252,28701,65.01587301587301,0.4921875,4.3831704337202195,14.01416015625,0.09409434147664263,0.15716840899995077,0.29835592500000985
autoencoder,monitor/test/monitor_0507.obj,250,28499,65.536,0.48828125,4.352321319486866,13.91552734375,0.15956991911768306,0.18223431400008394,0.3748035160000427
autoencoder,monitor/test/monitor_0508.obj,252,28663,65.01587301587301,0.4921875,4.361381618989653,13.99560546875,0.13093585334530256,0.12924760800001422,0.3845511139999189
autoencoder,monitor/test/monitor_0509.obj,250,28539,65.536,0.48828125,4.358430054978619,13.93505859375,0.1327091010155073,0.13332396900000276,0.45650360199999795
autoencoder,monitor/test/monitor_0510.obj,252,28629,65.01587301587301,0.4921875,4.364176829268293,13.97900390625,0.07674976490023118,0.0760874679999688,0.4018750259999706
autoencoder,monitor/test/monitor_0511.obj,252,28641,65.01587301587301,0.4921875,4.38203794369645,13.98486328125,0.14198710487994987,0.17644924800003992,0.25016870800004654
autoencoder,monitor/test/monitor_0512.obj,252,28669,65.01587301587301,0.4921875,4.362294583079732,13.99853515625,0.12654025784938797,0.1935729240000228,0.5168332669999245
autoencoder,monitor/test/monitor_0513.obj,252,28673,65.01587301587301,0.4921875,4.362903225806452,14.00048828125,0.13035132544038436,0.15880508699990514,0.5205826070000512
autoencoder,monitor/test/monitor_0514.obj,252,28618,65.01587301587301,0.4921875,4.354534388314059,13.9736328125,0.1501086962755262,0.2656368329999168,0.38273712299996987
autoencoder,monitor/test/monitor_0515.obj,250,28501,65.536,0.48828125,4.352626756261454,13.91650390625,0.11649116437649507,0.11281707700004517,0.5471728810000513
autoencoder,monitor/test/monitor_0516.obj,252,28754,65.01587301587301,0.4921875,4.37522824102252,14.0400390625,0.11643560529946487,0.10137773599990396,0.3387056520000442
autoencoder,monitor/test/monitor_0517.obj,252,28677,65.01587301587301,0.4921875,4.363511868533171,14.00244140625,0.0969049292659094,0.1974233319999712,0.4568804819999741
autoencoder,monitor/test/monitor_0518.obj,252,28692,65.01587301587301,0.4921875,4.38984088127295,14.009765625,0.10541462095223644,0.22855550799999946,0.4960299169999871
autoencoder,monitor/test/monitor_0519.obj,252,28664,65.01587301587301,0.4921875,4.3615337796713325,13.99609375,0.10603614282342237,0.21621015100004115,0.7964070710000897
autoencoder,monitor/test/monitor_0520.obj,252,28666,65.01587301587301,0.4921875,4.3858629130966955,13.9970703125,0.08426374999482866,0.20041472599996268,0.2521832940000195
autoencoder,monitor/test/monitor_0521.obj,252,28712,65.01587301587301,0.4921875,4.3688374923919655,14.01953125,0.06499385586951559,0.09357986599991364,0.2481741310000416
autoencoder,monitor/test/monitor_0522.obj,244,28150,67.14754098360656,0.4765625,4.346819024088944,13.7451171875,0.1121019211211723,0.05333728200002952,0.24705964600002517
autoencoder,monitor/test/monitor_0523.obj,252,28706,65.01587301587301,0.4921875,4.367924528301887,14.0166015625,0.10542087787346185,0.06320157800007564,0.2454629079999222
autoencoder,monitor/test/monitor_0524.obj,252,28655,65.01587301587301,0.4921875,4.360164333536214,13.99169921875,0.15829817234973936,0.13788001099999292,0.5456455620000042
autoencoder,monitor/test/monitor_0525.obj,252,28644,65.01587301587301,0.4921875,4.390557939914163,13.986328125,0.09816114950344346,0.09993961300006049,0.4091434039999058
autoencoder,monitor/test/monitor_0526.obj,252,28654,65.01587301587301,0.4921875,4.367987804878049,13.9912109375,0.07550063595409867,0.16495753399999558,0.410453729999972
autoencoder,monitor/test/monitor_0527.obj,250,28539,65.536,0.48828125,4.358430054978619,13.93505859375,0.08748316124972491,0.20388986399996156,0.5735185979999642
autoencoder,monitor/test/monitor_0528.obj,252,28656,65.01587301587301,0.4921875,4.360316494217894,13.9921875,0.10338118905384386,0.1721671589999687,0.7087964819999115
autoencoder,monitor/test/monitor_0529.obj,252,28655,65.01587301587301,0.4921875,4.368140243902439,13.99169921875,0.12023764977105195,0.16418941699998868,0.5062998490000155
autoencoder,monitor/test/monitor_0530.obj,252,28678,65.01587301587301,0.4921875,4.379657910812462,14.0029296875,0.08394866601797307,0.2493331229999285,0.32354491500007043
autoencoder,monitor/test/monitor_0531.obj,252,28620,65.01587301587301,0.4921875,4.386879215205395,13.974609375,0.11765408649727949,0.13852029899999252,0.7524650909999764
autoencoder,monitor/test/monitor_0532.obj,252,28715,65.01587301587301,0.4921875,4.377286585365853,14.02099609375,0.12366383771948704,0.11615754600006767,0.26297143399995093
autoencoder,monitor/test/monitor_0533.obj,252,28705,65.01587301587301,0.4921875,4.375762195121951,14.01611328125,0.12855464217853702,0.13242939500003104,0.3793503279999868
autoencoder,monitor/test/monitor_0534.obj,252,28607,65.01587301587301,0.4921875,4.3688149053146,13.96826171875,0.11969599571815986,0.2278426650000256,0.377919970999983
autoencoder,monitor/test/monitor_0535.obj,250,28584,65.536,0.48828125,4.373317013463892,13.95703125,0.0941555574490216,0.1147054330000401,0.6375468139999612
autoencoder,monitor/test/monitor_0536.obj,252,28709,65.01587301587301,0.4921875,4.376371951219512,14.01806640625,0.11542848875688921,0.1793945460000259,0.4923706229999425
autoencoder,monitor/test/monitor_0537.obj,252,28641,65.01587301587301,0.4921875,4.366006097560976,13.98486328125,0.13808254043597976,0.2860262579999926,0.4135700550000365
autoencoder,monitor/test/monitor_0538.obj,252,28643,65.01587301587301,0.4921875,4.358338405356056,13.98583984375,0.07925236051196088,0.15725291000001107,0.36164719900000364
autoencoder,monitor/test/monitor_0539.obj,252,28647,65.01587301587301,0.4921875,4.366920731707317,13.98779296875,0.10764819670865093,0.08215667199999643,0.6867894360000264
autoencoder,monitor/test/monitor_0540.obj,252,28738,65.01587301587301,0.4921875,4.3968788249694,14.0322265625,0.11581690555484325,0.2062734390000287,0.5313076719999117
autoencoder,monitor/test/monitor_0541.obj,252,28633,65.01587301587301,0.4921875,4.364786585365854,13.98095703125,0.07871069091106256,0.12015914400001293,0.6221773379999149
autoencoder,monitor/test/monitor_0542.obj,252,28642,65.01587301587301,0.4921875,4.358186244674376,13.9853515625,0.12852518574679753,0.245228161,0.6299668519999386
autoencoder,monitor/test/monitor_0543.obj,250,28497,65.536,0.48828125,4.352015882712278,13.91455078125,0.12460008731010722,0.2330537649999087,0.6260444399999869
autoencoder,monitor/test/monitor_0544.obj,252,28660,65.01587301587301,0.4921875,4.360925136944614,13.994140625,0.13952199600998455,0.3177064449999989,0.4312718590000486
autoencoder,monitor/test/monitor_0545.obj,252,28677,65.01587301587301,0.4921875,4.363511868533171,14.00244140625,0.10782044278696551,0.10418177200006085,0.402682274999961
autoencoder,monitor/test/monitor_0546.obj,252,28650,65.01587301587301,0.4921875,4.359403530127815,13.9892578125,0.09748159387674017,0.09035446400002911,0.46141523500000403
autoencoder,monitor/test/monitor_0547.obj,252,28647,65.01587301587301,0.4921875,4.358947048082776,13.98779296875,0.10891687594181323,0.07517585700009022,0.4413681280000219
autoencoder,monitor/test/monitor_0548.obj,250,28557,65.536,0.48828125,4.377222562844881,13.94384765625,0.13353045891524112,0.17654727299998285,0.3853579889999992
autoencoder,monitor/test/monitor_0549.obj,250,28532,65.536,0.48828125,4.357361026267562,13.931640625,0.07934366667179811,0.15069244300002538,0.41012743500004945
autoencoder,monitor/test/monitor_0550.obj,252,28647,65.01587301587301,0.4921875,4.374923640806353,13.98779296875,0.10560677991741858,0.197575645000029,0.3576165240000364
autoencoder,monitor/test/monitor_0551.obj,248,28442,66.06451612903226,0.484375,4.359595340282036,13.8876953125,0.07942351127849931,0.09962829899995995,0.4782971010000665
autoencoder,monitor/test/monitor_0552.obj,252,28649,65.01587301587301,0.4921875,4.3592513694461354,13.98876953125,0.08674593477668238,0.09251831700009916,0.5862233249999917
autoencoder,monitor/test/monitor_0553.obj,250,28556,65.536,0.48828125,4.361026267562615,13.943359375,0.08524143682574091,0.29110510700002123,0.5315866309999819
autoencoder,monitor/test/monitor_0554.obj,250,28497,65.536,0.48828125,4.3600061199510405,13.91455078125,0.11993011228533369,0.29754232400000546,0.49259168699995826
autoencoder,monitor/test/monitor_0555.obj,252,28760,65.01587301587301,0.4921875,4.3761412051125985,14.04296875,0.09364879541064677,0.2522894260000612,0.7174384830000236
autoencoder,monitor/test/monitor_0556.obj,252,28667,65.01587301587301,0.4921875,4.361990261716373,13.99755859375,0.11770044082071547,0.2911791410000433,0.35181878499997765
autoencoder,monitor/test/monitor_0557.obj,250,28564,65.536,0.48828125,4.362248014660965,13.947265625,0.10499556310224313,0.14512366800011023,0.3036493680000376
autoencoder,monitor/test/monitor_0558.obj,250,28557,65.536,0.48828125,4.361178985949908,13.94384765625,0.07284000032501187,0.21839894200002163,0.4520025299999588
autoencoder,monitor/test/monitor_0559.obj,252,28657,65.01587301587301,0.4921875,4.360468654899574,13.99267578125,0.1088147233595732,0.12277847300003941,0.730271149000032
autoencoder,monitor/test/monitor_0560.obj,252,28647,65.01587301587301,0.4921875,4.358947048082776,13.98779296875,0.1307821124102419,0.2280206850000468,0.7543953379999948
autoencoder,monitor/test/monitor_0561.obj,248,28381,66.06451612903226,0.484375,4.350245248313918,13.85791015625,0.09367807498154905,0.1744628000000148,0.4647148310000375
autoencoder,monitor/test/monitor_0562.obj,252,28678,65.01587301587301,0.4921875,4.371646341463415,14.0029296875,0.12280259612964248,0.29228999899999053,0.36034365900002285
autoencoder,monitor/test/monitor_0563.obj,252,28631,65.01587301587301,0.4921875,4.364481707317073,13.97998046875,0.13381071371196268,0.11066310000001067,0.37268874100004723
autoencoder,monitor/test/monitor_0564.obj,252,28703,65.01587301587301,0.4921875,4.37545731707317,14.01513671875,0.06747868763379594,0.2185036079999918,0.33257790200002546
autoencoder,monitor/test/monitor_0565.obj,252,28656,65.01587301587301,0.4921875,4.360316494217894,13.9921875,0.12712133168213455,0.13487069200004953,0.2556589990000475
autoencoder,night_stand/test/night_stand_0201.obj,246,28344,66.60162601626017,0.48046875,4.368680641183724,13.83984375,0.07819019553169101,0.1964040149999846,0.32749787800003105
autoencoder,night_stand/test/night_stand_0202.obj,252,28809,65.01587301587301,0.4921875,4.399664019547954,14.06689453125,0.11301264904585814,0.5442088130000684,0.4256357990000197
autoencoder,night_stand/test/night_stand_0203.obj,240,27868,68.26666666666667,0.46875,4.335407591785937,13.607421875,0.08187917911840249,0.24582884100004776,0.44456002999993416
autoencoder,night_stand/test/night_stand_0204.obj,252,28723,65.01587301587301,0.4921875,4.3865302382406846,14.02490234375,0.0815247035151615,0.15705302300000312,0.40711691300009534
autoencoder,night_stand/test/night_stand_0205.obj,246,28349,66.60162601626017,0.48046875,4.369451294697904,13.84228515625,0.0817465686291132,0.23605321200000162,0.7573783860000276
autoencoder,night_stand/test/night_stand_0206.obj,252,28776,65.01587301587301,0.4921875,4.386585365853659,14.05078125,0.06500335198337275,0.32365546500000164,0.32049596400008795
autoencoder,night_stand/test/night_stand_0207.obj,244,28205,67.14754098360656,0.4765625,4.3633972772277225,13.77197265625,0.08986685824387894,0.1304893510000511,0.5340112339999905
autoencoder,night_stand/test/night_stand_0208.obj,252,28775,65.01587301587301,0.4921875,4.3864329268292686,14.05029296875,0.10292951217304791,0.13988986800006842,0.31824353899992275
autoencoder,night_stand/test/night_stand_0209.obj,252,28760,65.01587301587301,0.4921875,4.392180818570556,14.04296875,0.0860691495926991,0.3089932419999286,0.4742786570000135
autoencoder,night_stand/test/night_stand_0210.obj,252,28716,65.01587301587301,0.4921875,4.393512851897185,14.021484375,0.10351805639953043,0.13422007799999847,0.6731204890000981
autoencoder,night_stand/test/night_stand_0211.obj,252,28748,65.01587301587301,0.4921875,4.39034819792303,14.037109375,0.11788160313702528,0.184713687999988,0.7428564929999766
autoencoder,night_stand/test/night_stand_0212.obj,246,28366,66.60162601626017,0.48046875,4.364,13.8505859375,0.07882559947285059,0.08344654600000467,0.39125081800000316
autoencoder,night_stand/test/night_stand_0213.obj,250,28631,65.536,0.48828125,4.372480146609652,13.97998046875,0.07320565724218661,0.08276074299999436,0.39991206800004875
autoencoder,night_stand/test/night_stand_0214.obj,252,28735,65.01587301587301,0.4921875,4.372337188070603,14.03076171875,0.08021468745865695,0.16924436300007528,0.5600948700000572
autoencoder,night_stand/test/night_stand_0215.obj,252,28791,65.01587301587301,0.4921875,4.396915088576665,14.05810546875,0.06979375829411014,0.2647983509999676,0.454880985999921
autoencoder,night_stand/test/night_stand_0216.obj,246,28336,66.60162601626017,0.48046875,4.359384615384616,13.8359375,0.10745476764379303,0.20830876200000148,0.3206252669999685
autoencoder,night_stand/test/night_stand_0217.obj,246,28321,66.60162601626017,0.48046875,4.3570769230769235,13.82861328125,0.10200064174624332,0.17169150999995964,0.3459411649999993
autoencoder,night_stand/test/night_stand_0218.obj,252,28782,65.01587301587301,0.4921875,4.403610771113831,14.0537109375,0.07232345647683905,0.10809309599994776,0.4876057150000861
autoencoder,night_stand/test/night_stand_0219.obj,252,28758,65.01587301587301,0.4921875,4.383841463414634,14.0419921875,0.0683104330334889,0.2733473129999311,0.5789544829999613
autoencoder,night_stand/test/night_stand_0220.obj,252,28659,65.01587301587301,0.4921875,4.392857142857143,13.99365234375,0.06720280482506703,0.15260032300000148,0.5786725770000203
autoencoder,night_stand/test/night_stand_0221.obj,252,28720,65.01587301587301,0.4921875,4.370054777845405,14.0234375,0.09143188508696848,0.1435082099999363,0.5562203799998997
autoencoder,night_stand/test/night_stand_0222.obj,252,28743,65.01587301587301,0.4921875,4.397643818849449,14.03466796875,0.06808048178805085,0.4298337510000465,0.7839587979999578
autoencoder,night_stand/test/night_stand_0223.obj,252,28801,65.01587301587301,0.4921875,4.398442272449603,14.06298828125,0.11126704558715551,0.30720854599996983,0.5005953859999863
autoencoder,night_stand/test/night_stand_0224.obj,252,28767,65.01587301587301,0.4921875,4.393249847281613,14.04638671875,0.12099196331563697,0.1452675250000084,0.4253577319999522
autoencoder,night_stand/test/night_stand_0225.obj,246,28335,66.60162601626017,0.48046875,4.359230769230769,13.83544921875,0.07029113981000704,0.1363801400000284,0.3924029120000796
autoencoder,night_stand/test/night_stand_0226.obj,252,28808,65.01587301587301,0.4921875,4.407588739290086,14.06640625,0.11407168210157911,0.13679827299995395,0.38862705500002903
autoencoder,night_stand/test/night_stand_0227.obj,252,28762,65.01587301587301,0.4921875,4.392486255345143,14.0439453125,0.0906227757408567,0.18738786500000515,0.3865746719999379
autoencoder,night_stand/test/night_stand_0228.obj,252,28726,65.01587301587301,0.4921875,4.386988393402565,14.0263671875,0.11063140412816964,0.19591361499999493,0.32414055300000655
autoencoder,night_stand/test/night_stand_0229.obj,246,28343,66.60162601626017,0.48046875,4.368526510480888,13.83935546875,0.068282928762555,0.07661056799997823,0.4717242699999815
autoencoder,night_stand/test/night_stand_0230.obj,252,28782,65.01587301587301,0.4921875,4.3875,14.0537109375,0.07632416083131151,0.10174987100003818,0.4518375029999788
autoencoder,night_stand/test/night_stand_0231.obj,248,28442,66.06451612903226,0.484375,4.367628992628993,13.8876953125,0.08575882547758781,0.1273209250000491,0.33313176000001476
autoencoder,night_stand/test/night_stand_0232.obj,252,28808,65.01587301587301,0.4921875,4.3834449178332315,14.06640625,0.1278441588873963,0.11908306200007246,0.29221916800008785
autoencoder,night_stand/test/night_stand_0233.obj,252,28764,65.01587301587301,0.4921875,4.392791692119731,14.044921875,0.1388305444388198,0.08287929899995561,0.44587767500001974
autoencoder,night_stand/test/night_stand_0234.obj,250,28547,65.536,0.48828125,4.36765605875153,13.93896484375,0.1026874066220181,0.06370559300000878,0.8771373770000537
autoencoder,night_stand/test/night_stand_0235.obj,252,28746,65.01587301587301,0.4921875,4.398102815177478,14.0361328125,0.08033600941824973,0.16937704300005407,0.4018567869999288
autoencoder,night_stand/test/night_stand_0236.obj,252,28784,65.01587301587301,0.4921875,4.395846059865608,14.0546875,0.11949966166012146,0.25446109800009253,0.6974546699999564
autoencoder,night_stand/test/night_stand_0237.obj,252,28790,65.01587301587301,0.4921875,4.3967623701893706,14.0576171875,0.09386842239122344,0.2606142810000165,0.6446225199999844
autoencoder,night_stand/test/night_stand_0238.obj,246,28332,66.60162601626017,0.48046875,4.374922791846819,13.833984375,0.08225417814500346,0.09967600000004495,0.28773518399998466
autoencoder,night_stand/test/night_stand_0239.obj,250,28483,65.536,0.48828125,4.357864137086903,13.90771484375,0.08311600861558037,0.13955389499994908,0.6208569860000352
autoencoder,night_stand/test/night_stand_0240.obj,250,28599,65.536,0.48828125,4.375611995104039,13.96435546875,0.08696943608581945,0.21039434599993,0.5160360169999194
autoencoder,night_stand/test/night_stand_0241.obj,248,28501,66.06451612903226,0.484375,4.384769230769231,13.91650390625,0.10637521340140282,0.09246109499997601,0.6734548399999767
autoencoder,night_stand/test/night_stand_0242.obj,246,28348,66.60162601626017,0.48046875,4.369297163995068,13.841796875,0.09502428385314782,0.16265599100006511,0.6119571469999983
autoencoder,night_stand/test/night_stand_0243.obj,252,28738,65.01587301587301,0.4921875,4.388821014050092,14.0322265625,0.12166578982464121,0.10037743800000953,0.4919691329999978
autoencoder,night_stand/test/night_stand_0244.obj,252,28679,65.01587301587301,0.4921875,4.36381618989653,14.00341796875,0.08022937784513678,0.15048265600000832,0.3241417700000966
autoencoder,night_stand/test/night_stand_0245.obj,246,28384,66.60162601626017,0.48046875,4.374845869297164,13.859375,0.09051484606102286,0.12934955900004752,0.5808020020000413
autoencoder,night_stand/test/night_stand_0246.obj,250,28605,65.536,0.48828125,4.384580012262416,13.96728515625,0.07505603647538811,0.21037245200000143,0.45066642600011164
autoencoder,night_stand/test/night_stand_0247.obj,252,28810,65.01587301587301,0.4921875,4.407894736842105,14.0673828125,0.10333918241354773,0.2392006359999641,0.34097898499999246
autoencoder,night_stand/test/night_stand_0248.obj,250,28610,65.536,0.48828125,4.377294981640147,13.9697265625,0.09019917727041571,0.13327314900004694,0.5660608100000672
autoencoder,night_stand/test/night_stand_0249.obj,250,28581,65.536,0.48828125,4.36484422724496,13.95556640625,0.10328245964104499,0.1545119510000177,0.6112368069999548
autoencoder,night_stand/test/night_stand_0250.obj,246,28366,66.60162601626017,0.48046875,4.380172946263126,13.8505859375,0.06831977090405453,0.15248061300007976,0.5211467379999704
autoencoder,night_stand/test/night_stand_0251.obj,246,28355,66.60162601626017,0.48046875,4.37037607891492,13.84521484375,0.10578409930132715,0.17645693299994036,0.4505808450001041
autoencoder,night_stand/test/night_stand_0252.obj,252,28754,65.01587301587301,0.4921875,4.399326805385557,14.0400390625,0.09959120742446537,0.10897256300006575,0.5410942479999221
autoencoder,night_stand/test/night_stand_0253.obj,252,28812,65.01587301587301,0.4921875,4.400122174709835,14.068359375,0.09087497660081283,0.11622320100002526,0.41576217199997245
autoencoder,night_stand/test/night_stand_0254.obj,252,28747,65.01587301587301,0.4921875,4.382164634146341,14.03662109375,0.12042799227676972,0.10865669800000433,0.2784157079998977
autoencoder,night_stand/test/night_stand_0255.obj,252,28751,65.01587301587301,0.4921875,4.3827743902439025,14.03857421875,0.09114977867004732,0.14726010399999723,0.46957588700001907
autoencoder,night_stand/test/night_stand_0256.obj,252,28711,65.01587301587301,0.4921875,4.368685331710286,14.01904296875,0.08404206739603867,0.15711441600001308,0.5288225880000255
autoencoder,night_stand/test/night_stand_0257.obj,252,28815,65.01587301587301,0.4921875,4.400580329871716,14.06982421875,0.11549658537624974,0.10197512499996719,0.37833065000006627
autoencoder,night_stand/test/night_stand_0258.obj,252,28778,65.01587301587301,0.4921875,4.394929749541845,14.0517578125,0.07624367195821861,0.11595709899995654,0.5150464820000025
autoencoder,night_stand/test/night_stand_0259.obj,248,28477,66.06451612903226,0.484375,4.373003685503686,13.90478515625,0.06981214922803342,0.32054795600004127,0.39510325699995974
autoencoder,night_stand/test/night_stand_0260.obj,252,28821,65.01587301587301,0.4921875,4.38542300669507,14.07275390625,0.09916525797405933,0.1932312499999398,0.4264364329999353
autoencoder,night_stand/test/night_stand_0261.obj,252,28802,65.01587301587301,0.4921875,4.398594990836897,14.0634765625,0.09703684007343855,0.11903952500006199,0.33496522199993706
autoencoder,night_stand/test/night_stand_0262.obj,252,28734,65.01587301587301,0.4921875,4.380182926829268,14.0302734375,0.11498833708102141,0.1305118579999771,0.7922589689999313
autoencoder,night_stand/test/night_stand_0263.obj,252,28713,65.01587301587301,0.4921875,4.385003054367746,14.02001953125,0.09599269788556511,0.10665367900003275,0.3267349989999957
autoencoder,night_stand/test/night_stand_0264.obj,246,28347,66.60162601626017,0.48046875,4.369143033292231,13.84130859375,0.08720538494358182,0.11268719399993188,0.3286934550000069
autoencoder,night_stand/test/night_stand_0265.obj,252,28813,65.01587301587301,0.4921875,4.392225609756098,14.06884765625,0.08886786386870954,0.16218050999998468,0.5166368239999883
autoencoder,night_stand/test/night_stand_0266.obj,252,28824,65.01587301587301,0.4921875,4.410036719706242,14.07421875,0.1119502853858676,0.13815885100007108,0.4728659740000012
autoencoder,night_stand/test/night_stand_0267.obj,250,28617,65.536,0.48828125,4.378365973072215,13.97314453125,0.08500182249943453,0.1125497829999631,0.40768236500002786
autoencoder,night_stand/test/night_stand_0268.obj,246,28345,66.60162601626017,0.48046875,4.385055693069307,13.84033203125,0.09711230615299282,0.19541494800000692,0.4078304580000349
autoencoder,night_stand/test/night_stand_0269.obj,252,28771,65.01587301587301,0.4921875,4.385823170731707,14.04833984375,0.10007191505078726,0.11226318000001356,0.4855136209999955
autoencoder,night_stand/test/night_stand_0270.obj,252,28743,65.01587301587301,0.4921875,4.381554878048781,14.03466796875,0.08094936213354073,0.3049346029999924,0.42109781499993915
autoencoder,night_stand/test/night_stand_0271.obj,252,28760,65.01587301587301,0.4921875,4.384146341463414,14.04296875,0.06687083572527558,0.12618587400004344,0.3326619539999456
autoencoder,night_stand/test/night_stand_0272.obj,252,28740,65.01587301587301,0.4921875,4.389126450824679,14.033203125,0.08944231819601223,0.09821911099993486,0.6146821569999474
autoencoder,night_stand/test/night_stand_0273.obj,240,27916,68.26666666666667,0.46875,4.350997506234414,13.630859375,0.07692074137226715,0.12117311899999095,0.6546710790000816
autoencoder,night_stand/test/night_stand_0274.obj,252,28755,65.01587301587301,0.4921875,4.399479804161567,14.04052734375,0.0982181378937278,0.2631179750000001,0.5247830900000281
autoencoder,night_stand/test/night_stand_0275.obj,252,28742,65.01587301587301,0.4921875,4.389431887599267,14.0341796875,0.08882007959370221,0.1819665890000124,0.31412423599999784
autoencoder,night_stand/test/night_stand_0276.obj,252,28764,65.01587301587301,0.4921875,4.376749847839318,14.044921875,0.1145872852304787,0.14703635299997586,0.3491358170000467
autoencoder,night_stand/test/night_stand_0277.obj,252,28781,65.01587301587301,0.4921875,4.3953879047037265,14.05322265625,0.10731341750451884,0.1166237039999487,0.5706749380000247
autoencoder,night_stand/test/night_stand_0278.obj,244,28234,67.14754098360656,0.4765625,4.359789993823347,13.7861328125,0.08299864709340167,0.11886483099999623,0.5817998060000491
autoencoder,night_stand/test/night_stand_0279.obj,252,28851,65.01587301587301,0.4921875,4.398018292682927,14.08740234375,0.09800871500586775,0.14705624099997294,0.6259384690000616
autoencoder,night_stand/test/night_stand_0280.obj,252,28808,65.01587301587301,0.4921875,4.3995113011606595,14.06640625,0.11996901722316355,0.14459081300003618,0.6593513770000072
autoencoder,night_stand/test/night_stand_0281.obj,252,28743,65.01587301587301,0.4921875,4.381554878048781,14.03466796875,0.10323274895723154,0.2325077360000023,0.5641975229999616
autoencoder,night_stand/test/night_stand_0282.obj,250,28541,65.536,0.48828125,4.358735491753207,13.93603515625,0.09218635607094694,0.14013899899998705,0.366964658000029
autoencoder,night_stand/test/night_stand_0283.obj,246,28340,66.60162601626017,0.48046875,4.36806411837238,13.837890625,0.08608783434307227,0.20322387999999592,0.3152338889999555
autoencoder,night_stand/test/night_stand_0284.obj,252,28725,65.01587301587301,0.4921875,4.370815581253804,14.02587890625,0.0777497127143596,0.15324271200006478,0.5254830859998947
autoencoder,night_stand/test/night_stand_0285.obj,252,28759,65.01587301587301,0.4921875,4.383993902439024,14.04248046875,0.12809832800424903,0.0859995920000074,0.35358834599992406
autoencoder,night_stand/test/night_stand_0286.obj,252,28789,65.01587301587301,0.4921875,4.404681762545899,14.05712890625,0.08496086384056473,0.28935795900008543,0.6180144719999134
autoencoder,person/test/person_0089.obj,248,28395,66.06451612903226,0.484375,4.352391171060699,13.86474609375,0.10394315440195587,0.4045435190000717,0.5927489309999601
autoencoder,person/test/person_0090.obj,250,28482,65.536,0.48828125,4.3577111383108935,13.9072265625,0.11634807973018747,0.16910466499996346,0.386623673000031
autoencoder,person/test/person_0091.obj,246,28298,66.60162601626017,0.48046875,4.353538461538461,13.8173828125,0.11481239245268968,0.15343120700003965,0.31930391900004906
autoencoder,person/test/person_0092.obj,250,28561,65.536,0.48828125,4.361789859499083,13.94580078125,0.15817944702174258,0.11744333999990886,0.29845830900001147
autoencoder,person/test/person_0093.obj,250,28650,65.536,0.48828125,4.383414932680538,13.9892578125,0.18236309660016736,0.1297462859999996,0.24831155699996543
autoencoder,person/test/person_0094.obj,248,28422,66.06451612903226,0.484375,4.356529736358063,13.8779296875,0.15800754041151868,0.12439976099994965,0.4862986870000441
autoencoder,person/test/person_0095.obj,250,28542,65.536,0.48828125,4.366891064871481,13.9365234375,0.14093966721693577,0.11512029400000756,0.442556417999981
autoencoder,person/test/person_0096.obj,248,28416,66.06451612903226,0.484375,4.355610055180871,13.875,0.0992458106214186,0.15360814899997877,0.3446181009999236
autoencoder,person/test/person_0097.obj,244,28134,67.14754098360656,0.4765625,4.3443483631871525,13.7373046875,0.12348875632522244,0.17614106899998205,0.42044137400000636
autoencoder,person/test/person_0098.obj,248,28383,66.06451612903226,0.484375,4.3505518087063155,13.85888671875,0.13062370998607475,0.18616776700002902,0.3394059170000219
autoencoder,person/test/person_0099.obj,252,28650,65.01587301587301,0.4921875,4.367378048780488,13.9892578125,0.1305531302410053,0.2198020189999852,0.321462710999981
autoencoder,person/test/person_0100.obj,250,28495,65.536,0.48828125,4.351710445937691,13.91357421875,0.12942890234021526,0.17711679000001368,0.5930295030000252
autoencoder,person/test/person_0101.obj,252,28646,65.01587301587301,0.4921875,4.374770922419059,13.9873046875,0.1844537289667691,0.055569279999986065,0.41547135300004356
autoencoder,person/test/person_0102.obj,250,28563,65.536,0.48828125,4.362095296273671,13.94677734375,0.13514577488189164,0.16675629700000627,0.3407350279999264
autoencoder,person/test/person_0103.obj,252,28674,65.01587301587301,0.4921875,4.379047037263287,14.0009765625,0.13428222954931415,0.17828788799999984,0.3602811250000286
autoencoder,person/test/person_0104.obj,248,28395,66.06451612903226,0.484375,4.360411547911548,13.86474609375,0.12221302764679902,0.09289470500004882,0.230490355000029
autoencoder,person/test/person_0105.obj,250,28563,65.536,0.48828125,4.362095296273671,13.94677734375,0.12056172335539839,0.12404309999999441,0.3752977880000117
autoencoder,person/test/person_0106.obj,252,28666,65.01587301587301,0.4921875,4.361838101034692,13.9970703125,0.11635395856934427,0.1397299740000335,0.4902384050000137
autoencoder,person/test/person_0107.obj,252,28659,65.01587301587301,0.4921875,4.3607729762629335,13.99365234375,0.12100444075117753,0.06250990700004877,0.3345970599999646
autoencoder,person/test/person_0108.obj,250,28551,65.536,0.48828125,4.360262675626146,13.94091796875,0.157951328249172,0.07767546000002312,0.42225485799997386
autoencoder,piano/test/piano_0232.obj,248,28349,66.06451612903226,0.484375,4.345340282035561,13.84228515625,0.10684843542692407,0.27630511799998203,0.6042106400000193
autoencoder,piano/test/piano_0233.obj,242,28026,67.70247933884298,0.47265625,4.359987554449284,13.6845703125,0.08103604270961001,0.14128296000001228,0.26173105600003055
autoencoder,piano/test/piano_0234.obj,248,28342,66.06451612903226,0.484375,4.3522727272727275,13.8388671875,0.08926742841212695,0.1378241130000788,0.28681638399996245
autoencoder,piano/test/piano_0235.obj,248,28429,66.06451612903226,0.484375,4.357602697731453,13.88134765625,0.08676507332131123,0.13758889999996882,0.23145391799994286
autoencoder,piano/test/piano_0236.obj,252,28683,65.01587301587301,0.4921875,4.380421502748931,14.00537109375,0.1432967816376825,0.08406865400002062,0.4152459769999268
autoencoder,piano/test/piano_0237.obj,252,28681,65.01587301587301,0.4921875,4.380116065974343,14.00439453125,0.1307302925372033,0.14761858200006372,0.35587156799999775
autoencoder,piano/test/piano_0238.obj,252,28801,65.01587301587301,0.4921875,4.390396341463415,14.06298828125,0.06322008288553436,0.09634776899997632,0.32448996200002966
autoencoder,piano/test/piano_0239.obj,248,28415,66.06451612903226,0.484375,4.355456774984672,13.87451171875,0.1026992793863436,0.15525018300002102,0.6878163330000007
autoencoder,piano/test/piano_0240.obj,248,28398,66.06451612903226,0.484375,4.368923076923077,13.8662109375,0.1157700178254763,0.11848490099998799,0.30640291100007744
autoencoder,piano/test/piano_0241.obj,250,28500,65.536,0.48828125,4.3604651162790695,13.916015625,0.0816787184835977,0.18560950900007356,0.4613177989999713
autoencoder,piano/test/piano_0242.obj,246,28221,66.60162601626017,0.48046875,4.341692307692307,13.77978515625,0.11116570612700413,0.11099118499998895,0.33219717900010437
autoencoder,piano/test/piano_0243.obj,246,28268,66.60162601626017,0.48046875,4.365040148239654,13.802734375,0.0885069841130457,0.1764927300000636,0.2918662700000141
autoencoder,piano/test/piano_0244.obj,252,28626,65.01587301587301,0.4921875,4.379742962056303,13.9775390625,0.15213924904086124,0.09526978700000654,1.2832162449999487
autoencoder,piano/test/piano_0245.obj,252,28782,65.01587301587301,0.4921875,4.39554062309102,14.0537109375,0.062297108926097994,0.205091914000036,0.37850825700002133
autoencoder,piano/test/piano_0246.obj,248,28356,66.06451612903226,0.484375,4.346413243408952,13.845703125,0.08629809879039041,0.17134489299996858,0.4665842320000593
autoencoder,piano/test/piano_0247.obj,248,28370,66.06451612903226,0.484375,4.348559166155733,13.8525390625,0.10962198952115784,0.064484167000046,0.3459193959999993
autoencoder,piano/test/piano_0248.obj,252,28668,65.01587301587301,0.4921875,4.378130726939523,13.998046875,0.10849267618577026,0.273722525999915,0.2634924769999998
autoencoder,piano/test/piano_0249.obj,252,28705,65.01587301587301,0.4921875,4.375762195121951,14.01611328125,0.1093585563526285,0.09470486199995776,0.3187738370000943
autoencoder,piano/test/piano_0250.obj,248,28465,66.06451612903226,0.484375,4.371160933660934,13.89892578125,0.08488952763667813,0.0819114210000862,0.38000063799995587
autoencoder,piano/test/piano_0251.obj,248,28413,66.06451612903226,0.484375,4.355150214592275,13.87353515625,0.06524423617333458,0.13164041499999257,0.37823900399996546
autoencoder,piano/test/piano_0252.obj,248,28341,66.06451612903226,0.484375,4.360153846153846,13.83837890625,0.09255442403508617,0.0672138279999217,0.5003982260000157
autoencoder,piano/test/piano_0253.obj,248,28386,66.06451612903226,0.484375,4.351011649294911,13.8603515625,0.10959713659781484,0.07565064400000665,0.5698650929999758
autoencoder,piano/test/piano_0254.obj,252,28653,65.01587301587301,0.4921875,4.359860012172854,13.99072265625,0.14132612770934783,0.14866685000004054,0.266634927000041
autoencoder,piano/test/piano_0255.obj,248,28463,66.06451612903226,0.484375,4.370853808353808,13.89794921875,0.07590240347813886,0.05912755899998956,0.36020833800000673
autoencoder,piano/test/piano_0256.obj,250,28545,65.536,0.48828125,4.3753832004904964,13.93798828125,0.12955092304679983,0.1756569709999667,0.40819546499994885
autoencoder,piano/test/piano_0257.obj,252,28723,65.01587301587301,0.4921875,4.3865302382406846,14.02490234375,0.08389860269564728,0.1852806970000529,0.3172017819999837
autoencoder,piano/test/piano_0258.obj,242,27918,67.70247933884298,0.47265625,4.335093167701864,13.6318359375,0.10234105338655033,0.24801222500002496,0.2596341340000663
autoencoder,piano/test/piano_0259.obj,252,28639,65.01587301587301,0.4921875,4.365701219512195,13.98388671875,0.12026591477773857,0.19909455599997727,0.31659155299996655
autoencoder,piano/test/piano_0260.obj,248,28329,66.06451612903226,0.484375,4.342274678111588,13.83251953125,0.11510966008876418,0.052139223999915885,0.17591191399992567
autoencoder,piano/test/piano_0261.obj,252,28695,65.01587301587301,0.4921875,4.374237804878049,14.01123046875,0.10146694592515029,0.07331383499990807,0.24865034699996613
autoencoder,piano/test/piano_0262.obj,250,28479,65.536,0.48828125,4.3572521419828645,13.90576171875,0.15668583168144695,0.07535187400003451,0.3676307059999999
autoencoder,piano/test/piano_0263.obj,248,28327,66.06451612903226,0.484375,4.3419681177191904,13.83154296875,0.09412020256600048,0.24858976200005145,0.4395408589999761
autoencoder,piano/test/piano_0264.obj,248,28441,66.06451612903226,0.484375,4.36747542997543,13.88720703125,0.09898308583229586,0.0999043399999664,0.3587547289999975
autoencoder,piano/test/piano_0265.obj,252,28626,65.01587301587301,0.4921875,4.3637195121951216,13.9775390625,0.20761302115178243,0.30528170299999147,0.30983418999994683
autoencoder,piano/test/piano_0266.obj,248,28323,66.06451612903226,0.484375,4.341354996934396,13.82958984375,0.08077472656649567,0.13747161800006324,0.33496746800005894
autoencoder,piano/test/piano_0267.obj,252,28655,65.01587301587301,0.4921875,4.376145387904704,13.99169921875,0.11912139264850885,0.08737841999993634,0.4065341619999572
autoencoder,piano/test/piano_0268.obj,250,28593,65.536,0.48828125,4.37469400244798,13.96142578125,0.11906992800498412,0.2861261519999516,0.6143902080000316
autoencoder,piano/test/piano_0269.obj,248,28503,66.06451612903226,0.484375,4.393187422934648,13.91748046875,0.08041326565418412,0.2798276319999786,0.3384611840000389
autoencoder,piano/test/piano_0270.obj,248,28352,66.06451612903226,0.484375,4.345800122624157,13.84375,0.07418654708910388,0.18781934300000103,0.19254680199992436
autoencoder,piano/test/piano_0271.obj,252,28612,65.01587301587301,0.4921875,4.361585365853658,13.970703125,0.08132828357379046,0.055523203000007015,0.46940693600004124
autoencoder,piano/test/piano_0272.obj,244,28084,67.14754098360656,0.4765625,4.336627547869055,13.712890625,0.0954736527322259,0.33041850500001146,0.4525514839999687
autoencoder,piano/test/piano_0273.obj,248,28492,66.06451612903226,0.484375,4.383384615384616,13.912109375,0.07151329289959274,0.3213416569999481,0.36395895700002256
autoencoder,piano/test/piano_0274.obj,252,28627,65.01587301587301,0.4921875,4.3638719512195125,13.97802734375,0.13893589719400695,0.10718707299997732,0.348647503000052
autoencoder,piano/test/piano_0275.obj,250,28450,65.536,0.48828125,4.344838118509468,13.8916015625,0.10551543482049641,0.08889878200000112,0.3088056809999671
autoencoder,piano/test/piano_0276.obj,248,28441,66.06451612903226,0.484375,4.36747542997543,13.88720703125,0.10544949410344366,0.07855736099998012,0.30602302099998724
autoencoder,piano/test/piano_0277.obj,248,28347,66.06451612903226,0.484375,4.35304054054054,13.84130859375,0.07355259623946107,0.335493888999963,0.43578292499989857
autoencoder,piano/test/piano_0278.obj,252,28576,65.01587301587301,0.4921875,4.348143639683506,13.953125,0.12733774512995977,0.09032318799995664,0.25263537899991206
autoencoder,piano/test/piano_0279.obj,250,28472,65.536,0.48828125,4.348197923029933,13.90234375,0.11479749888549988,0.07619981200002712,0.23827257699997517
autoencoder,piano/test/piano_0280.obj,248,28403,66.06451612903226,0.484375,4.361640049140049,13.86865234375,0.08018192587140235,0.06445002999998906,0.41878730799999175
autoencoder,piano/test/piano_0281.obj,246,28329,66.60162601626017,0.48046875,4.366368680641184,13.83251953125,0.10491689007747497,0.10136525900009019,0.48851479699999345
autoencoder,piano/test/piano_0282.obj,248,28531,66.06451612903226,0.484375,4.381296068796069,13.93115234375,0.07429011490108184,0.14340898800003288,0.44538315899990266
autoencoder,piano/test/piano_0283.obj,248,28364,66.06451612903226,0.484375,4.3636923076923075,13.849609375,0.13185127713591882,0.1411414759999161,0.3036060250000219
autoencoder,piano/test/piano_0284.obj,252,28598,65.01587301587301,0.4921875,4.351491174680462,13.9638671875,0.1829831129894538,0.22546928000008393,0.4781147850000025
autoencoder,piano/test/piano_0285.obj,252,28788,65.01587301587301,0.4921875,4.388414634146342,14.056640625,0.07398555878554626,0.051741639999931976,0.5832419519999803
autoencoder,piano/test/piano_0286.obj,250,28511,65.536,0.48828125,4.370171673819742,13.92138671875,0.06870508458198912,0.10507800599998518,0.44148742899994886
autoencoder,piano/test/piano_0287.obj,252,28707,65.01587301587301,0.4921875,4.376067073170732,14.01708984375,0.07006269839769295,0.13329777100000229,0.3436993870000151
autoencoder,piano/test/piano_0288.obj,248,28440,66.06451612903226,0.484375,4.367321867321867,13.88671875,0.07431415061418079,0.08184360600000673,0.31290666899997177
autoencoder,piano/test/piano_0289.obj,252,28577,65.01587301587301,0.4921875,4.35625,13.95361328125,0.16572677959142587,0.08927260400002979,0.3092321980000179
autoencoder,piano/test/piano_0290.obj,244,28061,67.14754098360656,0.4765625,4.33307597282273,13.70166015625,0.1258770981521819,0.14972291600008703,0.28292500899999595
autoencoder,piano/test/piano_0291.obj,248,28491,66.06451612903226,0.484375,4.375153562653563,13.91162109375,0.08203842540568299,0.1434677790000478,0.48211296900001344
autoencoder,piano/test/piano_0292.obj,250,28564,65.536,0.48828125,4.362248014660965,13.947265625,0.0821050844449811,0.18133426600002167,0.5991041349999477
autoencoder,piano/test/piano_0293.obj,248,28442,66.06451612903226,0.484375,4.367628992628993,13.8876953125,0.08490615535891266,0.12045077499999479,0.6408601409999619
autoencoder,piano/test/piano_0294.obj,252,28768,65.01587301587301,0.4921875,4.377358490566038,14.046875,0.08134058681333001,0.2262741700000106,0.34983043500005806
autoencoder,piano/test/piano_0295.obj,252,28612,65.01587301587301,0.4921875,4.361585365853658,13.970703125,0.2110449567672383,0.10362510400000247,0.23062767900000836
autoencoder,piano/test/piano_0296.obj,252,28649,65.01587301587301,0.4921875,4.3672256097560975,13.98876953125,0.14570574408245013,0.12660899100001188,0.4404779089999238
autoencoder,piano/test/piano_0297.obj,252,28616,65.01587301587301,0.4921875,4.36219512195122,13.97265625,0.18320066071317162,0.07777240299992627,0.5400179649999473
autoencoder,piano/test/piano_0298.obj,240,27784,68.26666666666667,0.46875,4.322339763534536,13.56640625,0.17533118342551343,0.20236598999997568,0.3940669359999447
autoencoder,piano/test/piano_0299.obj,250,28546,65.536,0.48828125,4.36750305997552,13.9384765625,0.1700107000924429,0.10062703100004455,0.4735317380000197
autoencoder,piano/test/piano_0300.obj,252,28682,65.01587301587301,0.4921875,4.372256097560975,14.0048828125,0.10861915366006236,0.06019983399994544,0.30599268999992546
autoencoder,piano/test/piano_0301.obj,252,28633,65.01587301587301,0.4921875,4.364786585365854,13.98095703125,0.10299984868148332,0.09101607499997044,0.7288494580000133
autoencoder,piano/test/piano_0302.obj,252,28704,65.01587301587301,0.4921875,4.375609756097561,14.015625,0.08531049877764843,0.12131534000002375,0.32359572499990463
autoencoder,piano/test/piano_0303.obj,244,28137,67.14754098360656,0.4765625,4.352877475247524,13.73876953125,0.09029396088630888,0.10036833700007719,0.37451547499995286
autoencoder,piano/test/piano_0304.obj,244,28170,67.14754098360656,0.4765625,4.374223602484472,13.7548828125,0.10033238913378223,0.11044706500001666,0.2378205900000694
autoencoder,piano/test/piano_0305.obj,246,28237,66.60162601626017,0.48046875,4.352188655980271,13.78759765625,0.11129463139596468,0.09887027299998863,0.38766305900003317
autoencoder,piano/test/piano_0306.obj,248,28425,66.06451612903226,0.484375,4.373076923076923,13.87939453125,0.10109343223912778,0.1509242050000239,0.3310688870000149
autoencoder,piano/test/piano_0307.obj,252,28592,65.01587301587301,0.4921875,4.3585365853658535,13.9609375,0.10814810425257887,0.1902593810000326,0.2937090169999692
autoencoder,piano/test/piano_0308.obj,252,28651,65.01587301587301,0.4921875,4.359555690809495,13.98974609375,0.08737006116554738,0.09268882900005337,0.2921514090000983
autoencoder,piano/test/piano_0309.obj,242,27907,67.70247933884298,0.47265625,4.341474797759801,13.62646484375,0.13431460484659724,0.05375172399999428,0.6985847680000461
autoencoder,piano/test/piano_0310.obj,248,28495,66.06451612903226,0.484375,4.367719190680564,13.91357421875,0.07665695505921319,0.25121698800001013,0.3668196309999985
autoencoder,piano/test/piano_0311.obj,246,28195,66.60162601626017,0.48046875,4.345715166461159,13.76708984375,0.11896520966681945,0.1592723940000269,0.2611917799999901
autoencoder,piano/test/piano_0312.obj,248,28345,66.06451612903226,0.484375,4.352733415233415,13.84033203125,0.08730193266773967,0.11934384400001363,0.20834761000003255
autoencoder,piano/test/piano_0313.obj,246,28311,66.60162601626017,0.48046875,4.355538461538462,13.82373046875,0.06806833595021687,0.08468280700003561,0.3173900760000379
autoencoder,piano/test/piano_0314.obj,252,28664,65.01587301587301,0.4921875,4.3615337796713325,13.99609375,0.16507562415027321,0.08815756800004237,0.5035574959999849
autoencoder,piano/test/piano_0315.obj,244,28138,67.14754098360656,0.4765625,4.353032178217822,13.7392578125,0.11648885203655021,0.20693183700007012,0.3919403809999267
autoencoder,piano/test/piano_0316.obj,246,28257,66.60162601626017,0.48046875,4.363341568869672,13.79736328125,0.06997714357280725,0.1840766220000205,0.4449488679999831
autoencoder,piano/test/piano_0317.obj,246,28187,66.60162601626017,0.48046875,4.336461538461538,13.76318359375,0.08583401598187829,0.11553624199996193,0.4295590709999715
autoencoder,piano/test/piano_0318.obj,248,28449,66.06451612903226,0.484375,4.384864364981504,13.89111328125,0.07340647310544893,0.08705946899999617,0.4421272150000277
autoencoder,piano/test/piano_0319.obj,252,28707,65.01587301587301,0.4921875,4.376067073170732,14.01708984375,0.09801180110295056,0.1463139139999612,0.35822898799995073
autoencoder,piano/test/piano_0320.obj,250,28434,65.536,0.48828125,4.342394624312767,13.8837890625,0.16968604740424892,0.14340889300001436,0.491253889999939
autoencoder,piano/test/piano_0321.obj,248,28448,66.06451612903226,0.484375,4.368550368550369,13.890625,0.057384723334677507,0.11373882800000956,0.575845829000059
autoencoder,piano/test/piano_0322.obj,252,28733,65.01587301587301,0.4921875,4.372032866707243,14.02978515625,0.07981828582779593,0.1265832459999956,0.3366961660000243
autoencoder,piano/test/piano_0323.obj,250,28488,65.536,0.48828125,4.350641417226634,13.91015625,0.13022839642952172,0.09995033200004855,0.33641906799994103
autoencoder,piano/test/piano_0324.obj,252,28681,65.01587301587301,0.4921875,4.372103658536585,14.00439453125,0.15600386186686596,0.17413170299994363,0.29775593199997274
autoencoder,piano/test/piano_0325.obj,252,28762,65.01587301587301,0.4921875,4.392486255345143,14.0439453125,0.09610953971127265,0.15992904799998087,0.4135925489999863
autoencoder,piano/test/piano_0326.obj,252,28748,65.01587301587301,0.4921875,4.374315276932441,14.037109375,0.09765313707442824,0.1076522800000248,0.27227698700005476
autoencoder,piano/test/piano_0327.obj,248,28363,66.06451612903226,0.484375,4.347486204782342,13.84912109375,0.17163704360407006,0.09033124400002635,0.4039607459999388
autoencoder,piano/test/piano_0328.obj,252,28733,65.01587301587301,0.4921875,4.404199877375843,14.02978515625,0.07674436984330116,0.1409559530000024,0.45497006700009024
autoencoder,piano/test/piano_0329.obj,250,28599,65.536,0.48828125,4.367593158216249,13.96435546875,0.06480986223727815,0.15024196100000609,0.6261925619999147
autoencoder,piano/test/piano_0330.obj,248,28393,66.06451612903226,0.484375,4.368153846153846,13.86376953125,0.10311113824100546,0.31394220499998937,0.427611162000062
autoencoder,piano/test/piano_0331.obj,252,28753,65.01587301587301,0.4921875,4.391111789859499,14.03955078125,0.060486444408794714,0.08845987199993033,0.326975329999982
autoencoder,plant/test/plant_0241.obj,248,28411,66.06451612903226,0.484375,4.354843654199877,13.87255859375,0.08527109104022304,0.2041505299999926,0.29232922599999256
autoencoder,plant/test/plant_0242.obj,242,28001,67.70247933884298,0.47265625,4.339894606323621,13.67236328125,0.102089680944837,0.0980270530000098,0.2810557839999319
autoencoder,plant/test/plant_0243.obj,224,26618,73.14285714285714,0.4375,4.293225806451613,12.9970703125,0.12364304714878487,0.1688687729999856,0.37363889999994626
autoencoder,plant/test/plant_0244.obj,248,28405,66.06451612903226,0.484375,4.3539239730226855,13.86962890625,0.10608829716746596,0.09610301000009258,0.3820573360000026
autoencoder,plant/test/plant_0245.obj,234,27529,70.01709401709402,0.45703125,4.3311831340465705,13.44189453125,0.10910960557313745,0.12180151799998384,0.4629475190000676
autoencoder,plant/test/plant_0246.obj,248,28347,66.06451612903226,0.484375,4.345033721643164,13.84130859375,0.11353602086866628,0.29417857599992203,0.48372377500004404
autoencoder,plant/test/plant_0247.obj,242,28037,67.70247933884298,0.47265625,4.345474271543708,13.68994140625,0.1199410052364048,0.22128865099989525,0.463798403999931
autoencoder,plant/test/plant_0248.obj,238,27725,68.84033613445378,0.46484375,4.337453066332916,13.53759765625,0.11196537838899363,0.14473589800002173,0.5090978989999257
autoencoder,plant/test/plant_0249.obj,250,28554,65.536,0.48828125,4.376762722256284,13.9423828125,0.10376536912379213,0.20612419999997655,0.42681639099998847
autoencoder,plant/test/plant_0250.obj,252,28648,65.01587301587301,0.4921875,4.359099208764455,13.98828125,0.2080482611686231,0.1512044359999436,0.5375960320000104
autoencoder,plant/test/plant_0251.obj,242,28068,67.70247933884298,0.47265625,4.3502789832610045,13.705078125,0.11784211483483628,0.2356429259999686,0.45622683900000993
autoencoder,plant/test/plant_0252.obj,242,27984,67.70247933884298,0.47265625,4.337259764414135,13.6640625,0.20047886301679574,0.1755603809999684,0.3885780509999677
autoencoder,plant/test/plant_0253.obj,224,26694,73.14285714285714,0.4375,4.280628608082104,13.0341796875,0.1165448487174009,0.10116410499995254,0.28699110100001235
autoencoder,plant/test/plant_0254.obj,244,28099,67.14754098360656,0.4765625,4.338943792464484,13.72021484375,0.08898539854737118,0.3671177639999996,0.8193928230000438
autoencoder,plant/test/plant_0255.obj,230,27254,71.23478260869565,0.44921875,4.320545339251744,13.3076171875,0.1686385708127937,0.18706535999990592,0.5629005079999843
autoencoder,plant/test/plant_0256.obj,244,28155,67.14754098360656,0.4765625,4.3475911056207535,13.74755859375,0.09831177541136121,0.09413436599993474,0.271196046
autoencoder,plant/test/plant_0257.obj,242,27912,67.70247933884298,0.47265625,4.342252644679527,13.62890625,0.1679096042889454,0.05164782200006357,0.43920731599996543
autoencoder,plant/test/plant_0258.obj,238,27690,68.84033613445378,0.46484375,4.323860087445347,13.5205078125,0.1187505356395486,0.11896416699994461,0.47043451499996536
autoencoder,plant/test/plant_0259.obj,244,28069,67.14754098360656,0.4765625,4.342357673267327,13.70556640625,0.1113984130039765,0.13001127600000473,0.3945363099999213
autoencoder,plant/test/plant_0260.obj,248,28344,66.06451612903226,0.484375,4.3445738810545675,13.83984375,0.08995481843205558,0.121519471000056,0.33569108000006054
autoencoder,plant/test/plant_0261.obj,252,28663,65.01587301587301,0.4921875,4.361381618989653,13.99560546875,0.1367980506816106,0.10828656099999989,0.31109527499995693
autoencoder,plant/test/plant_0262.obj,234,27455,70.01709401709402,0.45703125,4.319540591567023,13.40576171875,0.14335600395863296,0.11885146999998142,0.3515173399999867
autoencoder,plant/test/plant_0263.obj,226,26967,72.49557522123894,0.44140625,4.307827476038339,13.16748046875,0.09084741988935913,0.5369496730000947,0.7732054059999882
autoencoder,plant/test/plant_0264.obj,226,26997,72.49557522123894,0.44140625,4.312619808306709,13.18212890625,0.12564561676058447,0.1363556729999118,0.5089187359999414
autoencoder,plant/test/plant_0265.obj,232,27411,70.62068965517241,0.453125,4.345434369055168,13.38427734375,0.17980124451016394,0.14714300200000707,0.27895066799999313
autoencoder,plant/test/plant_0266.obj,232,27360,70.62068965517241,0.453125,4.320909665192672,13.359375,0.1072510208071718,0.18808314299997164,0.26397504400006255
autoencoder,plant/test/plant_0267.obj,252,28730,65.01587301587301,0.4921875,4.3715763846622036,14.0283203125,0.11860353965954479,0.16140187899998182,0.23059256799990635
autoencoder,plant/test/plant_0268.obj,236,27590,69.42372881355932,0.4609375,4.3326005025125625,13.4716796875,0.10464680179300262,0.0767598499999167,0.47069511799998054
autoencoder,plant/test/plant_0269.obj,226,26974,72.49557522123894,0.44140625,4.308945686900959,13.1708984375,0.12147345476782082,0.19043891700005133,0.5117689549999795
autoencoder,plant/test/plant_0270.obj,248,28382,66.06451612903226,0.484375,4.350398528510117,13.8583984375,0.10592689240441294,0.16851081000004342,0.42452207899998484
autoencoder,plant/test/plant_0271.obj,242,27875,67.70247933884298,0.47265625,4.328416149068323,13.61083984375,0.08572190115786152,0.11677835800003322,0.5241477829999894
autoencoder,plant/test/plant_0272.obj,244,28096,67.14754098360656,0.4765625,4.346534653465347,13.71875,0.11821817564744214,0.15264432699996178,0.5857240189999402
autoencoder,plant/test/plant_0273.obj,236,27595,69.42372881355932,0.4609375,4.325235109717869,13.47412109375,0.10129819303920451,0.1412239869999894,0.2443878469999845
autoencoder,plant/test/plant_0274.obj,252,28617,65.01587301587301,0.4921875,4.35438222763238,13.97314453125,0.10390055124089662,0.10347795300003781,0.35785531999999876
autoencoder,plant/test/plant_0275.obj,232,27292,70.62068965517241,0.453125,4.310170562223626,13.326171875,0.08733137049917279,0.16912536999996064,0.4466050749999795
autoencoder,plant/test/plant_0276.obj,240,27926,68.26666666666667,0.46875,4.34443061605476,13.6357421875,0.16145519923508106,0.1621037529999967,0.37226320799993573
autoencoder,plant/test/plant_0277.obj,232,27315,70.62068965517241,0.453125,4.313802905874921,13.33740234375,0.10617082890745157,0.15298868200000015,0.3421528669999816
autoencoder,plant/test/plant_0278.obj,232,27383,70.62068965517241,0.453125,4.332753164556962,13.37060546875,0.12059656050688425,0.20841814299990347,0.28887646099997255
autoencoder,plant/test/plant_0279.obj,240,27825,68.26666666666667,0.46875,4.328718108276291,13.58642578125,0.09908700925309397,0.1325085130000616,0.27837961800003086
autoencoder,plant/test/plant_0280.obj,238,27688,68.84033613445378,0.46484375,4.331664580725907,13.51953125,0.09774788457496378,0.07504997399996682,0.4357268850000082
autoencoder,plant/test/plant_0281.obj,252,28689,65.01587301587301,0.4921875,4.365337796713329,14.00830078125,0.11964841002461063,0.2468341699999428,0.3911486630000809
autoencoder,plant/test/plant_0282.obj,250,28484,65.536,0.48828125,4.350030543677459,13.908203125,0.09345426420139283,0.15183333499999208,0.3367625070000031
autoencoder,plant/test/plant_0283.obj,236,27657,69.42372881355932,0.4609375,4.343121859296482,13.50439453125,0.1400349927257507,0.21243555099999867,0.6588406999999279
autoencoder,plant/test/plant_0284.obj,242,28027,67.70247933884298,0.47265625,4.343924364538128,13.68505859375,0.13535542151154267,0.19879949500000293,0.2848240649999525
autoencoder,plant/test/plant_0285.obj,232,27355,70.62068965517241,0.453125,4.328322784810126,13.35693359375,0.09268170127892636,0.16916497299996536,0.20313291200000094
autoencoder,plant/test/plant_0286.obj,246,28243,66.60162601626017,0.48046875,4.345076923076923,13.79052734375,0.14221486341834103,0.09604482999998254,0.2907777589999796
autoencoder,plant/test/plant_0287.obj,220,26480,74.47272727272727,0.4296875,4.279250161603103,12.9296875,0.10198979586382173,0.09194996700000502,0.27990109600000324
autoencoder,plant/test/plant_0288.obj,226,26905,72.49557522123894,0.44140625,4.297923322683706,13.13720703125,0.12604991258447773,0.11600280899995141,0.5157731689999991
autoencoder,plant/test/plant_0289.obj,248,28356,66.06451612903226,0.484375,4.346413243408952,13.845703125,0.08739461689467976,0.12719570900003419,0.30388472000004185
autoencoder,plant/test/plant_0290.obj,244,28157,67.14754098360656,0.4765625,4.3478999382334775,13.74853515625,0.12032713208829085,0.09669298899996193,0.4905783849999352
autoencoder,plant/test/plant_0291.obj,240,27899,68.26666666666667,0.46875,4.340230242688239,13.62255859375,0.09630950876211009,0.21189885499995853,0.556930962000024
autoencoder,plant/test/plant_0292.obj,252,28627,65.01587301587301,0.4921875,4.355903834449179,13.97802734375,0.17777050887630383,0.17370084100002714,0.4246693300000288
autoencoder,plant/test/plant_0293.obj,242,28021,67.70247933884298,0.47265625,4.34299442033478,13.68212890625,0.11019979747359454,0.14874290299997028,0.6182960590000448
autoencoder,plant/test/plant_0294.obj,232,27271,70.62068965517241,0.453125,4.3068540745420085,13.31591796875,0.121024704253373,0.1812170990000368,0.2818391179999935
autoencoder,plant/test/plant_0295.obj,244,28077,67.14754098360656,0.4765625,4.343595297029703,13.70947265625,0.12162001052653879,0.08650902800002314,0.39412696399995184
autoencoder,plant/test/plant_0296.obj,248,28375,66.06451612903226,0.484375,4.349325567136726,13.85498046875,0.0802361934245096,0.11949236300006305,0.3613120649999928
autoencoder,plant/test/plant_0297.obj,252,28635,65.01587301587301,0.4921875,4.357121119902617,13.98193359375,0.11745767934159818,0.29490567700008796,0.32485898499999166
autoencoder,plant/test/plant_0298.obj,228,27010,71.85964912280701,0.4453125,4.306441326530612,13.1884765625,0.11721954455650375,0.17538351400003194,0.4557071330000326
autoencoder,plant/test/plant_0299.obj,252,28626,65.01587301587301,0.4921875,4.355751673767498,13.9775390625,0.09050425410650065,0.1167192719999548,0.3614113849999967
autoencoder,plant/test/plant_0300.obj,248,28351,66.06451612903226,0.484375,4.385983910891089,13.84326171875,0.10028659755433267,0.2772021149999091,0.407856762999927
autoencoder,plant/test/plant_0301.obj,252,28613,65.01587301587301,0.4921875,4.361737804878048,13.97119140625,0.15598538268515144,0.1780062520000456,0.37561793300005775
autoencoder,plant/test/plant_0302.obj,232,27309,70.62068965517241,0.453125,4.312855337965887,13.33447265625,0.10270309449794174,0.12443433999999343,0.460748788999922
autoencoder,plant/test/plant_0303.obj,218,26352,75.1559633027523,0.42578125,4.2751460090850095,12.8671875,0.1072552576568982,0.12921009800004413,0.5773508549999633
autoencoder,plant/test/plant_0304.obj,248,28358,66.06451612903226,0.484375,4.346719803801349,13.8466796875,0.08910813116754224,0.2095421639999131,0.2947126420000359
autoencoder,plant/test/plant_0305.obj,248,28353,66.06451612903226,0.484375,4.3459534028203555,13.84423828125,0.1185771465143533,0.16546723400006158,0.23110629699999663
autoencoder,plant/test/plant_0306.obj,232,27312,70.62068965517241,0.453125,4.313329121920404,13.3359375,0.09194498653565955,0.13107363599999644,0.4353804479999326
autoencoder,plant/test/plant_0307.obj,238,27692,68.84033613445378,0.46484375,4.324172392254841,13.521484375,0.0941487991662141,0.25254145799999606,0.42280685799994444
autoencoder,plant/test/plant_0308.obj,224,26618,73.14285714285714,0.4375,4.293225806451613,12.9970703125,0.12369410147653626,0.14103732900002797,0.5293731839999509
autoencoder,plant/test/plant_0309.obj,252,28663,65.01587301587301,0.4921875,4.361381618989653,13.99560546875,0.094543351612465,0.10615173700000469,0.384927914000059
autoencoder,plant/test/plant_0310.obj,250,28471,65.536,0.48828125,4.348045204642639,13.90185546875,0.11315946846203159,0.1802160570000524,0.5026297570000224
autoencoder,plant/test/plant_0311.obj,244,28091,67.14754098360656,0.4765625,4.337708462013588,13.71630859375,0.11682713882076072,0.16968653399999312,0.4416234060000761
autoencoder,plant/test/plant_0312.obj,244,28084,67.14754098360656,0.4765625,4.336627547869055,13.712890625,0.11992359304187815,0.1240164600000071,0.3927771459999576
autoencoder,plant/test/plant_0313.obj,240,27831,68.26666666666667,0.46875,4.329651524579963,13.58935546875,0.11556352068279638,0.14876024099999086,0.2976989000000003
autoencoder,plant/test/plant_0314.obj,224,26812,73.14285714285714,0.4375,4.307840616966581,13.091796875,0.131935859631532,0.0953329550000035,0.2520719670000062
autoencoder,plant/test/plant_0315.obj,252,28661,65.01587301587301,0.4921875,4.361077297626293,13.99462890625,0.09393178530646765,0.07825867999997627,0.2401920820000214
autoencoder,plant/test/plant_0316.obj,240,27896,68.26666666666667,0.46875,4.356027482823236,13.62109375,0.12443935810725033,0.08564325899999403,0.5197482859999809
autoencoder,plant/test/plant_0317.obj,240,27828,68.26666666666667,0.46875,4.337281795511222,13.587890625,0.09390033826581048,0.12778375899995353,0.27669316300000446
autoencoder,plant/test/plant_0318.obj,230,27252,71.23478260869565,0.44921875,4.320228281547242,13.306640625,0.13140776917249872,0.1050018399999999,0.2739940689999685
autoencoder,plant/test/plant_0319.obj,236,27581,69.42372881355932,0.4609375,4.323040752351097,13.46728515625,0.11892476069100838,0.09142074300007152,0.4520861999999397
autoencoder,plant/test/plant_0320.obj,252,28632,65.01587301587301,0.4921875,4.364634146341463,13.98046875,0.10961539025757402,0.12951245200008543,0.537557138000011
autoencoder,plant/test/plant_0321.obj,242,28018,67.70247933884298,0.47265625,4.342529448233106,13.6806640625,0.105674142305727,0.11099726600002668,0.456464469000025
autoencoder,plant/test/plant_0322.obj,250,28489,65.536,0.48828125,4.350794135613928,13.91064453125,0.17997575598955617,0.24564319700004944,0.3075259839999944
autoencoder,plant/test/plant_0323.obj,242,27976,67.70247933884298,0.47265625,4.3522090852520225,13.66015625,0.10359862678302013,0.26220269800001006,0.3743823549999661
autoencoder,plant/test/plant_0324.obj,250,28513,65.536,0.48828125,4.35445937690898,13.92236328125,0.10328618823957339,0.13443489300004785,0.43177434300002915
autoencoder,plant/test/plant_0325.obj,234,27402,70.01709401709402,0.45703125,4.327542640555906,13.3798828125,0.08296612685114058,0.08422977100008211,0.5542790090000835
autoencoder,plant/test/plant_0326.obj,250,28482,65.536,0.48828125,4.3577111383108935,13.9072265625,0.110000149205223,0.16410377399995468,0.4253125740000314
autoencoder,plant/test/plant_0327.obj,248,28370,66.06451612903226,0.484375,4.356572481572481,13.8525390625,0.11976898022533561,0.26362153599995963,0.3794146099999125
autoencoder,plant/test/plant_0328.obj,248,28410,66.06451612903226,0.484375,4.354690374003678,13.8720703125,0.13249930818643527,0.07895749699991939,0.14464774800001123
autoencoder,plant/test/plant_0329.obj,246,28272,66.60162601626017,0.48046875,4.349538461538462,13.8046875,0.1214403410089561,0.04793564499993863,0.14166957599991292
autoencoder,plant/test/plant_0330.obj,226,26951,72.49557522123894,0.44140625,4.305271565495207,13.15966796875,0.12082423293577627,0.15004449499997463,0.6670667459999322
autoencoder,plant/test/plant_0331.obj,218,26318,75.1559633027523,0.42578125,4.277958387516255,12.8505859375,0.10742075877282209,0.10022634900008143,0.5120159159999957
autoencoder,plant/test/plant_0332.obj,218,26287,75.1559633027523,0.42578125,4.264600908500974,12.83544921875,0.1264533009362493,0.16465899399997852,0.636491828999965
autoencoder,plant/test/plant_0333.obj,236,27570,69.42372881355932,0.4609375,4.321316614420063,13.4619140625,0.09352033670903909,0.2557534290000376,0.44924451399992904
autoencoder,plant/test/plant_0334.obj,224,26618,73.14285714285714,0.4375,4.293225806451613,12.9970703125,0.12304102317401902,0.0849979600000097,0.2662163720000308
autoencoder,plant/test/plant_0335.obj,218,26342,75.1559633027523,0.42578125,4.28185955786736,12.8623046875,0.17377592810175407,0.09295787099995323,0.30512099999998554
autoencoder,plant/test/plant_0336.obj,224,26703,73.14285714285714,0.4375,4.282071840923669,13.03857421875,0.1118408040680055,0.1641663120000203,0.2563327880000088
autoencoder,plant/test/plant_0337.obj,230,27243,71.23478260869565,0.44921875,4.327033036848793,13.30224609375,0.10119221328702808,0.19628808900006334,0.3153974100000596
autoencoder,plant/test/plant_0338.obj,228,27096,71.85964912280701,0.4453125,4.32015306122449,13.23046875,0.1425595568214463,0.13424825399999918,0.64064974300004
autoencoder,plant/test/plant_0339.obj,230,27155,71.23478260869565,0.44921875,4.304850982878884,13.25927734375,0.1299134761008075,0.08764217600003121,0.3966473910001014
autoencoder,plant/test/plant_0340.obj,228,27029,71.85964912280701,0.4453125,4.301241247612985,13.19775390625,0.17860016261001568,0.060123847999989266,0.2931376089999276
autoencoder,radio/test/radio_0105.obj,250,28566,65.536,0.48828125,4.386670761670762,13.9482421875,0.12221164492372988,0.06665165200001866,0.435500831000013
autoencoder,radio/test/radio_0106.obj,252,28694,65.01587301587301,0.4921875,4.366098600121728,14.0107421875,0.11800875002868028,0.13626324200004092,0.41145489899997756
autoencoder,radio/test/radio_0107.obj,252,28639,65.01587301587301,0.4921875,4.373701893708002,13.98388671875,0.15814445247856618,0.10333295899999939,0.2690180539999574
autoencoder,radio/test/radio_0108.obj,252,28603,65.01587301587301,0.4921875,4.3602134146341465,13.96630859375,0.15540615646866293,0.08683357700010674,0.2565788770000381
autoencoder,radio/test/radio_0109.obj,250,28499,65.536,0.48828125,4.36031211750306,13.91552734375,0.14042777872219656,0.17522477700003947,0.46181229399996937
autoencoder,radio/test/radio_0110.obj,252,28731,65.01587301587301,0.4921875,4.371728545343883,14.02880859375,0.10404751528914762,0.08736404100000073,0.40064708200009136
autoencoder,radio/test/radio_0111.obj,252,28692,65.01587301587301,0.4921875,4.373780487804878,14.009765625,0.10651422113102507,0.07640903799995158,0.42871382299995275
autoencoder,radio/test/radio_0112.obj,252,28737,65.01587301587301,0.4921875,4.39672582619339,14.03173828125,0.12608643235161981,0.16395325400003458,0.6147161310000229
autoencoder,radio/test/radio_0113.obj,252,28797,65.01587301587301,0.4921875,4.3897865853658535,14.06103515625,0.09914058125144881,0.13647250200006056,0.6732582610000009
autoencoder,radio/test/radio_0114.obj,252,28746,65.01587301587301,0.4921875,4.382012195121951,14.0361328125,0.13150693714583594,0.10825850200001241,0.6000705409999227
autoencoder,radio/test/radio_0115.obj,252,28618,65.01587301587301,0.4921875,4.370494807574832,13.9736328125,0.13192783516723208,0.25227413799996157,0.5311876129999291
autoencoder,radio/test/radio_0116.obj,248,28457,66.06451612903226,0.484375,4.378,13.89501953125,0.11247933954980015,0.25089041299997916,0.38111149700000624
autoencoder,radio/test/radio_0117.obj,252,28800,65.01587301587301,0.4921875,4.398289554062309,14.0625,0.09374550784862111,0.1754383740000094,0.2929550549999931
autoencoder,radio/test/radio_0118.obj,252,28713,65.01587301587301,0.4921875,4.376981707317073,14.02001953125,0.13534818479045257,0.19696050599998216,0.2737855820000732
autoencoder,radio/test/radio_0119.obj,252,28669,65.01587301587301,0.4921875,4.370274390243902,13.99853515625,0.12101774851761571,0.15766921800002365,0.5169839029999821
autoencoder,radio/test/radio_0120.obj,252,28723,65.01587301587301,0.4921875,4.3945838433292534,14.02490234375,0.11519746193970898,0.21192351100000906,0.41677655300009064
autoencoder,radio/test/radio_0121.obj,252,28749,65.01587301587301,0.4921875,4.382469512195122,14.03759765625,0.1203138076879029,0.18347595800003091,0.4332390289999921
autoencoder,radio/test/radio_0122.obj,252,28639,65.01587301587301,0.4921875,4.3577297626293365,13.98388671875,0.1286964604946884,0.09588322499996593,0.24419778200001474
autoencoder,radio/test/radio_0123.obj,252,28593,65.01587301587301,0.4921875,4.358689024390244,13.96142578125,0.11549492593697218,0.08523540900000626,0.4980029219999551
autoencoder,radio/test/radio_0124.obj,250,28525,65.536,0.48828125,4.364290085679315,13.92822265625,0.1661924962268695,0.19258950300002198,0.4054421859999593
autoencoder,range_hood/test/range_hood_0116.obj,252,28721,65.01587301587301,0.4921875,4.3862248014660965,14.02392578125,0.12704853169171976,0.5016334859999461,0.3724877759999572
autoencoder,range_hood/test/range_hood_0117.obj,252,28626,65.01587301587301,0.4921875,4.355751673767498,13.9775390625,0.1000936218624775,0.09178954699996211,0.48351899099998263
autoencoder,range_hood/test/range_hood_0118.obj,252,28665,65.01587301587301,0.4921875,4.401873464373464,13.99658203125,0.14446280097335107,0.050503419999927246,0.27938532200005284
autoencoder,range_hood/test/range_hood_0119.obj,252,28703,65.01587301587301,0.4921875,4.37545731707317,14.01513671875,0.07132457553813872,0.1656233969999903,0.5546528840000065
autoencoder,range_hood/test/range_hood_0120.obj,252,28716,65.01587301587301,0.4921875,4.385461209529628,14.021484375,0.07584616984212142,0.06813199400005487,0.409023918999992
autoencoder,range_hood/test/range_hood_0121.obj,252,28655,65.01587301587301,0.4921875,4.360164333536214,13.99169921875,0.09008087225731964,0.102394395000033,0.2466195429999516
autoencoder,range_hood/test/range_hood_0122.obj,252,28631,65.01587301587301,0.4921875,4.372480146609652,13.97998046875,0.11884472717181263,0.12436002899994492,0.5556590959999994
autoencoder,range_hood/test/range_hood_0123.obj,252,28638,65.01587301587301,0.4921875,4.357577601947657,13.9833984375,0.08440901522235968,0.17397024199999578,0.5303453799999716
autoencoder,range_hood/test/range_hood_0124.obj,252,28663,65.01587301587301,0.4921875,4.361381618989653,13.99560546875,0.0923122116826065,0.1928142149999985,0.5297221350000427
autoencoder,range_hood/test/range_hood_0125.obj,252,28642,65.01587301587301,0.4921875,4.358186244674376,13.9853515625,0.09571794810073721,0.09000236199995015,0.27084780200004843
autoencoder,range_hood/test/range_hood_0126.obj,252,28676,65.01587301587301,0.4921875,4.403562653562654,14.001953125,0.07551743052384556,0.08391846099993927,0.37089645499997914
autoencoder,range_hood/test/range_hood_0127.obj,252,28662,65.01587301587301,0.4921875,4.377214416615761,13.9951171875,0.0718268122100407,0.11030253500007348,0.4052821230000063
autoencoder,range_hood/test/range_hood_0128.obj,252,28637,65.01587301587301,0.4921875,4.373396456933415,13.98291015625,0.08947237550723353,0.1292365310000605,0.35248886900001253
autoencoder,range_hood/test/range_hood_0129.obj,252,28667,65.01587301587301,0.4921875,4.361990261716373,13.99755859375,0.08839557107532699,0.20795738000003894,0.2944349010000451
autoencoder,range_hood/test/range_hood_0130.obj,252,28641,65.01587301587301,0.4921875,4.358034083992696,13.98486328125,0.10445394108241175,0.1801718599999731,0.3852618750000829
autoencoder,range_hood/test/range_hood_0131.obj,252,28661,65.01587301587301,0.4921875,4.369054878048781,13.99462890625,0.09476531333220359,0.26622895199989216,0.546302120000064
autoencoder,range_hood/test/range_hood_0132.obj,252,28715,65.01587301587301,0.4921875,4.393359853121175,14.02099609375,0.06101824197666615,0.09128486199983854,0.5674024479999389
autoencoder,range_hood/test/range_hood_0133.obj,252,28677,65.01587301587301,0.4921875,4.371493902439024,14.00244140625,0.08051285307963063,0.1574064079998152,0.33612502000005406
autoencoder,range_hood/test/range_hood_0134.obj,252,28655,65.01587301587301,0.4921875,4.368140243902439,13.99169921875,0.10779425615633181,0.1162178860001859,0.19091593999996803
autoencoder,range_hood/test/range_hood_0135.obj,252,28701,65.01587301587301,0.4921875,4.3831704337202195,14.01416015625,0.08879270598016949,0.05148635699993065,0.31425534200002403
autoencoder,range_hood/test/range_hood_0136.obj,252,28657,65.01587301587301,0.4921875,4.360468654899574,13.99267578125,0.10010061794427423,0.05786308200003987,0.5857645990001856
autoencoder,range_hood/test/range_hood_0137.obj,252,28538,65.01587301587301,0.4921875,4.350304878048781,13.9345703125,0.08718695301118695,0.2111640210000587,0.3843388909999703
autoencoder,range_hood/test/range_hood_0138.obj,252,28663,65.01587301587301,0.4921875,4.385403916768666,13.99560546875,0.07023310720955508,0.15040569899997536,0.37182927499998186
autoencoder,range_hood/test/range_hood_0139.obj,252,28710,65.01587301587301,0.4921875,4.392594859241126,14.0185546875,0.07899192211238631,0.15035878200001207,0.3113092440000855
autoencoder,range_hood/test/range_hood_0140.obj,252,28685,65.01587301587301,0.4921875,4.380726939523519,14.00634765625,0.07229691857690965,0.0474418759999935,0.6094375679999757
autoencoder,range_hood/test/range_hood_0141.obj,252,28651,65.01587301587301,0.4921875,4.3835679314565485,13.98974609375,0.080478813040261,0.21227444999999534,0.4513390970000728
autoencoder,range_hood/test/range_hood_0142.obj,252,28668,65.01587301587301,0.4921875,4.378130726939523,13.998046875,0.09953362040283492,0.8393739219998224,0.6118090140000731
autoencoder,range_hood/test/range_hood_0143.obj,252,28656,65.01587301587301,0.4921875,4.368292682926829,13.9921875,0.08175582508750193,0.20606732200008082,0.41144023400011065
autoencoder,range_hood/test/range_hood_0144.obj,250,28549,65.536,0.48828125,4.384060196560196,13.93994140625,0.10518001453098669,0.24551251499997306,0.32224926399999276
autoencoder,range_hood/test/range_hood_0145.obj,252,28721,65.01587301587301,0.4921875,4.3862248014660965,14.02392578125,0.0868373699971331,0.09013437599992358,0.5331408709998868
autoencoder,range_hood/test/range_hood_0146.obj,252,28665,65.01587301587301,0.4921875,4.369664634146342,13.99658203125,0.08585805126837258,0.1208534279999185,0.295455506000053
autoencoder,range_hood/test/range_hood_0147.obj,252,28655,65.01587301587301,0.4921875,4.360164333536214,13.99169921875,0.07660966079450314,0.06622098100001494,0.2785797530000309
autoencoder,range_hood/test/range_hood_0148.obj,252,28701,65.01587301587301,0.4921875,4.3831704337202195,14.01416015625,0.07725549157622269,0.05325269099989782,0.30187036200004513
autoencoder,range_hood/test/range_hood_0149.obj,252,28656,65.01587301587301,0.4921875,4.384332925336597,13.9921875,0.07567451242841261,0.23022632099991824,0.7996309040001961
autoencoder,range_hood/test/range_hood_0150.obj,252,28674,65.01587301587301,0.4921875,4.379047037263287,14.0009765625,0.09131894503299184,0.19597685399980946,0.4392155420000563
autoencoder,range_hood/test/range_hood_0151.obj,252,28669,65.01587301587301,0.4921875,4.362294583079732,13.99853515625,0.09137761509142225,0.08658025800014002,0.3896357280000302
autoencoder,range_hood/test/range_hood_0152.obj,252,28677,65.01587301587301,0.4921875,4.363511868533171,14.00244140625,0.09224057743221863,0.20174010000005183,0.35284646199988856
autoencoder,range_hood/test/range_hood_0153.obj,252,28662,65.01587301587301,0.4921875,4.361229458307974,13.9951171875,0.11196391859387698,0.1858913080000093,0.31831822200001625
autoencoder,range_hood/test/range_hood_0154.obj,252,28677,65.01587301587301,0.4921875,4.387545899632803,14.00244140625,0.08169540424306312,0.08036834600011389,0.22169703200006552
autoencoder,range_hood/test/range_hood_0155.obj,252,28647,65.01587301587301,0.4921875,4.358947048082776,13.98779296875,0.0780963453165027,0.13670218199990813,0.17824864999988677
autoencoder,range_hood/test/range_hood_0156.obj,252,28670,65.01587301587301,0.4921875,4.370426829268292,13.9990234375,0.08556655985863162,0.06258498500005771,0.4040395179999905
autoencoder,range_hood/test/range_hood_0157.obj,252,28707,65.01587301587301,0.4921875,4.384086744043983,14.01708984375,0.11662424411006547,0.132394788000056,0.4471333079998203
autoencoder,range_hood/test/range_hood_0158.obj,252,28681,65.01587301587301,0.4921875,4.380116065974343,14.00439453125,0.13216941576277458,0.1537575189997824,0.38563409200014576
autoencoder,range_hood/test/range_hood_0159.obj,252,28708,65.01587301587301,0.4921875,4.376219512195122,14.017578125,0.09072499927763976,0.1259578470001088,0.34292273200003365
autoencoder,range_hood/test/range_hood_0160.obj,252,28669,65.01587301587301,0.4921875,4.362294583079732,13.99853515625,0.09304141489754857,0.14020352500006084,0.4707831759999408
autoencoder,range_hood/test/range_hood_0161.obj,252,28672,65.01587301587301,0.4921875,4.3707317073170735,14.0,0.10106881953770244,0.2240990159998546,0.3386873720000949
autoencoder,range_hood/test/range_hood_0162.obj,252,28707,65.01587301587301,0.4921875,4.3680766889835665,14.01708984375,0.06057076417256302,0.09038774800001192,0.2816711820000819
autoencoder,range_hood/test/range_hood_0163.obj,252,28623,65.01587301587301,0.4921875,4.363262195121951,13.97607421875,0.0986576922534648,0.10742698500007464,0.3179180610000003
autoencoder,range_hood/test/range_hood_0164.obj,252,28646,65.01587301587301,0.4921875,4.366768292682927,13.9873046875,0.1127890296484689,0.05571104699993157,0.28109118400016087
autoencoder,range_hood/test/range_hood_0165.obj,252,28712,65.01587301587301,0.4921875,4.3688374923919655,14.01953125,0.1261979934544025,0.27019764500005294,0.657507809000208
autoencoder,range_hood/test/range_hood_0166.obj,252,28706,65.01587301587301,0.4921875,4.3759146341463415,14.0166015625,0.09417061972735691,0.17275360999997247,0.4481968219999999
autoencoder,range_hood/test/range_hood_0167.obj,252,28720,65.01587301587301,0.4921875,4.394124847001224,14.0234375,0.07058968339107088,0.15012900500005344,0.29894077000017205
autoencoder,range_hood/test/range_hood_0168.obj,252,28701,65.01587301587301,0.4921875,4.37515243902439,14.01416015625,0.06161832345836642,0.10249935699994239,0.25259627000014007
autoencoder,range_hood/test/range_hood_0169.obj,252,28720,65.01587301587301,0.4921875,4.386072083078803,14.0234375,0.06471941036916375,0.0687027220001255,0.3266152769999735
autoencoder,range_hood/test/range_hood_0170.obj,252,28730,65.01587301587301,0.4921875,4.395654834761322,14.0283203125,0.053377518732039844,0.1561242890002177,0.27249009899992416
autoencoder,range_hood/test/range_hood_0171.obj,252,28693,65.01587301587301,0.4921875,4.381948686621869,14.01025390625,0.07553037150549341,0.06766769700016084,0.22757457600005182
autoencoder,range_hood/test/range_hood_0172.obj,252,28668,65.01587301587301,0.4921875,4.370121951219512,13.998046875,0.08877468668479298,0.058783140000059575,0.3206174379999993
autoencoder,range_hood/test/range_hood_0173.obj,252,28651,65.01587301587301,0.4921875,4.359555690809495,13.98974609375,0.11771818783805958,0.14817983700004334,0.46073413899989646
autoencoder,range_hood/test/range_hood_0174.obj,252,28639,65.01587301587301,0.4921875,4.373701893708002,13.98388671875,0.09911107205648058,0.15292806100001144,0.3046248429998286
autoencoder,range_hood/test/range_hood_0175.obj,252,28667,65.01587301587301,0.4921875,4.361990261716373,13.99755859375,0.08805383236432732,0.10985492199984037,0.3169660460000614
autoencoder,range_hood/test/range_hood_0176.obj,252,28648,65.01587301587301,0.4921875,4.367073170731707,13.98828125,0.06404908029238818,0.0909770060000028,0.28518086500002937
autoencoder,range_hood/test/range_hood_0177.obj,252,28698,65.01587301587301,0.4921875,4.406941031941032,14.0126953125,0.08756333066904534,0.08880478800006131,0.2518482629998289
autoencoder,range_hood/test/range_hood_0178.obj,252,28687,65.01587301587301,0.4921875,4.373018292682927,14.00732421875,0.08004791896115201,0.08235953999997037,0.4214040780000232
autoencoder,range_hood/test/range_hood_0179.obj,252,28638,65.01587301587301,0.4921875,4.365548780487805,13.9833984375,0.09190708771156164,0.2747297560001698,0.5840828220000276
autoencoder,range_hood/test/range_hood_0180.obj,252,28643,65.01587301587301,0.4921875,4.366310975609756,13.98583984375,0.08388025778660818,0.16989256900001237,0.4908940679999887
autoencoder,range_hood/test/range_hood_0181.obj,252,28627,65.01587301587301,0.4921875,4.387952176578786,13.97802734375,0.10795717450200165,0.13854923999997482,0.5082876180001676
autoencoder,range_hood/test/range_hood_0182.obj,252,28639,65.01587301587301,0.4921875,4.381731946144431,13.98388671875,0.14489707599086837,0.1631966160000502,0.3078394330000265
autoencoder,range_hood/test/range_hood_0183.obj,252,28644,65.01587301587301,0.4921875,4.366463414634146,13.986328125,0.09582193074801415,0.24812468300001456,0.31849177599997347
autoencoder,range_hood/test/range_hood_0184.obj,252,28652,65.01587301587301,0.4921875,4.3756872327428225,13.990234375,0.1305531832982658,0.0848351070001172,0.43580632899988814
autoencoder,range_hood/test/range_hood_0185.obj,252,28653,65.01587301587301,0.4921875,4.367835365853659,13.99072265625,0.11268523229271984,0.09603553700003431,0.28285717700009627
autoencoder,range_hood/test/range_hood_0186.obj,252,28636,65.01587301587301,0.4921875,4.373243738546121,13.982421875,0.10839321873246174,0.22014651500012405,0.23889858500001537
autoencoder,range_hood/test/range_hood_0187.obj,252,28676,65.01587301587301,0.4921875,4.379352474037874,14.001953125,0.12008263236004312,0.09627526099984607,0.22913972000014837
autoencoder,range_hood/test/range_hood_0188.obj,252,28614,65.01587301587301,0.4921875,4.353925745587341,13.9716796875,0.10013657669590573,0.06763421499999822,0.25580602399986674
autoencoder,range_hood/test/range_hood_0189.obj,250,28570,65.536,0.48828125,4.371175030599755,13.9501953125,0.1109959406563861,0.23979172700001072,0.5768250500000249
autoencoder,range_hood/test/range_hood_0190.obj,252,28654,65.01587301587301,0.4921875,4.367987804878049,13.9912109375,0.10394136915138234,0.22528865899994344,0.4249994090000655
autoencoder,range_hood/test/range_hood_0191.obj,252,28696,65.01587301587301,0.4921875,4.382406841783751,14.01171875,0.08575514364020381,0.0955312099999901,0.21948366599986002
autoencoder,range_hood/test/range_hood_0192.obj,252,28662,65.01587301587301,0.4921875,4.385250917992656,13.9951171875,0.09247723515721781,0.06819526399999631,0.20129454600009922
autoencoder,range_hood/test/range_hood_0193.obj,252,28647,65.01587301587301,0.4921875,4.374923640806353,13.98779296875,0.0891804634682564,0.052502781000157484,0.3375554290000764
autoencoder,range_hood/test/range_hood_0194.obj,252,28647,65.01587301587301,0.4921875,4.382955936352509,13.98779296875,0.11737846592627005,0.1628993519998403,0.5186453579999579
autoencoder,range_hood/test/range_hood_0195.obj,252,28599,65.01587301587301,0.4921875,4.359603658536585,13.96435546875,0.12260695737887636,0.21343375099991135,0.26257837299999665
autoencoder,range_hood/test/range_hood_0196.obj,252,28707,65.01587301587301,0.4921875,4.400214592274678,14.01708984375,0.11168386214666964,0.2315742120001687,0.2945774209999854
autoencoder,range_hood/test/range_hood_0197.obj,252,28733,65.01587301587301,0.4921875,4.372032866707243,14.02978515625,0.12464549106630934,0.1962774599999193,0.552342512999985
autoencoder,range_hood/test/range_hood_0198.obj,252,28717,65.01587301587301,0.4921875,4.369598295800365,14.02197265625,0.08566794726420134,0.09270739999988109,0.2428950639998675
autoencoder,range_hood/test/range_hood_0199.obj,252,28680,65.01587301587301,0.4921875,4.371951219512195,14.00390625,0.07797648613789646,0.1262602900001184,0.16368329199985965
autoencoder,range_hood/test/range_hood_0200.obj,252,28654,65.01587301587301,0.4921875,4.384026927784578,13.9912109375,0.0897669884076325,0.07916575700005524,0.19066530500003864
autoencoder,range_hood/test/range_hood_0201.obj,252,28646,65.01587301587301,0.4921875,4.374770922419059,13.9873046875,0.09548586125858924,0.07099097399986931,0.2413034900000639
autoencoder,range_hood/test/range_hood_0202.obj,252,28696,65.01587301587301,0.4921875,4.374390243902439,14.01171875,0.09070751669285232,0.2415005170000768,0.5471977790000437
autoencoder,range_hood/test/range_hood_0203.obj,252,28649,65.01587301587301,0.4921875,4.375229077580941,13.98876953125,0.12392017825247785,0.16030212700002267,0.24127946599992356
autoencoder,range_hood/test/range_hood_0204.obj,252,28653,65.01587301587301,0.4921875,4.359860012172854,13.99072265625,0.08772952495680474,0.10363909099987723,0.185410850000153
autoencoder,range_hood/test/range_hood_0205.obj,252,28676,65.01587301587301,0.4921875,4.379352474037874,14.001953125,0.08271188011066329,0.20723186899999746,0.3039430420001281
autoencoder,range_hood/test/range_hood_0206.obj,252,28656,65.01587301587301,0.4921875,4.360316494217894,13.9921875,0.11065645907819907,0.08824436000008973,0.27097871099999793
autoencoder,range_hood/test/range_hood_0207.obj,252,28694,65.01587301587301,0.4921875,4.382101405009163,14.0107421875,0.09760169725826061,0.07159862599996814,0.3274105530001634
autoencoder,range_hood/test/range_hood_0208.obj,252,28657,65.01587301587301,0.4921875,4.368445121951219,13.99267578125,0.09032605805762972,0.1880679289999989,0.2870067230001041
autoencoder,range_hood/test/range_hood_0209.obj,252,28644,65.01587301587301,0.4921875,4.3584905660377355,13.986328125,0.14290159109158734,0.08296028299992031,0.6707693250000375
autoencoder,range_hood/test/range_hood_0210.obj,252,28662,65.01587301587301,0.4921875,4.369207317073171,13.9951171875,0.10571938699533544,0.09689848299990445,0.4062558390000959
autoencoder,range_hood/test/range_hood_0211.obj,252,28667,65.01587301587301,0.4921875,4.37797800855223,13.99755859375,0.09733158001498991,0.16610372799982542,0.46610535200011327
autoencoder,range_hood/test/range_hood_0212.obj,252,28649,65.01587301587301,0.4921875,4.3592513694461354,13.98876953125,0.10593052138662493,0.16401975999997376,0.3196493329999157
autoencoder,range_hood/test/range_hood_0213.obj,252,28675,65.01587301587301,0.4921875,4.3872399020807835,14.00146484375,0.09743738857641794,0.10643502199991417,0.281215229000054
autoencoder,range_hood/test/range_hood_0214.obj,252,28669,65.01587301587301,0.4921875,4.3863219094247246,13.99853515625,0.09261647033925809,0.0892702769999687,0.30051773100012724
autoencoder,range_hood/test/range_hood_0215.obj,252,28712,65.01587301587301,0.4921875,4.376829268292683,14.01953125,0.06553931564587442,0.19023477200016714,0.4096422929999335
autoencoder,sink/test/sink_0129.obj,252,28646,65.01587301587301,0.4921875,4.382802937576499,13.9873046875,0.1785202863024743,0.08901729100011835,0.45083156900000176
autoencoder,sink/test/sink_0130.obj,252,28650,65.01587301587301,0.4921875,4.367378048780488,13.9892578125,0.13892312122257314,0.16815751900003306,0.24854084700018575
autoencoder,sink/test/sink_0131.obj,252,28830,65.01587301587301,0.4921875,4.3948170731707314,14.0771484375,0.08281635825248555,0.15847987699999067,0.2399013639999339
autoencoder,sink/test/sink_0132.obj,252,28624,65.01587301587301,0.4921875,4.363414634146341,13.9765625,0.1128270707437409,0.18347401999994872,0.23193569899990507
autoencoder,sink/test/sink_0133.obj,252,28655,65.01587301587301,0.4921875,4.360164333536214,13.99169921875,0.19139625276521965,0.07148749500015583,0.2517842830000063
autoencoder,sink/test/sink_0134.obj,252,28746,65.01587301587301,0.4921875,4.374010955569081,14.0361328125,0.07491855257272646,0.05819017099997836,0.209932389999949
autoencoder,sink/test/sink_0135.obj,252,28658,65.01587301587301,0.4921875,4.368597560975609,13.9931640625,0.15342615375988375,0.08669483199992101,0.19722273100001075
autoencoder,sink/test/sink_0136.obj,252,28702,65.01587301587301,0.4921875,4.3673158855751675,14.0146484375,0.07923358358117949,0.24034127399977478,0.519157560999929
autoencoder,sink/test/sink_0137.obj,252,28668,65.01587301587301,0.4921875,4.362142422398052,13.998046875,0.18849204093576016,0.1491471740000634,0.3850965960000394
autoencoder,sink/test/sink_0138.obj,252,28661,65.01587301587301,0.4921875,4.369054878048781,13.99462890625,0.1635781409915381,0.1523687900000823,0.4179655279999679
autoencoder,sink/test/sink_0139.obj,252,28646,65.01587301587301,0.4921875,4.358794887401095,13.9873046875,0.16579541415997323,0.09845451999990473,0.3822217229999296
autoencoder,sink/test/sink_0140.obj,252,28692,65.01587301587301,0.4921875,4.373780487804878,14.009765625,0.08524613133380718,0.11390449600003194,0.42332728900009897
autoencoder,sink/test/sink_0141.obj,252,28590,65.01587301587301,0.4921875,4.358231707317073,13.9599609375,0.13125891516710714,0.12100375099998928,0.2945221899999524
autoencoder,sink/test/sink_0142.obj,252,28653,65.01587301587301,0.4921875,4.359860012172854,13.99072265625,0.14512253438307793,0.2588339129999895,0.6738072220000504
autoencoder,sink/test/sink_0143.obj,252,28626,65.01587301587301,0.4921875,4.3637195121951216,13.9775390625,0.159164660563551,0.13494857399996363,0.18847732200015344
autoencoder,sink/test/sink_0144.obj,252,28630,65.01587301587301,0.4921875,4.356360316494218,13.9794921875,0.19827276006990432,0.09177250399989134,0.20464374399989538
autoencoder,sink/test/sink_0145.obj,252,28649,65.01587301587301,0.4921875,4.3672256097560975,13.98876953125,0.16435921846782925,0.32280543899992153,0.2923334900001464
autoencoder,sink/test/sink_0146.obj,250,28488,65.536,0.48828125,4.350641417226634,13.91015625,0.1451281204474522,0.20182391399998778,0.2437574359998962
autoencoder,sink/test/sink_0147.obj,252,28626,65.01587301587301,0.4921875,4.355751673767498,13.9775390625,0.16559556439656914,0.12613367400012976,0.2133109140002034
autoencoder,sink/test/sink_0148.obj,244,28170,67.14754098360656,0.4765625,4.366088034717917,13.7548828125,0.06821058876778344,0.0467126549999648,0.21249003499997343
autoencoder,sofa/test/sofa_0681.obj,252,28717,65.01587301587301,0.4921875,4.3775914634146345,14.02197265625,0.07565594944602094,0.08981817300013972,0.1676350889999867
autoencoder,sofa/test/sofa_0682.obj,252,28742,65.01587301587301,0.4921875,4.405579399141631,14.0341796875,0.07167474031046617,0.08947749200001454,0.15689644700000827
autoencoder,sofa/test/sofa_0683.obj,252,28708,65.01587301587301,0.4921875,4.376219512195122,14.017578125,0.09356832328487041,0.1423893930000304,0.19470747800005483
autoencoder,sofa/test/sofa_0684.obj,252,28692,65.01587301587301,0.4921875,4.38984088127295,14.009765625,0.0869478252451903,0.08155315299995891,0.3216461810000055
autoencoder,sofa/test/sofa_0685.obj,252,28730,65.01587301587301,0.4921875,4.379573170731708,14.0283203125,0.1330394925700863,0.18663447199992333,0.2502469009998549
autoencoder,sofa/test/sofa_0686.obj,252,28652,65.01587301587301,0.4921875,4.359707851491175,13.990234375,0.1657181523011666,0.19073880199994164,0.4336093979998168
autoencoder,sofa/test/sofa_0687.obj,252,28737,65.01587301587301,0.4921875,4.404812998160637,14.03173828125,0.11046252428292733,0.21145763699996678,0.39380177799989724
autoencoder,sofa/test/sofa_0688.obj,238,27742,68.84033613445378,0.46484375,4.340112640801001,13.5458984375,0.10511590205810437,0.12126690099989901,0.31482544000004964
autoencoder,sofa/test/sofa_0689.obj,252,28666,65.01587301587301,0.4921875,4.3858629130966955,13.9970703125,0.1480156509731084,0.09196185499990861,0.39024015900008635
autoencoder,sofa/test/sofa_0690.obj,252,28766,65.01587301587301,0.4921875,4.385060975609756,14.0458984375,0.13064841255604964,0.1504926019999857,0.5116141650000827
autoencoder,sofa/test/sofa_0691.obj,252,28683,65.01587301587301,0.4921875,4.3724085365853655,14.00537109375,0.09709673772103787,0.09742053300010411,0.27188291099992057
autoencoder,sofa/test/sofa_0692.obj,252,28677,65.01587301587301,0.4921875,4.379505192425168,14.00244140625,0.14736413013431798,0.0842320040001141,0.383285818000104
autoencoder,sofa/test/sofa_0693.obj,252,28664,65.01587301587301,0.4921875,4.3615337796713325,13.99609375,0.11526086082478966,0.10362316800001281,0.39261066999983996
autoencoder,sofa/test/sofa_0694.obj,252,28710,65.01587301587301,0.4921875,4.368533171028607,14.0185546875,0.0959299913050169,0.0863709520001521,0.4533505879999211
autoencoder,sofa/test/sofa_0695.obj,252,28652,65.01587301587301,0.4921875,4.367682926829269,13.990234375,0.11876731412424908,0.13154615299981742,0.47933182199994917
autoencoder,sofa/test/sofa_0696.obj,252,28692,65.01587301587301,0.4921875,4.3817959682345755,14.009765625,0.09918373892168375,0.17535771699999714,0.33106883699997525
autoencoder,sofa/test/sofa_0697.obj,252,28658,65.01587301587301,0.4921875,4.360620815581254,13.9931640625,0.1260908809761817,0.23372341100002814,0.2900073280000015
autoencoder,sofa/test/sofa_0698.obj,244,28114,67.14754098360656,0.4765625,4.349319306930693,13.7275390625,0.12768937012425308,0.19319704999998066,0.3689230200000111
autoencoder,sofa/test/sofa_0699.obj,252,28675,65.01587301587301,0.4921875,4.395309625996322,14.00146484375,0.12406418542613058,0.09090895399981491,0.3199680109999008
autoencoder,sofa/test/sofa_0700.obj,248,28426,66.06451612903226,0.484375,4.36517199017199,13.8798828125,0.10147607932722615,0.14228450900009193,0.37416121100000055
autoencoder,sofa/test/sofa_0701.obj,226,26935,72.49557522123894,0.44140625,4.302715654952077,13.15185546875,0.1031291151737052,0.08494864400017832,0.39346706099991025
autoencoder,sofa/test/sofa_0702.obj,250,28602,65.536,0.48828125,4.384120171673819,13.9658203125,0.10603298998660385,0.2000275060001968,0.4710105740000472
autoencoder,sofa/test/sofa_0703.obj,252,28681,65.01587301587301,0.4921875,4.396229307173513,14.00439453125,0.13737559042446493,0.09081382800013671,0.23386757000002945
autoencoder,sofa/test/sofa_0704.obj,252,28707,65.01587301587301,0.4921875,4.384086744043983,14.01708984375,0.13376243921680891,0.05886172400005307,0.4056930049998755
autoencoder,sofa/test/sofa_0705.obj,252,28712,65.01587301587301,0.4921875,4.3848503359804525,14.01953125,0.13301611922292988,0.07590148400004182,0.755399763000014
autoencoder,sofa/test/sofa_0706.obj,252,28664,65.01587301587301,0.4921875,4.369512195121951,13.99609375,0.12010725134601602,0.3169848540001112,0.46269338100000823
autoencoder,sofa/test/sofa_0707.obj,252,28728,65.01587301587301,0.4921875,4.395348837209302,14.02734375,0.13561769981240712,0.25068514100007633,0.2965535590001309
autoencoder,sofa/test/sofa_0708.obj,252,28696,65.01587301587301,0.4921875,4.366402921485088,14.01171875,0.15490875206009597,0.06440008999993552,0.21220390500002395
autoencoder,sofa/test/sofa_0709.obj,252,28748,65.01587301587301,0.4921875,4.39034819792303,14.037109375,0.1298225890512677,0.18544492199998786,0.33807839800010697
autoencoder,sofa/test/sofa_0710.obj,248,28400,66.06451612903226,0.484375,4.37731196054254,13.8671875,0.08159678528289564,0.10522214699994947,0.3591192700000647
autoencoder,sofa/test/sofa_0711.obj,252,28698,65.01587301587301,0.4921875,4.37469512195122,14.0126953125,0.10755819270354287,0.06886461099998087,0.32605624500001795
autoencoder,sofa/test/sofa_0712.obj,248,28409,66.06451612903226,0.484375,4.370615384615385,13.87158203125,0.10755113826014731,0.06165546099987296,0.626761149999993
autoencoder,sofa/test/sofa_0713.obj,252,28690,65.01587301587301,0.4921875,4.3814905314599875,14.0087890625,0.10455207575963535,0.07664964500008864,0.6456661859999713
autoencoder,sofa/test/sofa_0714.obj,252,28672,65.01587301587301,0.4921875,4.362751065124772,14.0,0.1332857929536756,0.16238136500010114,0.5616080020001846
autoencoder,sofa/test/sofa_0715.obj,252,28681,65.01587301587301,0.4921875,4.380116065974343,14.00439453125,0.11571014909418484,0.14699373399980686,0.2798173559999668
autoencoder,sofa/test/sofa_0716.obj,252,28714,65.01587301587301,0.4921875,4.377134146341463,14.0205078125,0.1292206230294693,0.22995914400007678,0.31309055599990643
autoencoder,sofa/test/sofa_0717.obj,252,28664,65.01587301587301,0.4921875,4.369512195121951,13.99609375,0.16629847777797624,0.1331910890000927,0.5244579820000581
autoencoder,sofa/test/sofa_0718.obj,252,28683,65.01587301587301,0.4921875,4.3724085365853655,14.00537109375,0.11609966442211168,0.15927817900001173,0.5530547550001756
autoencoder,sofa/test/sofa_0719.obj,252,28695,65.01587301587301,0.4921875,4.382254123396457,14.01123046875,0.13432208813890398,0.10155013000007784,0.5213635479999539
autoencoder,sofa/test/sofa_0720.obj,252,28746,65.01587301587301,0.4921875,4.374010955569081,14.0361328125,0.1157554326957343,0.14238120300001356,0.4607179729998734
autoencoder,sofa/test/sofa_0721.obj,252,28670,65.01587301587301,0.4921875,4.362446743761412,13.9990234375,0.13550266450750847,0.2847336559998439,0.6586853009998777
autoencoder,sofa/test/sofa_0722.obj,252,28656,65.01587301587301,0.4921875,4.376298106291998,13.9921875,0.12299388459222495,0.17925259200001165,0.41304249899985734
autoencoder,sofa/test/sofa_0723.obj,252,28719,65.01587301587301,0.4921875,4.377896341463415,14.02294921875,0.12411631175344423,0.14430790300002627,0.5307081319999725
autoencoder,sofa/test/sofa_0724.obj,252,28717,65.01587301587301,0.4921875,4.3775914634146345,14.02197265625,0.12015002195580507,0.09463106199996218,0.22337645900006464
autoencoder,sofa/test/sofa_0725.obj,252,28732,65.01587301587301,0.4921875,4.3959608323133414,14.029296875,0.11004256216324942,0.1058194760000788,0.5249568640001598
autoencoder,sofa/test/sofa_0726.obj,252,28660,65.01587301587301,0.4921875,4.3689024390243905,13.994140625,0.1210267937305803,0.18467149100001734,0.52340829700006
autoencoder,sofa/test/sofa_0727.obj,252,28638,65.01587301587301,0.4921875,4.373549175320709,13.9833984375,0.13017785228495746,0.09447600900011821,0.4192067769999994
autoencoder,sofa/test/sofa_0728.obj,252,28716,65.01587301587301,0.4921875,4.369446135118685,14.021484375,0.14602906465519339,0.2022602839999763,0.38504023199993753
autoencoder,sofa/test/sofa_0729.obj,248,28384,66.06451612903226,0.484375,4.374845869297164,13.859375,0.12097756829939016,0.16480230199999824,0.4516550419998566
autoencoder,sofa/test/sofa_0730.obj,252,28676,65.01587301587301,0.4921875,4.363359707851491,14.001953125,0.10388403383998318,0.1238132549999591,0.3953834030000962
autoencoder,sofa/test/sofa_0731.obj,252,28638,65.01587301587301,0.4921875,4.373549175320709,13.9833984375,0.143868963668945,0.1679656389999309,0.427031143000022
autoencoder,sofa/test/sofa_0732.obj,244,28166,67.14754098360656,0.4765625,4.349289684990735,13.7529296875,0.11900560576055022,0.2077887330001431,0.5687483239998983
autoencoder,sofa/test/sofa_0733.obj,252,28715,65.01587301587301,0.4921875,4.369293974437006,14.02099609375,0.0927071387811278,0.10425037799996062,0.28550873199992566
autoencoder,sofa/test/sofa_0734.obj,252,28687,65.01587301587301,0.4921875,4.3650334753499695,14.00732421875,0.16431855457450506,0.13784412700010762,0.4467623560001357
autoencoder,sofa/test/sofa_0735.obj,248,28409,66.06451612903226,0.484375,4.35453709380748,13.87158203125,0.10971128304105221,0.08437929299998359,0.3407105589999446
autoencoder,sofa/test/sofa_0736.obj,252,28750,65.01587301587301,0.4921875,4.382621951219512,14.0380859375,0.10991299056938125,0.19618199799992908,0.4384892629998376
autoencoder,sofa/test/sofa_0737.obj,252,28672,65.01587301587301,0.4921875,4.3707317073170735,14.0,0.10949438765677091,0.1585071169999992,0.4911111769999934
autoencoder,sofa/test/sofa_0738.obj,252,28695,65.01587301587301,0.4921875,4.382254123396457,14.01123046875,0.0999086991386773,0.1190256509999017,0.20645076599998902
autoencoder,sofa/test/sofa_0739.obj,252,28676,65.01587301587301,0.4921875,4.363359707851491,14.001953125,0.12152870997284135,0.1398276119998627,0.3088737670000228
autoencoder,sofa/test/sofa_0740.obj,250,28608,65.536,0.48828125,4.376988984088127,13.96875,0.10350007180679338,0.22144981700012067,0.31961438799999087
autoencoder,sofa/test/sofa_0741.obj,252,28676,65.01587301587301,0.4921875,4.371341463414634,14.001953125,0.11976229944808633,0.17176961199993457,0.6076732920000723
autoencoder,sofa/test/sofa_0742.obj,252,28668,65.01587301587301,0.4921875,4.370121951219512,13.998046875,0.11551850395277342,0.0743600600001173,0.2874363399998856
autoencoder,sofa/test/sofa_0743.obj,252,28696,65.01587301587301,0.4921875,4.374390243902439,14.01171875,0.12793100231400545,0.19077856400008386,0.16537186400000792
autoencoder,sofa/test/sofa_0744.obj,252,28723,65.01587301587301,0.4921875,4.3865302382406846,14.02490234375,0.12323216886276556,0.0771560779999163,0.40259630900004595
autoencoder,sofa/test/sofa_0745.obj,246,28260,66.60162601626017,0.48046875,4.355733662145499,13.798828125,0.11493279431978169,0.05093486800001301,0.34770978400001695
autoencoder,sofa/test/sofa_0746.obj,252,28674,65.01587301587301,0.4921875,4.379047037263287,14.0009765625,0.13463214195460915,0.20834054800002377,0.4681616010000198
autoencoder,sofa/test/sofa_0747.obj,252,28723,65.01587301587301,0.4921875,4.402667075413857,14.02490234375,0.11118783892474947,0.14059372899987466,0.4912066749998303
autoencoder,sofa/test/sofa_0748.obj,244,28134,67.14754098360656,0.4765625,4.352413366336633,13.7373046875,0.13327223248932457,0.1654251850000037,0.2658295209998869
autoencoder,sofa/test/sofa_0749.obj,252,28646,65.01587301587301,0.4921875,4.366768292682927,13.9873046875,0.15149545839724515,0.17688795699996263,0.7557365420000224
autoencoder,sofa/test/sofa_0750.obj,252,28772,65.01587301587301,0.4921875,4.394013439218082,14.048828125,0.12874943341474587,0.1411580750000212,0.5694706750000478
autoencoder,sofa/test/sofa_0751.obj,246,28252,66.60162601626017,0.48046875,4.362569487337863,13.794921875,0.16501065583065577,0.10860931900015203,0.33142940999982784
autoencoder,sofa/test/sofa_0752.obj,252,28736,65.01587301587301,0.4921875,4.380487804878049,14.03125,0.12324496396847615,0.1325279010000031,0.4040334860001167
autoencoder,sofa/test/sofa_0753.obj,252,28723,65.01587301587301,0.4921875,4.3865302382406846,14.02490234375,0.10509774925732296,0.11695605600016279,0.36785003499994673
autoencoder,sofa/test/sofa_0754.obj,252,28654,65.01587301587301,0.4921875,4.3600121728545345,13.9912109375,0.13669986313638416,0.0872433380000075,0.3410954689998107
autoencoder,sofa/test/sofa_0755.obj,248,28422,66.06451612903226,0.484375,4.356529736358063,13.8779296875,0.1362086646534789,0.14352897300000222,0.4186223379999774
autoencoder,sofa/test/sofa_0756.obj,252,28671,65.01587301587301,0.4921875,4.410923076923077,13.99951171875,0.12892042468823411,0.08960794899985558,0.2264107270000295
autoencoder,sofa/test/sofa_0757.obj,248,28403,66.06451612903226,0.484375,4.385886349598517,13.86865234375,0.13804885533417727,0.06390652200002478,0.44938042099988706
autoencoder,sofa/test/sofa_0758.obj,246,28271,66.60162601626017,0.48046875,4.357429099876695,13.80419921875,0.08699221778951371,0.12593135399993116,0.5497620300000108
autoencoder,sofa/test/sofa_0759.obj,252,28697,65.01587301587301,0.4921875,4.382559560171044,14.01220703125,0.10282645870537706,0.2423318549999749,0.6269686680000177
autoencoder,sofa/test/sofa_0760.obj,252,28711,65.01587301587301,0.4921875,4.376676829268293,14.01904296875,0.112562897563449,0.2187054440000793,0.38773429400021087
autoencoder,sofa/test/sofa_0761.obj,252,28698,65.01587301587301,0.4921875,4.37469512195122,14.0126953125,0.1030257321356204,0.15560779399993407,0.33080198499988
autoencoder,sofa/test/sofa_0762.obj,252,28730,65.01587301587301,0.4921875,4.379573170731708,14.0283203125,0.09217465783005155,0.1468611160000819,0.3901666110000406
autoencoder,sofa/test/sofa_0763.obj,252,28739,65.01587301587301,0.4921875,4.380945121951219,14.03271484375,0.12649300107779993,0.10218287399993642,0.35459327600005963
autoencoder,sofa/test/sofa_0764.obj,236,27591,69.42372881355932,0.4609375,4.32460815047022,13.47216796875,0.11030602426174907,0.1324757380000392,0.3364837669998906
autoencoder,sofa/test/sofa_0765.obj,248,28375,66.06451612903226,0.484375,4.357340294840295,13.85498046875,0.09402905069542611,0.15004023400001643,0.4278366799999276
autoencoder,sofa/test/sofa_0766.obj,252,28705,65.01587301587301,0.4921875,4.383781307269396,14.01611328125,0.11847699086220138,0.10245269699998971,0.3045261229999596
autoencoder,sofa/test/sofa_0767.obj,252,28664,65.01587301587301,0.4921875,4.3615337796713325,13.99609375,0.1363151253954837,0.166199018000043,0.8557226979999086
autoencoder,sofa/test/sofa_0768.obj,252,28710,65.01587301587301,0.4921875,4.376524390243903,14.0185546875,0.12445895676844212,0.18360721399994873,0.31357717700007015
autoencoder,sofa/test/sofa_0769.obj,252,28706,65.01587301587301,0.4921875,4.367924528301887,14.0166015625,0.1196839257912381,0.18759444600004826,0.3247605880001174
autoencoder,sofa/test/sofa_0770.obj,252,28663,65.01587301587301,0.4921875,4.361381618989653,13.99560546875,0.127258086939103,0.1621519329999046,0.2541103270000349
autoencoder,sofa/test/sofa_0771.obj,252,28749,65.01587301587301,0.4921875,4.37446743761412,14.03759765625,0.0928867943607586,0.16811657200014452,0.19352248500013047
autoencoder,sofa/test/sofa_0772.obj,252,28670,65.01587301587301,0.4921875,4.362446743761412,13.9990234375,0.13886412043734683,0.17495299699999123,0.22479679699995359
autoencoder,sofa/test/sofa_0773.obj,250,28553,65.536,0.48828125,4.360568112400733,13.94189453125,0.12186268665119276,0.11595496700010699,0.7351505849999285
autoencoder,sofa/test/sofa_0774.obj,252,28641,65.01587301587301,0.4921875,4.358034083992696,13.98486328125,0.16451081124943445,0.10071806700011621,0.40831734900007177
autoencoder,sofa/test/sofa_0775.obj,252,28697,65.01587301587301,0.4921875,4.3665550821667685,14.01220703125,0.159568241257262,0.18808536300002743,0.681674805000057
autoencoder,sofa/test/sofa_0776.obj,252,28681,65.01587301587301,0.4921875,4.380116065974343,14.00439453125,0.12795035074724853,0.17109149299994897,0.4327740349999658
autoencoder,sofa/test/sofa_0777.obj,252,28696,65.01587301587301,0.4921875,4.374390243902439,14.01171875,0.1176694960711092,0.16352083499987202,0.4217965180000647
autoencoder,sofa/test/sofa_0778.obj,252,28727,65.01587301587301,0.4921875,4.38714111178986,14.02685546875,0.10266847408504222,0.13757133900003282,0.30936129499991694
autoencoder,sofa/test/sofa_0779.obj,252,28669,65.01587301587301,0.4921875,4.362294583079732,13.99853515625,0.10998664232880224,0.10265169900003457,0.4183449869999549
autoencoder,sofa/test/sofa_0780.obj,252,28689,65.01587301587301,0.4921875,4.373323170731707,14.00830078125,0.13404720708149276,0.1476822480001374,0.29527301000007355
autoencoder,stairs/test/stairs_0125.obj,252,28595,65.01587301587301,0.4921875,4.366982284667074,13.96240234375,0.1912713451361001,0.241394216000117,0.4908326769998439
autoencoder,stairs/test/stairs_0126.obj,252,28635,65.01587301587301,0.4921875,4.357121119902617,13.98193359375,0.1397443335318856,0.11106951000010667,0.2340040679998765
autoencoder,stairs/test/stairs_0127.obj,252,28657,65.01587301587301,0.4921875,4.376450824679291,13.99267578125,0.17014167930286123,0.32619409299991275,0.7628573319998395
autoencoder,stairs/test/stairs_0128.obj,252,28503,65.01587301587301,0.4921875,4.344969512195122,13.91748046875,0.16578383488296725,0.18039773400005288,0.3097978839998632
autoencoder,stairs/test/stairs_0129.obj,252,28673,65.01587301587301,0.4921875,4.362903225806452,14.00048828125,0.13500698939409017,0.21369029499987846,0.3603181900000436
autoencoder,stairs/test/stairs_0130.obj,252,28600,65.01587301587301,0.4921875,4.367745876603543,13.96484375,0.10592779336834733,0.10938392299999578,0.3634000780000406
autoencoder,stairs/test/stairs_0131.obj,252,28679,65.01587301587301,0.4921875,4.387851897184823,14.00341796875,0.10990315053664096,0.14691481899990322,0.2363147989999561
autoencoder,stairs/test/stairs_0132.obj,252,28709,65.01587301587301,0.4921875,4.376371951219512,14.01806640625,0.10685275197109191,0.07141069899989816,0.23899376000008488
autoencoder,stairs/test/stairs_0133.obj,226,26971,72.49557522123894,0.44140625,4.3084664536741215,13.16943359375,0.1330902234599786,0.18968583000014405,0.4174938190001285
autoencoder,stairs/test/stairs_0134.obj,226,26923,72.49557522123894,0.44140625,4.300798722044728,13.14599609375,0.105726586141505,0.1513608000000204,0.30177232999994885
autoencoder,stairs/test/stairs_0135.obj,222,26677,73.8018018018018,0.43359375,4.294430135222151,13.02587890625,0.10404379252618362,0.2355266910001319,0.3841610090000813
autoencoder,stairs/test/stairs_0136.obj,236,27607,69.42372881355932,0.4609375,4.327115987460815,13.47998046875,0.10531085090291153,0.22552538800005095,0.3923438950000673
autoencoder,stairs/test/stairs_0137.obj,252,28576,65.01587301587301,0.4921875,4.3640806353084916,13.953125,0.09967602977565129,0.08714601099995889,0.27380311199999596
autoencoder,stairs/test/stairs_0138.obj,240,27835,68.26666666666667,0.46875,4.330273802115744,13.59130859375,0.1164159119216131,0.11780773300006331,0.36174275500002295
autoencoder,stairs/test/stairs_0139.obj,226,26914,72.49557522123894,0.44140625,4.299361022364217,13.1416015625,0.17371492941437014,0.10359084099991378,0.2664637370000946
autoencoder,stairs/test/stairs_0140.obj,252,28663,65.01587301587301,0.4921875,4.385403916768666,13.99560546875,0.10315808838252177,0.21269963200006714,0.48080091499991795
autoencoder,stairs/test/stairs_0141.obj,252,28522,65.01587301587301,0.4921875,4.379914004914005,13.9267578125,0.21567000000194705,0.1299647770001684,0.2252645210000992
autoencoder,stairs/test/stairs_0142.obj,244,28066,67.14754098360656,0.4765625,4.33384805435454,13.7041015625,0.09281822222536647,0.09307402899980843,0.29036609100012356
autoencoder,stairs/test/stairs_0143.obj,252,28673,65.01587301587301,0.4921875,4.362903225806452,14.00048828125,0.14473027197017221,0.11806145000014112,0.24534487899995838
autoencoder,stairs/test/stairs_0144.obj,252,28681,65.01587301587301,0.4921875,4.3881578947368425,14.00439453125,0.09219081991525716,0.08496278100005838,0.46941445300012674
autoencoder,stool/test/stool_0091.obj,252,28690,65.01587301587301,0.4921875,4.365489957395009,14.0087890625,0.11754447930882012,0.07293135400004758,0.5313234239999929
autoencoder,stool/test/stool_0092.obj,244,28167,67.14754098360656,0.4765625,4.349444101297097,13.75341796875,0.09666560144303274,0.11378061899995373,0.34761496900000566
autoencoder,stool/test/stool_0093.obj,250,28484,65.536,0.48828125,4.3660331085223785,13.908203125,0.10514982574382276,0.10086329700015995,0.5030305850000332
autoencoder,stool/test/stool_0094.obj,236,27628,69.42372881355932,0.4609375,4.330407523510972,13.490234375,0.0943789331683767,0.1686065520000284,0.39860295999983464
autoencoder,stool/test/stool_0095.obj,246,28277,66.60162601626017,0.48046875,4.350307692307692,13.80712890625,0.10728084146655395,0.1194691010000497,0.497886053000002
autoencoder,stool/test/stool_0096.obj,238,27744,68.84033613445378,0.46484375,4.34858934169279,13.546875,0.0827573033726606,0.15206870600013644,0.34311025800002426
autoencoder,stool/test/stool_0097.obj,246,28293,66.60162601626017,0.48046875,4.368900555898703,13.81494140625,0.15207737729320317,0.1996947289999298,0.3935830089999399
autoencoder,stool/test/stool_0098.obj,242,27976,67.70247933884298,0.47265625,4.3522090852520225,13.66015625,0.11598183560859422,0.1312264480000067,0.4093647830000009
autoencoder,stool/test/stool_0099.obj,240,27877,68.26666666666667,0.46875,4.336807716241443,13.61181640625,0.09772153673900304,0.09664959199994883,0.2811076250000042
autoencoder,stool/test/stool_0100.obj,236,27627,69.42372881355932,0.4609375,4.33025078369906,13.48974609375,0.11676232450815816,0.09700814300003913,0.4305307920001269
autoencoder,stool/test/stool_0101.obj,244,28168,67.14754098360656,0.4765625,4.349598517603459,13.75390625,0.14330884025219792,0.16791770399981942,0.6074266119999265
autoencoder,stool/test/stool_0102.obj,250,28520,65.536,0.48828125,4.355528405620037,13.92578125,0.10420444371135584,0.09141709299979084,0.22347600200009765
autoencoder,stool/test/stool_0103.obj,250,28464,65.536,0.48828125,4.346976175931582,13.8984375,0.11280853726715817,0.20901847300001464,0.4343583249999483
autoencoder,stool/test/stool_0104.obj,244,28161,67.14754098360656,0.4765625,4.348517603458926,13.75048828125,0.08802057411331668,0.18546692400013853,0.27396578200000476
autoencoder,stool/test/stool_0105.obj,246,28230,66.60162601626017,0.48046875,4.343076923076923,13.7841796875,0.11992223215541428,0.06418097100004161,0.16994978699995045
autoencoder,stool/test/stool_0106.obj,228,27064,71.85964912280701,0.4453125,4.306810948440484,13.21484375,0.09556401058097613,0.08069952699997884,0.2602146710000852
autoencoder,stool/test/stool_0107.obj,244,28170,67.14754098360656,0.4765625,4.349907350216183,13.7548828125,0.1055726967942667,0.09415982499990605,0.2650164310000491
autoencoder,stool/test/stool_0108.obj,246,28270,66.60162601626017,0.48046875,4.365348980852378,13.8037109375,0.13107205177189848,0.33920115299997633,0.39411156300002403
autoencoder,stool/test/stool_0109.obj,240,27874,68.26666666666667,0.46875,4.336341008089608,13.6103515625,0.11021899583985392,0.2206573330001902,0.2810428939999383
autoencoder,stool/test/stool_0110.obj,240,27856,68.26666666666667,0.46875,4.357947434292866,13.6015625,0.09913679918283066,0.07445716999995966,0.3778433899999527
autoencoder,table/test/table_0393.obj,240,27898,68.26666666666667,0.46875,4.35633978763273,13.6220703125,0.10314319515956966,0.12777347100018233,0.4887282539998523
autoencoder,table/test/table_0394.obj,252,28669,65.01587301587301,0.4921875,4.362294583079732,13.99853515625,0.13905265608027445,0.17655207699999664,0.27948632800007545
autoencoder,table/test/table_0395.obj,246,28317,66.60162601626017,0.48046875,4.356461538461539,13.82666015625,0.10738326111526493,0.12005195899996579,0.22263742499990258
autoencoder,table/test/table_0396.obj,252,28683,65.01587301587301,0.4921875,4.36442483262325,14.00537109375,0.10241953968147505,0.05337859499991282,0.1720006939999621
autoencoder,table/test/table_0397.obj,248,28551,66.06451612903226,0.484375,4.376302881667688,13.94091796875,0.1324025339628955,0.09844503699991947,0.3324924500000179
autoencoder,table/test/table_0398.obj,252,28697,65.01587301587301,0.4921875,4.390605875152999,14.01220703125,0.10624433694934235,0.09498064600006728,0.6062484760000189
autoencoder,table/test/table_0399.obj,252,28788,65.01587301587301,0.4921875,4.396456933414783,14.056640625,0.12067306210462193,0.17984324600001855,0.4241527810002026
autoencoder,table/test/table_0400.obj,252,28739,65.01587301587301,0.4921875,4.380945121951219,14.03271484375,0.08361909168048978,0.10224136599981648,0.36075659200014343
autoencoder,table/test/table_0401.obj,252,28776,65.01587301587301,0.4921875,4.394624312767257,14.05078125,0.07382945200267643,0.10171674699995492,0.4378176679999797
autoencoder,table/test/table_0402.obj,252,28809,65.01587301587301,0.4921875,4.383597078514912,14.06689453125,0.06909614916141808,0.19826093699998637,0.48736497699997017
autoencoder,table/test/table_0403.obj,252,28668,65.01587301587301,0.4921875,4.370121951219512,13.998046875,0.12577260543874985,0.23686519500006398,0.4121474969999781
autoencoder,table/test/table_0404.obj,252,28735,65.01587301587301,0.4921875,4.38836285888821,14.03076171875,0.09283280008716238,0.21377919599990491,0.39526857900000323
autoencoder,table/test/table_0405.obj,252,28718,65.01587301587301,0.4921875,4.377743902439025,14.0224609375,0.10891582659568017,0.09563006300004417,0.3278671940001914
autoencoder,table/test/table_0406.obj,252,28678,65.01587301587301,0.4921875,4.371646341463415,14.0029296875,0.11543394157459691,0.10462356600010025,0.26021557900003245
autoencoder,table/test/table_0407.obj,244,28191,67.14754098360656,0.4765625,4.353150092649784,13.76513671875,0.09366039823580041,0.06708659900004932,0.47113337500013586
autoencoder,table/test/table_0408.obj,252,28707,65.01587301587301,0.4921875,4.376067073170732,14.01708984375,0.12700011688174578,0.24339841300002263,0.7630081950001113
autoencoder,table/test/table_0409.obj,252,28669,65.01587301587301,0.4921875,4.362294583079732,13.99853515625,0.10846303263090117,0.10136003799993887,0.47284749599998577
autoencoder,table/test/table_0410.obj,252,28775,65.01587301587301,0.4921875,4.3784236153377964,14.05029296875,0.07705732845352713,0.21003819199995633,0.4098576480000702
autoencoder,table/test/table_0411.obj,250,28684,65.536,0.48828125,4.3966891477621095,14.005859375,0.06848136893583015,0.14360025399992082,0.34943860600014887
autoencoder,table/test/table_0412.obj,244,28097,67.14754098360656,0.4765625,4.371032980709397,13.71923828125,0.12495417187808094,0.12240509299999758,0.3132393860000775
autoencoder,table/test/table_0413.obj,252,28749,65.01587301587301,0.4921875,4.390500916310324,14.03759765625,0.1242873805029447,0.20708048100004817,0.28143683899997995
autoencoder,table/test/table_0414.obj,252,28786,65.01587301587301,0.4921875,4.396151496640195,14.0556640625,0.11360203101648307,0.18547165600011795,0.46810339500007103
autoencoder,table/test/table_0415.obj,250,28657,65.536,0.48828125,4.3844859241126075,13.99267578125,0.09057465302364584,0.30591570899991893,0.40221358400003737
autoencoder,table/test/table_0416.obj,252,28734,65.01587301587301,0.4921875,4.388210140500917,14.0302734375,0.11357706691765362,0.10653662300001088,0.23974203800003124
autoencoder,table/test/table_0417.obj,252,28718,65.01587301587301,0.4921875,4.377743902439025,14.0224609375,0.09308607030430338,0.07743937500003995,0.4281895589999749
autoencoder,table/test/table_0418.obj,248,28473,66.06451612903226,0.484375,4.372389434889435,13.90283203125,0.11235012203893589,0.224342672000148,0.4516805139999178
autoencoder,table/test/table_0419.obj,252,28688,65.01587301587301,0.4921875,4.373170731707317,14.0078125,0.11285574260278863,0.11970989900009954,0.3819850019999649
autoencoder,table/test/table_0420.obj,252,28750,65.01587301587301,0.4921875,4.382621951219512,14.0380859375,0.10301370391294634,0.09313310099992123,0.35064096799987965
autoencoder,table/test/table_0421.obj,250,28530,65.536,0.48828125,4.373083997547517,13.9306640625,0.11037604788446655,0.15948989699995764,0.2261540879999302
autoencoder,table/test/table_0422.obj,244,28216,67.14754098360656,0.4765625,4.357010500308832,13.77734375,0.09275363175122117,0.1287045889998808,0.2691436090001389
autoencoder,table/test/table_0423.obj,240,27919,68.26666666666667,0.46875,4.343341630367144,13.63232421875,0.08634544907174847,0.08543288200007737,0.5374576819999675
autoencoder,table/test/table_0424.obj,242,28079,67.70247933884298,0.47265625,4.351983880967142,13.71044921875,0.10193372603877351,0.2218082819999836,0.4500958050000463
autoencoder,table/test/table_0425.obj,252,28757,65.01587301587301,0.4921875,4.391722663408674,14.04150390625,0.13898383262915875,0.14838352500009933,0.3780675450000217
autoencoder,table/test/table_0426.obj,252,28728,65.01587301587301,0.4921875,4.371272063298844,14.02734375,0.09267539350389922,0.0737141879999399,0.36859750799999347
autoencoder,table/test/table_0427.obj,246,28308,66.60162601626017,0.48046875,4.355076923076923,13.822265625,0.08399402814401044,0.14724459700005355,0.42365964700002223
autoencoder,table/test/table_0428.obj,248,28461,66.06451612903226,0.484375,4.386713933415536,13.89697265625,0.09243130600351085,0.23712438200004726,0.3306212160000541
autoencoder,table/test/table_0429.obj,252,28747,65.01587301587301,0.4921875,4.406345800122624,14.03662109375,0.10907591490136233,0.10928533800006335,0.42235380900001473
autoencoder,table/test/table_0430.obj,242,28063,67.70247933884298,0.47265625,4.349504029758214,13.70263671875,0.07772704211405607,0.07207230699987122,0.3500819349999347
autoencoder,table/test/table_0431.obj,248,28463,66.06451612903226,0.484375,4.362814224402207,13.89794921875,0.10874676193173649,0.2262126470000112,0.39816754800017407
autoencoder,table/test/table_0432.obj,252,28725,65.01587301587301,0.4921875,4.378810975609756,14.02587890625,0.09909905805580979,0.1071113499999683,0.4536153120000108
autoencoder,table/test/table_0433.obj,244,28229,67.14754098360656,0.4765625,4.359017912291538,13.78369140625,0.11060950669310629,0.2477402939998683,0.42049615900009485
autoencoder,table/test/table_0434.obj,252,28674,65.01587301587301,0.4921875,4.363055386488131,14.0009765625,0.10133218008182418,0.1118278190001547,0.2912360550001267
autoencoder,table/test/table_0435.obj,250,28627,65.536,0.48828125,4.396038083538084,13.97802734375,0.09046247156341425,0.13121208400002615,0.31055594300005396
autoencoder,table/test/table_0436.obj,248,28530,66.06451612903226,0.484375,4.373083997547517,13.9306640625,0.1300807659653065,0.1512808159998258,0.375652399000046
autoencoder,table/test/table_0437.obj,250,28555,65.536,0.48828125,4.368880048959609,13.94287109375,0.09226945049110735,0.087222618999931,0.4974818040000173
autoencoder,table/test/table_0438.obj,252,28748,65.01587301587301,0.4921875,4.382317073170731,14.037109375,0.125262821200008,0.07208628099988346,0.2971998780001286
autoencoder,table/test/table_0439.obj,250,28596,65.536,0.48828125,4.375152998776009,13.962890625,0.09593313338047328,0.14093037200018443,0.32079524599998877
autoencoder,table/test/table_0440.obj,246,28326,66.60162601626017,0.48046875,4.357846153846154,13.8310546875,0.09064750328090047,0.08981626499985396,0.3428626350000741
autoencoder,table/test/table_0441.obj,252,28783,65.01587301587301,0.4921875,4.403763769889841,14.05419921875,0.0853239119083779,0.13406065899994246,0.31402282099998047
autoencoder,table/test/table_0442.obj,252,28740,65.01587301587301,0.4921875,4.373097991479002,14.033203125,0.09275094509422156,0.09064996899996913,0.37312137899994013
autoencoder,table/test/table_0443.obj,248,28478,66.06451612903226,0.484375,4.3731572481572485,13.9052734375,0.09988528477622341,0.15691420399980416,0.40885546599997724
autoencoder,table/test/table_0444.obj,252,28787,65.01587301587301,0.4921875,4.40437576499388,14.05615234375,0.10827402983854684,0.17368185200007247,0.2828565620000063
autoencoder,table/test/table_0445.obj,252,28740,65.01587301587301,0.4921875,4.373097991479002,14.033203125,0.07629770525986732,0.13888322999991942,0.26812051199999587
autoencoder,table/test/table_0446.obj,252,28758,65.01587301587301,0.4921875,4.383841463414634,14.0419921875,0.10923981140153835,0.1451660200000333,0.4583828370000447
autoencoder,table/test/table_0447.obj,252,28793,65.01587301587301,0.4921875,4.397220525351252,14.05908203125,0.10051300627763392,0.19499033700003565,0.3036359889999858
autoencoder,table/test/table_0448.obj,252,28784,65.01587301587301,0.4921875,4.38780487804878,14.0546875,0.11200386371442766,0.10592813199991724,0.364281672000061
autoencoder,table/test/table_0449.obj,252,28715,65.01587301587301,0.4921875,4.369293974437006,14.02099609375,0.14165381295989043,0.15184143700003006,0.339434312000094
autoencoder,table/test/table_0450.obj,244,28201,67.14754098360656,0.4765625,4.354694255713404,13.77001953125,0.08428785314673774,0.11915746099998614,0.7186921060001623
autoencoder,table/test/table_0451.obj,252,28739,65.01587301587301,0.4921875,4.380945121951219,14.03271484375,0.10850376401943028,0.2840013130000898,0.33462504099998114
autoencoder,table/test/table_0452.obj,246,28381,66.60162601626017,0.48046875,4.366307692307692,13.85791015625,0.11808599714412044,0.08027656699982799,0.2308500719998392
autoencoder,table/test/table_0453.obj,252,28714,65.01587301587301,0.4921875,4.369141813755325,14.0205078125,0.10835724497189599,0.05226166700003887,0.2109804400001849
autoencoder,table/test/table_0454.obj,252,28703,65.01587301587301,0.4921875,4.391523867809058,14.01513671875,0.09922803647316976,0.19199474099991676,0.29342096699997455
autoencoder,table/test/table_0455.obj,248,28419,66.06451612903226,0.484375,4.364097051597051,13.87646484375,0.10941024674898538,0.10231262699994659,0.3007976339999914
autoencoder,table/test/table_0456.obj,252,28758,65.01587301587301,0.4921875,4.37583688374924,14.0419921875,0.10207598602146033,0.21433765599999788,0.48236881499997253
autoencoder,table/test/table_0457.obj,252,28696,65.01587301587301,0.4921875,4.382406841783751,14.01171875,0.11247383286882216,0.2024426370001038,0.6080413869999575
autoencoder,table/test/table_0458.obj,248,28434,66.06451612903226,0.484375,4.358369098712446,13.8837890625,0.09876462338203534,0.08945140900004844,0.3945060639998701
autoencoder,table/test/table_0459.obj,252,28774,65.01587301587301,0.4921875,4.378271454656117,14.0498046875,0.08988488975731884,0.10122735799996008,0.39066543299986733
autoencoder,table/test/table_0460.obj,246,28318,66.60162601626017,0.48046875,4.380878712871287,13.8271484375,0.10134424413007456,0.16300610700000107,0.4156673600000431
autoencoder,table/test/table_0461.obj,240,27895,68.26666666666667,0.46875,4.339607965152458,13.62060546875,0.09467379769876025,0.1020682759999545,0.6089784979999422
autoencoder,table/test/table_0462.obj,246,28303,66.60162601626017,0.48046875,4.354307692307692,13.81982421875,0.10838747845985128,0.3112932389999514,0.5215272370001003
autoencoder,table/test/table_0463.obj,252,28635,65.01587301587301,0.4921875,4.357121119902617,13.98193359375,0.12321226307222284,0.163385382000115,0.5771615510000174
autoencoder,table/test/table_0464.obj,252,28786,65.01587301587301,0.4921875,4.396151496640195,14.0556640625,0.1122289281717889,0.10918395999988206,0.21520718400006444
autoencoder,table/test/table_0465.obj,252,28804,65.01587301587301,0.4921875,4.382836275106513,14.064453125,0.10810791398053674,0.0723983360001057,0.31153872200002297
autoencoder,table/test/table_0466.obj,252,28665,65.01587301587301,0.4921875,4.369664634146342,13.99658203125,0.0878988304807363,0.12014141200006634,0.41104669700007435
autoencoder,table/test/table_0467.obj,240,27904,68.26666666666667,0.46875,4.349127182044888,13.625,0.10066031757085075,0.15633111399984045,0.24545880599998782
autoencoder,table/test/table_0468.obj,248,28473,66.06451612903226,0.484375,4.380461538461539,13.90283203125,0.0896535075252376,0.09449350199997752,0.2823075480000625
autoencoder,table/test/table_0469.obj,252,28786,65.01587301587301,0.4921875,4.388109756097561,14.0556640625,0.0878278950566145,0.083301720999998,0.20300566000014442
autoencoder,table/test/table_0470.obj,252,28784,65.01587301587301,0.4921875,4.379793061472915,14.0546875,0.09058101004134059,0.21989343300015207,0.4281476369999382
autoencoder,table/test/table_0471.obj,242,28023,67.70247933884298,0.47265625,4.343304401735896,13.68310546875,0.12533824476697594,0.2115992050000841,0.4761236849999477
autoencoder,table/test/table_0472.obj,252,28776,65.01587301587301,0.4921875,4.378575776019477,14.05078125,0.11144660225508965,0.2199917639998148,0.3474169730000085
autoencoder,table/test/table_0473.obj,246,28353,66.60162601626017,0.48046875,4.3700678175092476,13.84423828125,0.07745414317949784,0.1970870399998148,0.3210535499999878
autoencoder,table/test/table_0474.obj,250,28589,65.536,0.48828125,4.374082007343941,13.95947265625,0.11124021367985505,0.0870038549999208,0.290748664000148
autoencoder,table/test/table_0475.obj,252,28782,65.01587301587301,0.4921875,4.3875,14.0537109375,0.08787831732479545,0.09111395999980232,0.25326540900005057
autoencoder,table/test/table_0476.obj,252,28717,65.01587301587301,0.4921875,4.369598295800365,14.02197265625,0.13364283179433117,0.11628777700002502,0.4123975200000132
autoencoder,table/test/table_0477.obj,252,28724,65.01587301587301,0.4921875,4.378658536585366,14.025390625,0.11154961557222794,0.08800601300004018,0.47124087400015924
autoencoder,table/test/table_0478.obj,242,28068,67.70247933884298,0.47265625,4.3502789832610045,13.705078125,0.10909595932339355,0.14411930400001438,0.46869224900001427
autoencoder,table/test/table_0479.obj,252,28793,65.01587301587301,0.4921875,4.3811625076080345,14.05908203125,0.09804825874911122,0.22020291899980293,0.21912398199992822
autoencoder,table/test/table_0480.obj,252,28784,65.01587301587301,0.4921875,4.38780487804878,14.0546875,0.10681902145045225,0.1408743700001196,0.5075382620000255
autoencoder,table/test/table_0481.obj,248,28480,66.06451612903226,0.484375,4.365419987737584,13.90625,0.09277167525867765,0.22113066999986586,0.48206260900019515
autoencoder,table/test/table_0482.obj,252,28755,65.01587301587301,0.4921875,4.3753804017041995,14.04052734375,0.12370748742588841,0.11773065000011229,0.28022751000003154
autoencoder,table/test/table_0483.obj,252,28768,65.01587301587301,0.4921875,4.385365853658537,14.046875,0.06292581621238638,0.10991667599978427,0.3012693369998942
autoencoder,table/test/table_0484.obj,252,28733,65.01587301587301,0.4921875,4.380030487804878,14.02978515625,0.11565444576763854,0.08623888100009935,0.2915979160000006
autoencoder,table/test/table_0485.obj,252,28672,65.01587301587301,0.4921875,4.3787416004886985,14.0,0.1007059058389235,0.09131566399992153,0.2946159779999107
autoencoder,table/test/table_0486.obj,250,28531,65.536,0.48828125,4.365208078335374,13.93115234375,0.10267895276171313,0.1312908580000567,0.2404183919998104
autoencoder,table/test/table_0487.obj,244,28172,67.14754098360656,0.4765625,4.350216182828906,13.755859375,0.09767824416939777,0.16367446300000665,0.5360175280000021
autoencoder,table/test/table_0488.obj,248,28439,66.06451612903226,0.484375,4.35913549969344,13.88623046875,0.10204498850481457,0.2634309340000982,0.43748057399989193
autoencoder,table/test/table_0489.obj,252,28857,65.01587301587301,0.4921875,4.398932926829269,14.09033203125,0.10882565757052352,0.1113995089999662,0.22355470599995897
autoencoder,table/test/table_0490.obj,252,28751,65.01587301587301,0.4921875,4.398867809057528,14.03857421875,0.08136163841023364,0.09513335899987396,0.2273820309999337
autoencoder,table/test/table_0491.obj,252,28803,65.01587301587301,0.4921875,4.398747709224191,14.06396484375,0.08962401596055083,0.11491024800011473,0.21391697900003237
autoencoder,table/test/table_0492.obj,252,28746,65.01587301587301,0.4921875,4.374010955569081,14.0361328125,0.10266620734304513,0.04893041899981654,0.35247932399988713
autoencoder,tentt/test/tent_0164.obj,252,28650,65.01587301587301,0.4921875,4.383414932680538,13.9892578125,0.13815527891072368,0.06860318999997617,0.29108549199986555
autoencoder,tentt/test/tent_0165.obj,252,28560,65.01587301587301,0.4921875,4.345709068776628,13.9453125,0.10820138457773702,0.05141926800001784,0.16868510399990555
autoencoder,tentt/test/tent_0166.obj,252,28533,65.01587301587301,0.4921875,4.349542682926829,13.93212890625,0.12246249465985604,0.14159979800001565,0.4713474860000133
autoencoder,tentt/test/tent_0167.obj,252,28723,65.01587301587301,0.4921875,4.370511259890444,14.02490234375,0.13534239674993187,0.16478135800002747,0.5000057919999108
autoencoder,tentt/test/tent_0168.obj,252,28700,65.01587301587301,0.4921875,4.383017715332926,14.013671875,0.080898936890665,0.21142937900003744,0.2975929829999586
autoencoder,tentt/test/tent_0169.obj,252,28677,65.01587301587301,0.4921875,4.371493902439024,14.00244140625,0.08559836773696741,0.1322933839999223,0.35696179500018843
autoencoder,tentt/test/tent_0170.obj,248,28363,66.06451612903226,0.484375,4.387840346534653,13.84912109375,0.217889586543462,0.09415371199997935,0.22165639999980158
autoencoder,tentt/test/tent_0171.obj,248,28433,66.06451612903226,0.484375,4.358215818516248,13.88330078125,0.1377131524220726,0.18588403400008247,0.3009494589998667
autoencoder,tentt/test/tent_0172.obj,232,27361,70.62068965517241,0.453125,4.321067593177511,13.35986328125,0.08984742992653079,0.22709837799993693,0.26987853800005723
autoencoder,tentt/test/tent_0173.obj,252,28628,65.01587301587301,0.4921875,4.364024390243903,13.978515625,0.11435271423606765,0.10258375500006878,0.42295518100013396
autoencoder,tentt/test/tent_0174.obj,252,28558,65.01587301587301,0.4921875,4.345404747413268,13.9443359375,0.11308562539875931,0.18971267500000977,0.47363503900010073
autoencoder,tentt/test/tent_0175.obj,234,27455,70.01709401709402,0.45703125,4.335912823752369,13.40576171875,0.12335643460321508,0.09296509599994351,0.36985101599998416
autoencoder,tentt/test/tent_0176.obj,252,28663,65.01587301587301,0.4921875,4.361381618989653,13.99560546875,0.09430355211125938,0.13241447399991557,0.48432735300002605
autoencoder,tentt/test/tent_0177.obj,252,28607,65.01587301587301,0.4921875,4.352860620815581,13.96826171875,0.1096362335591077,0.23155339200002345,0.522365248000142
autoencoder,tentt/test/tent_0178.obj,252,28648,65.01587301587301,0.4921875,4.367073170731707,13.98828125,0.1388666839162439,0.12588155399998868,0.4286608750001051
autoencoder,tentt/test/tent_0179.obj,252,28583,65.01587301587301,0.4921875,4.349208764455264,13.95654296875,0.14087748197761474,0.07987848899983874,0.570201126000029
autoencoder,tentt/test/tent_0180.obj,252,28644,65.01587301587301,0.4921875,4.374465485644472,13.986328125,0.13252304190637576,0.1313757440000245,0.42346065300012015
autoencoder,tentt/test/tent_0181.obj,252,28627,65.01587301587301,0.4921875,4.355903834449179,13.97802734375,0.10670801118124398,0.1533236250002119,0.38054804000012155
autoencoder,tentt/test/tent_0182.obj,250,28551,65.536,0.48828125,4.360262675626146,13.94091796875,0.13521618181933062,0.12118057199995746,0.6925031470000249
autoencoder,tentt/test/tent_0183.obj,236,27598,69.42372881355932,0.4609375,4.325705329153605,13.4755859375,0.09015219762382289,0.16953958800013424,0.5019311119999657
autoencoder,toilet/test/toilet_0345.obj,250,28566,65.536,0.48828125,4.362553451435553,13.9482421875,0.08181969372905022,0.19637943300017469,0.618768406000072
autoencoder,toilet/test/toilet_0346.obj,252,28647,65.01587301587301,0.4921875,4.358947048082776,13.98779296875,0.10136532359759587,0.13379911000015454,0.4922249539999939
autoencoder,toilet/test/toilet_0347.obj,252,28688,65.01587301587301,0.4921875,4.389228886168911,14.0078125,0.10088957090731625,0.13405060700006288,0.40385636599989994
autoencoder,toilet/test/toilet_0348.obj,252,28684,65.01587301587301,0.4921875,4.36457699330493,14.005859375,0.0802954293632793,0.18856232200005252,0.29991991600013534
autoencoder,toilet/test/toilet_0349.obj,252,28671,65.01587301587301,0.4921875,4.362598904443092,13.99951171875,0.09231780499974095,0.2134735009999531,0.5734967250000409
autoencoder,toilet/test/toilet_0350.obj,252,28693,65.01587301587301,0.4921875,4.381948686621869,14.01025390625,0.10358044072612703,0.14843929600010597,0.34855405100006465
autoencoder,toilet/test/toilet_0351.obj,250,28621,65.536,0.48828125,4.387032495401594,13.97509765625,0.06953803635563818,0.3290808009999182,0.6093027990000337
autoencoder,toilet/test/toilet_0352.obj,252,28686,65.01587301587301,0.4921875,4.36488131466829,14.0068359375,0.07338072469751085,0.24325679599996874,0.3966159859999152
autoencoder,toilet/test/toilet_0353.obj,252,28784,65.01587301587301,0.4921875,4.395846059865608,14.0546875,0.09451757886459568,0.2964519139998174,0.4938392340000064
autoencoder,toilet/test/toilet_0354.obj,252,28673,65.01587301587301,0.4921875,4.370884146341464,14.00048828125,0.06849803075471854,0.1272659610001483,0.4520368220000819
autoencoder,toilet/test/toilet_0355.obj,252,28726,65.01587301587301,0.4921875,4.378963414634146,14.0263671875,0.09370305523357123,0.27166437799996856,0.43936090400006833
autoencoder,toilet/test/toilet_0356.obj,252,28695,65.01587301587301,0.4921875,4.374237804878049,14.01123046875,0.11186636818512918,0.216095242999927,0.7138876929998332
autoencoder,toilet/test/toilet_0357.obj,250,28542,65.536,0.48828125,4.358888210140501,13.9365234375,0.10127345965549087,0.16241765300014777,0.4677155950000724
autoencoder,toilet/test/toilet_0358.obj,252,28674,65.01587301587301,0.4921875,4.371036585365854,14.0009765625,0.10144964337621062,0.07400653000013335,0.45526818899998034
autoencoder,toilet/test/toilet_0359.obj,250,28543,65.536,0.48828125,4.391230769230769,13.93701171875,0.073916896219268,0.07057315199995173,0.4269165390001035
autoencoder,toilet/test/toilet_0360.obj,252,28725,65.01587301587301,0.4921875,4.370815581253804,14.02587890625,0.10461727351323526,0.16603235499997027,0.42644827399999485
autoencoder,toilet/test/toilet_0361.obj,252,28676,65.01587301587301,0.4921875,4.363359707851491,14.001953125,0.09173699597887616,0.14897345200006384,0.31058509000013146
autoencoder,toilet/test/toilet_0362.obj,252,28743,65.01587301587301,0.4921875,4.373554473524042,14.03466796875,0.0986952001131561,0.05163169800016476,0.4362361979999605
autoencoder,toilet/test/toilet_0363.obj,252,28709,65.01587301587301,0.4921875,4.384392180818571,14.01806640625,0.09574558459285727,0.147491041999956,0.3906343989999641
autoencoder,toilet/test/toilet_0364.obj,252,28718,65.01587301587301,0.4921875,4.393818849449205,14.0224609375,0.11247579827036536,0.1564941510000608,0.563209741000037
autoencoder,toilet/test/toilet_0365.obj,252,28718,65.01587301587301,0.4921875,4.377743902439025,14.0224609375,0.10403505722802756,0.16714400499995463,0.2690784839999196
autoencoder,toilet/test/toilet_0366.obj,252,28659,65.01587301587301,0.4921875,4.3607729762629335,13.99365234375,0.10240396328473747,0.05733941100015727,0.4205815379998512
autoencoder,toilet/test/toilet_0367.obj,252,28658,65.01587301587301,0.4921875,4.376603543066585,13.9931640625,0.097058981730215,0.18087198700004592,0.4870318370001314
autoencoder,toilet/test/toilet_0368.obj,252,28676,65.01587301587301,0.4921875,4.371341463414634,14.001953125,0.0939711506800929,0.30141221899998527,0.5459079910001492
autoencoder,toilet/test/toilet_0369.obj,252,28663,65.01587301587301,0.4921875,4.369359756097561,13.99560546875,0.07990255627233651,0.17089360199997827,0.6137450779999654
autoencoder,toilet/test/toilet_0370.obj,252,28653,65.01587301587301,0.4921875,4.359860012172854,13.99072265625,0.10091504651713773,0.0998598790001779,0.5161608099999739
autoencoder,toilet/test/toilet_0371.obj,252,28766,65.01587301587301,0.4921875,4.385060975609756,14.0458984375,0.09614309886643696,0.10054312399984155,0.26818399000012505
autoencoder,toilet/test/toilet_0372.obj,250,28542,65.536,0.48828125,4.358888210140501,13.9365234375,0.09080850015126576,0.0684118760000274,0.396228648000033
autoencoder,toilet/test/toilet_0373.obj,252,28642,65.01587301587301,0.4921875,4.358186244674376,13.9853515625,0.11353066941693674,0.2186059190000833,0.6518792230001509
autoencoder,toilet/test/toilet_0374.obj,252,28685,65.01587301587301,0.4921875,4.372713414634147,14.00634765625,0.08965634559689803,0.31560790100002123,0.4358840099998815
autoencoder,toilet/test/toilet_0375.obj,252,28652,65.01587301587301,0.4921875,4.367682926829269,13.990234375,0.0890188324926882,0.27670386999989205,0.2443663200001538
autoencoder,toilet/test/toilet_0376.obj,252,28695,65.01587301587301,0.4921875,4.382254123396457,14.01123046875,0.08906101934820582,0.18180806200007282,0.44877196700008426
autoencoder,toilet/test/toilet_0377.obj,252,28659,65.01587301587301,0.4921875,4.36875,13.99365234375,0.09751231254160098,0.1605889610000304,0.3849914939999053
autoencoder,toilet/test/toilet_0378.obj,252,28654,65.01587301587301,0.4921875,4.37599266951741,13.9912109375,0.09971712273071626,0.1009233239999503,0.2545088479998867
autoencoder,toilet/test/toilet_0379.obj,252,28699,65.01587301587301,0.4921875,4.366859403530128,14.01318359375,0.09452099012293265,0.0938567430000603,0.5284123009998893
autoencoder,toilet/test/toilet_0380.obj,252,28667,65.01587301587301,0.4921875,4.37797800855223,13.99755859375,0.10094842824456537,0.18493230500007485,0.3034434979999787
autoencoder,toilet/test/toilet_0381.obj,252,28694,65.01587301587301,0.4921875,4.366098600121728,14.0107421875,0.08579959359219054,0.1784826069999781,0.29021113500016327
autoencoder,toilet/test/toilet_0382.obj,252,28676,65.01587301587301,0.4921875,4.371341463414634,14.001953125,0.09984348288604741,0.08250988600002529,0.4734737490000498
autoencoder,toilet/test/toilet_0383.obj,252,28668,65.01587301587301,0.4921875,4.362142422398052,13.998046875,0.09821659048315992,0.14430691500001558,0.2606418619998294
autoencoder,toilet/test/toilet_0384.obj,252,28732,65.01587301587301,0.4921875,4.387904703726329,14.029296875,0.1100632428945642,0.12389605199996367,0.3328196349998507
autoencoder,toilet/test/toilet_0385.obj,252,28675,65.01587301587301,0.4921875,4.371189024390244,14.00146484375,0.09964405275319714,0.07094727699995929,0.3490894839999328
autoencoder,toilet/test/toilet_0386.obj,252,28666,65.01587301587301,0.4921875,4.369817073170732,13.9970703125,0.08763720981102563,0.12365545399984512,0.3297748469999533
autoencoder,toilet/test/toilet_0387.obj,252,28691,65.01587301587301,0.4921875,4.381643249847282,14.00927734375,0.08543475330758778,0.1759077009999146,0.5238309039998512
autoencoder,toilet/test/toilet_0388.obj,252,28654,65.01587301587301,0.4921875,4.37599266951741,13.9912109375,0.1052597921117519,0.1127266129999498,0.3120933220000097
autoencoder,toilet/test/toilet_0389.obj,252,28677,65.01587301587301,0.4921875,4.371493902439024,14.00244140625,0.0763540756120685,0.10256424799990782,0.3869038810000802
autoencoder,toilet/test/toilet_0390.obj,252,28667,65.01587301587301,0.4921875,4.369969512195122,13.99755859375,0.07817238974673589,0.17128782600002523,0.5242462930000329
autoencoder,toilet/test/toilet_0391.obj,252,28742,65.01587301587301,0.4921875,4.381402439024391,14.0341796875,0.11155576081669215,0.15308830599997236,0.4027893769998627
autoencoder,toilet/test/toilet_0392.obj,252,28666,65.01587301587301,0.4921875,4.369817073170732,13.9970703125,0.10121472711712957,0.15890077700009897,0.24767770699986613
autoencoder,toilet/test/toilet_0393.obj,252,28714,65.01587301587301,0.4921875,4.369141813755325,14.0205078125,0.08285509591548064,0.2212936019998324,0.36237263900011385
autoencoder,toilet/test/toilet_0394.obj,252,28659,65.01587301587301,0.4921875,4.376756261453879,13.99365234375,0.08543331083593628,0.25482285399994,0.2993522040001153
autoencoder,toilet/test/toilet_0395.obj,252,28710,65.01587301587301,0.4921875,4.376524390243903,14.0185546875,0.09860350094378849,0.12510924700018222,0.6045676630001253
autoencoder,toilet/test/toilet_0396.obj,252,28671,65.01587301587301,0.4921875,4.362598904443092,13.99951171875,0.09795040849337686,0.08008695000012267,0.46188706999987517
autoencoder,toilet/test/toilet_0397.obj,252,28661,65.01587301587301,0.4921875,4.3770616982284665,13.99462890625,0.10397500127256062,0.1527315280000039,0.474355745000139
autoencoder,toilet/test/toilet_0398.obj,252,28683,65.01587301587301,0.4921875,4.36442483262325,14.00537109375,0.08889030012203417,0.12935256400010076,0.27887727000006635
autoencoder,toilet/test/toilet_0399.obj,252,28685,65.01587301587301,0.4921875,4.36472915398661,14.00634765625,0.09641298229400297,0.19966679899994233,0.5198132590001023
autoencoder,toilet/test/toilet_0400.obj,250,28540,65.536,0.48828125,4.358582773365913,13.935546875,0.07563975246489829,0.09630556299998716,0.3548228619999918
autoencoder,toilet/test/toilet_0401.obj,250,28534,65.536,0.48828125,4.35766646304215,13.9326171875,0.09001147149297886,0.16558669500000178,0.3989489450000292
autoencoder,toilet/test/toilet_0402.obj,252,28714,65.01587301587301,0.4921875,4.38515577275504,14.0205078125,0.09063543316807865,0.1967267360000733,0.35592767499997535
autoencoder,toilet/test/toilet_0403.obj,252,28691,65.01587301587301,0.4921875,4.381643249847282,14.00927734375,0.08649273380000208,0.0874797829999352,0.3245524920000662
autoencoder,toilet/test/toilet_0404.obj,252,28696,65.01587301587301,0.4921875,4.366402921485088,14.01171875,0.09660864009866699,0.20253839300016807,0.333364660000143
autoencoder,toilet/test/toilet_0405.obj,252,28716,65.01587301587301,0.4921875,4.369446135118685,14.021484375,0.09783495539176432,0.11407387799999924,0.40929189099983887
autoencoder,toilet/test/toilet_0406.obj,252,28682,65.01587301587301,0.4921875,4.380268784361637,14.0048828125,0.08574260609883741,0.20192272700001013,0.343472840000004
autoencoder,toilet/test/toilet_0407.obj,252,28706,65.01587301587301,0.4921875,4.383934025656689,14.0166015625,0.10598960043425773,0.17725314699987393,0.4117231500001708
autoencoder,toilet/test/toilet_0408.obj,250,28538,65.536,0.48828125,4.358277336591326,13.9345703125,0.08587106349146033,0.13120598199998312,0.529639004000046
autoencoder,toilet/test/toilet_0409.obj,252,28697,65.01587301587301,0.4921875,4.37454268292683,14.01220703125,0.09122793110886937,0.14810552299991286,0.42995225499998924
autoencoder,toilet/test/toilet_0410.obj,252,28723,65.01587301587301,0.4921875,4.378506097560976,14.02490234375,0.09544045446208568,0.17319735299997774,0.34480123499997717
autoencoder,toilet/test/toilet_0411.obj,252,28673,65.01587301587301,0.4921875,4.370884146341464,14.00048828125,0.08239821774164505,0.20617152500017255,0.3747929920000388
autoencoder,toilet/test/toilet_0412.obj,252,28641,65.01587301587301,0.4921875,4.358034083992696,13.98486328125,0.12700784018064512,0.11081935900006101,0.25413058300000557
autoencoder,toilet/test/toilet_0413.obj,252,28675,65.01587301587301,0.4921875,4.3872399020807835,14.00146484375,0.10567607729004971,0.11094017899995379,0.5552278010000009
autoencoder,toilet/test/toilet_0414.obj,252,28669,65.01587301587301,0.4921875,4.378283445326818,13.99853515625,0.08572622227860278,0.19938703100001476,0.45168108899997605
autoencoder,toilet/test/toilet_0415.obj,252,28676,65.01587301587301,0.4921875,4.363359707851491,14.001953125,0.09213724104321781,0.19201986899997792,0.48187405999988187
autoencoder,toilet/test/toilet_0416.obj,252,28678,65.01587301587301,0.4921875,4.371646341463415,14.0029296875,0.09399743455606265,0.1919058959999802,0.3097616099998959
autoencoder,toilet/test/toilet_0417.obj,252,28731,65.01587301587301,0.4921875,4.387751985339035,14.02880859375,0.09315207287874994,0.1608697710000797,0.31569602199988367
autoencoder,toilet/test/toilet_0418.obj,252,28644,65.01587301587301,0.4921875,4.3584905660377355,13.986328125,0.11520037415690232,0.1645567159998791,0.513351516000057
autoencoder,toilet/test/toilet_0419.obj,252,28702,65.01587301587301,0.4921875,4.383323152107514,14.0146484375,0.08727002240300571,0.13136288900000181,0.45884163499999886
autoencoder,toilet/test/toilet_0420.obj,252,28651,65.01587301587301,0.4921875,4.359555690809495,13.98974609375,0.10325889998253988,0.084983462000082,0.5470760700000028
autoencoder,toilet/test/toilet_0421.obj,252,28688,65.01587301587301,0.4921875,4.3811850946854,14.0078125,0.07287251438562167,0.13337516100000357,0.33621535499992206
autoencoder,toilet/test/toilet_0422.obj,252,28675,65.01587301587301,0.4921875,4.371189024390244,14.00146484375,0.0832351680558404,0.13012469800014514,0.3249016170000232
autoencoder,toilet/test/toilet_0423.obj,252,28715,65.01587301587301,0.4921875,4.377286585365853,14.02099609375,0.09629317565365256,0.08565640899996652,0.4108983060000355
autoencoder,toilet/test/toilet_0424.obj,252,28634,65.01587301587301,0.4921875,4.3569689592209375,13.9814453125,0.12927105194306188,0.16338119600004575,0.30512602800013156
autoencoder,toilet/test/toilet_0425.obj,242,27978,67.70247933884298,0.47265625,4.336329820210787,13.6611328125,0.11549642797612002,0.10459491400001752,0.1853997140001411
autoencoder,toilet/test/toilet_0426.obj,252,28657,65.01587301587301,0.4921875,4.368445121951219,13.99267578125,0.09804625585705659,0.1922382990001097,0.26927216700005374
autoencoder,toilet/test/toilet_0427.obj,252,28669,65.01587301587301,0.4921875,4.370274390243902,13.99853515625,0.08923595033147341,0.09890707099998508,0.1826783980000073
autoencoder,toilet/test/toilet_0428.obj,252,28629,65.01587301587301,0.4921875,4.364176829268293,13.97900390625,0.10132394145510362,0.24825699000007262,0.6122534109999833
autoencoder,toilet/test/toilet_0429.obj,252,28677,65.01587301587301,0.4921875,4.379505192425168,14.00244140625,0.09278833274432965,0.1747943689999829,0.42128656200020487
autoencoder,toilet/test/toilet_0430.obj,252,28666,65.01587301587301,0.4921875,4.361838101034692,13.9970703125,0.07579378281687121,0.13100791600004413,0.4331878850000521
autoencoder,toilet/test/toilet_0431.obj,252,28688,65.01587301587301,0.4921875,4.365185636031649,14.0078125,0.08274893188558774,0.1416559250001228,0.3511317230002078
autoencoder,toilet/test/toilet_0432.obj,250,28541,65.536,0.48828125,4.374770079705702,13.93603515625,0.08008685195788681,0.13149229900000137,0.4414466900000207
autoencoder,toilet/test/toilet_0433.obj,252,28664,65.01587301587301,0.4921875,4.3615337796713325,13.99609375,0.09003793279504338,0.14487673700000414,0.2753413709999677
autoencoder,toilet/test/toilet_0434.obj,250,28538,65.536,0.48828125,4.366279069767442,13.9345703125,0.09106471293304205,0.09543151099978786,0.41456208299996433
autoencoder,toilet/test/toilet_0435.obj,252,28692,65.01587301587301,0.4921875,4.3817959682345755,14.009765625,0.08267063355399212,0.15270203599993692,0.4419801069998357
autoencoder,toilet/test/toilet_0436.obj,252,28658,65.01587301587301,0.4921875,4.376603543066585,13.9931640625,0.09448553448858237,0.09630226600006608,0.3633900679999442
autoencoder,toilet/test/toilet_0437.obj,244,28177,67.14754098360656,0.4765625,4.3509882643607165,13.75830078125,0.1026706774337764,0.11562261800008855,0.36738141899991206
autoencoder,toilet/test/toilet_0438.obj,252,28719,65.01587301587301,0.4921875,4.377896341463415,14.02294921875,0.09133420963554235,0.10275376900017363,0.5873769009999705
autoencoder,toilet/test/toilet_0439.obj,250,28553,65.536,0.48828125,4.368574051407589,13.94189453125,0.07677529437355982,0.16060796200008554,0.3205955860000813
autoencoder,toilet/test/toilet_0440.obj,252,28664,65.01587301587301,0.4921875,4.369512195121951,13.99609375,0.0894468910474743,0.10911568699998497,0.4787879589998738
autoencoder,toilet/test/toilet_0441.obj,252,28663,65.01587301587301,0.4921875,4.369359756097561,13.99560546875,0.09253659438452241,0.11329434699996455,0.4366846359998817
autoencoder,toilet/test/toilet_0442.obj,252,28658,65.01587301587301,0.4921875,4.368597560975609,13.9931640625,0.08660526041974367,0.20464949400002297,0.4890362329999789
autoencoder,toilet/test/toilet_0443.obj,252,28676,65.01587301587301,0.4921875,4.371341463414634,14.001953125,0.09881906759435566,0.19922631100007493,0.2713460349998513
autoencoder,toilet/test/toilet_0444.obj,252,28673,65.01587301587301,0.4921875,4.370884146341464,14.00048828125,0.10063291256774479,0.0654007770001499,0.3271066830000109
autoencoder,tv_stand/test/tv_stand_0268.obj,234,27456,70.01709401709402,0.45703125,4.319697923222153,13.40625,0.09081650285650925,0.05747491199986143,0.5173269919998802
autoencoder,tv_stand/test/tv_stand_0269.obj,250,28583,65.536,0.48828125,4.3651496640195475,13.95654296875,0.1337474984189455,0.10470419500006756,0.5060727539998879
autoencoder,tv_stand/test/tv_stand_0270.obj,252,28767,65.01587301587301,0.4921875,4.393249847281613,14.04638671875,0.06822659751867108,0.18750020100014808,0.3894342720000168
autoencoder,tv_stand/test/tv_stand_0271.obj,252,28698,65.01587301587301,0.4921875,4.382712278558339,14.0126953125,0.09199430481004041,0.11728996500005451,0.38131494200001725
autoencoder,tv_stand/test/tv_stand_0272.obj,246,28327,66.60162601626017,0.48046875,4.37415071031501,13.83154296875,0.09695559552464848,0.20059380499992585,0.5243287480000163
autoencoder,tv_stand/test/tv_stand_0273.obj,246,28355,66.60162601626017,0.48046875,4.362307692307692,13.84521484375,0.09039470756672763,0.1598247409999658,0.44617626500007646
autoencoder,tv_stand/test/tv_stand_0274.obj,248,28428,66.06451612903226,0.484375,4.373538461538462,13.880859375,0.05835261314742104,0.13282147699987945,0.37865622000003896
autoencoder,tv_stand/test/tv_stand_0275.obj,252,28743,65.01587301587301,0.4921875,4.381554878048781,14.03466796875,0.14718441958458622,0.2220938699999806,0.4603213450000112
autoencoder,tv_stand/test/tv_stand_0276.obj,248,28469,66.06451612903226,0.484375,4.371775184275184,13.90087890625,0.10468415894062459,0.21325405099992167,0.4061281780000172
autoencoder,tv_stand/test/tv_stand_0277.obj,252,28651,65.01587301587301,0.4921875,4.359555690809495,13.98974609375,0.10742794199543507,0.2266047030000209,0.30678704399997514
autoencoder,tv_stand/test/tv_stand_0278.obj,250,28581,65.536,0.48828125,4.372858017135863,13.95556640625,0.0979505793309176,0.09268397100004222,0.27696441500006586
autoencoder,tv_stand/test/tv_stand_0279.obj,240,27913,68.26666666666667,0.46875,4.3424082140634725,13.62939453125,0.13452974783950106,0.1274590299999545,0.33940888100005395
autoencoder,tv_stand/test/tv_stand_0280.obj,244,28164,67.14754098360656,0.4765625,4.357054455445544,13.751953125,0.061610317562714734,0.11824821599998359,0.509054315999947
autoencoder,tv_stand/test/tv_stand_0281.obj,252,28733,65.01587301587301,0.4921875,4.380030487804878,14.02978515625,0.09094148879395908,0.18347593799990136,0.713654581000128
autoencoder,tv_stand/test/tv_stand_0282.obj,250,28615,65.536,0.48828125,4.37003665241295,13.97216796875,0.1269264643791349,0.20106227699989176,0.36412938499984193
autoencoder,tv_stand/test/tv_stand_0283.obj,252,28626,65.01587301587301,0.4921875,4.3637195121951216,13.9775390625,0.16385388631781428,0.10713373600015075,0.6126189660001273
autoencoder,tv_stand/test/tv_stand_0284.obj,244,28076,67.14754098360656,0.4765625,4.351518908865468,13.708984375,0.114563837788489,0.09518716299999141,0.24964392800006863
autoencoder,tv_stand/test/tv_stand_0285.obj,248,28433,66.06451612903226,0.484375,4.358215818516248,13.88330078125,0.06207312464568249,0.05423091599982399,0.2680254160000004
autoencoder,tv_stand/test/tv_stand_0286.obj,252,28769,65.01587301587301,0.4921875,4.385518292682927,14.04736328125,0.10957670503097192,0.06866864699986763,0.26994871700003387
autoencoder,tv_stand/test/tv_stand_0287.obj,240,27869,68.26666666666667,0.46875,4.3355631611698815,13.60791015625,0.07625205776996816,0.2974079339999207,0.41990295499999775
autoencoder,tv_stand/test/tv_stand_0288.obj,250,28547,65.536,0.48828125,4.375689760882894,13.93896484375,0.11106085027253361,0.06027897400008442,0.2884169460000976
autoencoder,tv_stand/test/tv_stand_0289.obj,242,28054,67.70247933884298,0.47265625,4.356211180124224,13.6982421875,0.13783753044820896,0.058225328000162335,0.4085120360000474
autoencoder,tv_stand/test/tv_stand_0290.obj,244,28130,67.14754098360656,0.4765625,4.351794554455446,13.7353515625,0.06993773404270928,0.191678660999969,0.5912258920000113
autoencoder,tv_stand/test/tv_stand_0291.obj,240,27859,68.26666666666667,0.46875,4.334007467330429,13.60302734375,0.0709240274452282,0.09249345500006712,0.3407208100002208
autoencoder,tv_stand/test/tv_stand_0292.obj,252,28687,65.01587301587301,0.4921875,4.373018292682927,14.00732421875,0.10044084122527064,0.14623563799978,0.2341739430000871
autoencoder,tv_stand/test/tv_stand_0293.obj,250,28667,65.536,0.48828125,4.386015911872705,13.99755859375,0.14144417853693814,0.09679471599997669,0.22206488400001945
autoencoder,tv_stand/test/tv_stand_0294.obj,252,28745,65.01587301587301,0.4921875,4.397949816401469,14.03564453125,0.12201406862827227,0.051558821999833526,0.4920154189999266
autoencoder,tv_stand/test/tv_stand_0295.obj,234,27477,70.01709401709402,0.45703125,4.323001887979862,13.41650390625,0.08244250457336505,0.2535171970000647,0.6947710169999937
autoencoder,tv_stand/test/tv_stand_0296.obj,246,28275,66.60162601626017,0.48046875,4.3580456226880395,13.80615234375,0.13574851562599127,0.17123982600014642,0.31752601399989544
autoencoder,tv_stand/test/tv_stand_0297.obj,248,28336,66.06451612903226,0.484375,4.343347639484978,13.8359375,0.05608728674389994,0.1298666279999452,0.3672752639999999
autoencoder,tv_stand/test/tv_stand_0298.obj,246,28362,66.60162601626017,0.48046875,4.379555281037677,13.8486328125,0.09364214110857338,0.09828169100001105,0.44810856000003696
autoencoder,tv_stand/test/tv_stand_0299.obj,250,28575,65.536,0.48828125,4.3799816063764565,13.95263671875,0.16023403198130087,0.13518467500011866,0.2925156629999037
autoencoder,tv_stand/test/tv_stand_0300.obj,244,28189,67.14754098360656,0.4765625,4.36092202970297,13.76416015625,0.11772674787869361,0.15949248199990507,0.5532583530000466
autoencoder,tv_stand/test/tv_stand_0301.obj,242,28009,67.70247933884298,0.47265625,4.341134531928084,13.67626953125,0.10378655879730994,0.1364864330000728,0.4377244869999686
autoencoder,tv_stand/test/tv_stand_0302.obj,242,28082,67.70247933884298,0.47265625,4.376870324189526,13.7119140625,0.10498820544644039,0.2314064340000641,0.5935335160002069
autoencoder,tv_stand/test/tv_stand_0303.obj,252,28794,65.01587301587301,0.4921875,4.397373243738546,14.0595703125,0.10688131500938797,0.18197105100011868,0.41552891699984684
autoencoder,tv_stand/test/tv_stand_0304.obj,246,28303,66.60162601626017,0.48046875,4.354307692307692,13.81982421875,0.11722881409368519,0.12007086800008437,0.4458083859999533
autoencoder,tv_stand/test/tv_stand_0305.obj,240,27899,68.26666666666667,0.46875,4.340230242688239,13.62255859375,0.08444553394651269,0.09656207600005473,0.48893482699986635
autoencoder,tv_stand/test/tv_stand_0306.obj,252,28750,65.01587301587301,0.4921875,4.3906536346976175,14.0380859375,0.1042049169604729,0.08783577099984541,0.45467674899987287
autoencoder,tv_stand/test/tv_stand_0307.obj,246,28328,66.60162601626017,0.48046875,4.374305126621371,13.83203125,0.11786179548906461,0.14241756199999145,0.5434449379999933
autoencoder,tv_stand/test/tv_stand_0308.obj,248,28379,66.06451612903226,0.484375,4.366,13.85693359375,0.10559850725936393,0.23420487999987927,0.5739966500000264
autoencoder,tv_stand/test/tv_stand_0309.obj,252,28729,65.01587301587301,0.4921875,4.3794207317073175,14.02783203125,0.07968975112881008,0.1806579630001579,0.540406012999938
autoencoder,tv_stand/test/tv_stand_0310.obj,238,27763,68.84033613445378,0.46484375,4.33525921299188,13.55615234375,0.08889784223803879,0.17249671100012165,0.5116262540000207
autoencoder,tv_stand/test/tv_stand_0311.obj,240,27885,68.26666666666667,0.46875,4.346165835411472,13.61572265625,0.07370374555290064,0.15763625399995362,0.3318920960000469
autoencoder,tv_stand/test/tv_stand_0312.obj,248,28462,66.06451612903226,0.484375,4.3626609442060085,13.8974609375,0.07844269863847508,0.06529406999993626,0.7650756429998182
autoencoder,tv_stand/test/tv_stand_0313.obj,248,28453,66.06451612903226,0.484375,4.3612814224402205,13.89306640625,0.11027953591739768,0.17807423199997174,0.4573857020000105
autoencoder,tv_stand/test/tv_stand_0314.obj,252,28799,65.01587301587301,0.4921875,4.406211750305998,14.06201171875,0.10211618735653091,0.15070485800015376,0.27906338799994046
autoencoder,tv_stand/test/tv_stand_0315.obj,248,28430,66.06451612903226,0.484375,4.365786240786241,13.8818359375,0.13286235492920107,0.20141759400007686,0.5607545990001199
autoencoder,tv_stand/test/tv_stand_0316.obj,252,28741,65.01587301587301,0.4921875,4.3892791692119735,14.03369140625,0.10236266788691203,0.15044624999995904,0.3575026329999673
autoencoder,tv_stand/test/tv_stand_0317.obj,252,28687,65.01587301587301,0.4921875,4.373018292682927,14.00732421875,0.08076528819192953,0.107232040000099,0.1987465570000495
autoencoder,tv_stand/test/tv_stand_0318.obj,252,28558,65.01587301587301,0.4921875,4.377375843041079,13.9443359375,0.19264903951001783,0.09858168200003092,0.3389414979999401
autoencoder,tv_stand/test/tv_stand_0319.obj,250,28644,65.536,0.48828125,4.390557939914163,13.986328125,0.13668227170064795,0.08407846199997948,0.3595217590000175
autoencoder,tv_stand/test/tv_stand_0320.obj,252,28813,65.01587301587301,0.4921875,4.392225609756098,14.06884765625,0.11679043224947863,0.0934968020001179,0.3183146700000634
autoencoder,tv_stand/test/tv_stand_0321.obj,252,28676,65.01587301587301,0.4921875,4.371341463414634,14.001953125,0.11393035394538906,0.1430776429999696,0.2887332130001141
autoencoder,tv_stand/test/tv_stand_0322.obj,250,28590,65.536,0.48828125,4.3903562653562656,13.9599609375,0.12693935114476534,0.21457030499982466,0.3409082529999523
autoencoder,tv_stand/test/tv_stand_0323.obj,252,28800,65.01587301587301,0.4921875,4.382227632379793,14.0625,0.09641192133156874,0.12731945499990616,0.24429929699999775
autoencoder,tv_stand/test/tv_stand_0324.obj,252,28663,65.01587301587301,0.4921875,4.361381618989653,13.99560546875,0.15851750659603692,0.1342745310000737,0.3594879539998601
autoencoder,tv_stand/test/tv_stand_0325.obj,246,28317,66.60162601626017,0.48046875,4.364519112207152,13.82666015625,0.0842025374641941,0.0778009050000037,0.26576102400008494
autoencoder,tv_stand/test/tv_stand_0326.obj,252,28684,65.01587301587301,0.4921875,4.380574221136225,14.005859375,0.08939053810644616,0.1009868109999843,0.43009703900020213
autoencoder,tv_stand/test/tv_stand_0327.obj,252,28748,65.01587301587301,0.4921875,4.382317073170731,14.037109375,0.09895163737592019,0.18817808000017067,0.7381242550000024
autoencoder,tv_stand/test/tv_stand_0328.obj,252,28692,65.01587301587301,0.4921875,4.38984088127295,14.009765625,0.10980664264887494,0.18508513999995557,0.34851902199989127
autoencoder,tv_stand/test/tv_stand_0329.obj,252,28773,65.01587301587301,0.4921875,4.378119293974437,14.04931640625,0.05897777426087733,0.23555119000002378,0.5083996200000911
autoencoder,tv_stand/test/tv_stand_0330.obj,250,28583,65.536,0.48828125,4.381207847946046,13.95654296875,0.15888963159165265,0.11470067300001574,0.340826092000043
autoencoder,tv_stand/test/tv_stand_0331.obj,248,28480,66.06451612903226,0.484375,4.3734643734643734,13.90625,0.11596199068331095,0.1615963340000235,0.42617999599997347
autoencoder,tv_stand/test/tv_stand_0332.obj,252,28751,65.01587301587301,0.4921875,4.390806353084911,14.03857421875,0.11459104586583581,0.05160032900016631,0.45290687200008506
autoencoder,tv_stand/test/tv_stand_0333.obj,252,28729,65.01587301587301,0.4921875,4.387446548564447,14.02783203125,0.12867883114460893,0.11984592800013161,0.45184910600005423
autoencoder,tv_stand/test/tv_stand_0334.obj,250,28552,65.536,0.48828125,4.368421052631579,13.94140625,0.13959280489402337,0.1355939990000934,0.26435175500000696
autoencoder,tv_stand/test/tv_stand_0335.obj,252,28698,65.01587301587301,0.4921875,4.390758873929008,14.0126953125,0.12105917800010196,0.11099425500015059,0.6226853599998776
autoencoder,tv_stand/test/tv_stand_0336.obj,248,28328,66.06451612903226,0.484375,4.342121397915389,13.83203125,0.10391953696105341,0.27505023699995945,0.5107870910001111
autoencoder,tv_stand/test/tv_stand_0337.obj,250,28524,65.536,0.48828125,4.3641370869033045,13.927734375,0.15895545649481657,0.07502935399998023,0.540832249999994
autoencoder,tv_stand/test/tv_stand_0338.obj,244,28117,67.14754098360656,0.4765625,4.341723285979,13.72900390625,0.05140349508333533,0.16294104399980824,0.3409584040000482
autoencoder,tv_stand/test/tv_stand_0339.obj,250,28479,65.536,0.48828125,4.349266951740989,13.90576171875,0.16009549698288678,0.11171506799996678,0.40152807200001916
autoencoder,tv_stand/test/tv_stand_0340.obj,252,28728,65.01587301587301,0.4921875,4.3792682926829265,14.02734375,0.09111990745279393,0.129337009999972,0.46168985899998916
autoencoder,tv_stand/test/tv_stand_0341.obj,232,27399,70.62068965517241,0.453125,4.335284810126582,13.37841796875,0.09703638495056263,0.08555367700000716,0.6369596279998859
autoencoder,tv_stand/test/tv_stand_0342.obj,252,28818,65.01587301587301,0.4921875,4.401038485033598,14.0712890625,0.11684371932538985,0.09627539099983551,0.3269263109998519
autoencoder,tv_stand/test/tv_stand_0343.obj,240,27928,68.26666666666667,0.46875,4.35286783042394,13.63671875,0.13541166697863907,0.13978627099982077,0.3933774560000529
autoencoder,tv_stand/test/tv_stand_0344.obj,248,28418,66.06451612903226,0.484375,4.363943488943489,13.8759765625,0.08284101612282477,0.22227813000017704,0.29399656600003254
autoencoder,tv_stand/test/tv_stand_0345.obj,226,26941,72.49557522123894,0.44140625,4.303674121405751,13.15478515625,0.10320460307480184,0.0981226430001243,0.3391526140001133
autoencoder,tv_stand/test/tv_stand_0346.obj,242,28052,67.70247933884298,0.47265625,4.364032358431861,13.697265625,0.13732070435276583,0.12118258900000001,0.40449505500009764
autoencoder,tv_stand/test/tv_stand_0347.obj,252,28802,65.01587301587301,0.4921875,4.382531953743153,14.0634765625,0.12283429547548286,0.07924970199997006,0.5512044240001615
autoencoder,tv_stand/test/tv_stand_0348.obj,234,27488,70.01709401709402,0.45703125,4.332912988650693,13.421875,0.09762920685521537,0.08460623199994188,0.5619461869998759
autoencoder,tv_stand/test/tv_stand_0349.obj,234,27518,70.01709401709402,0.45703125,4.337641866330391,13.4365234375,0.04827765144273862,0.18513110699996105,0.376833440999917
autoencoder,tv_stand/test/tv_stand_0350.obj,240,27922,68.26666666666667,0.46875,4.343808338518979,13.6337890625,0.07503850400852544,0.16499794299988935,0.6785483290000229
autoencoder,tv_stand/test/tv_stand_0351.obj,252,28699,65.01587301587301,0.4921875,4.366859403530128,14.01318359375,0.08304733335660579,0.1271159309999348,0.4842952849999165
autoencoder,tv_stand/test/tv_stand_0352.obj,252,28786,65.01587301587301,0.4921875,4.388109756097561,14.0556640625,0.11858355274705344,0.08613249099994391,0.4416409940001813
autoencoder,tv_stand/test/tv_stand_0353.obj,246,28327,66.60162601626017,0.48046875,4.37415071031501,13.83154296875,0.1104404976957511,0.088825087000032,0.3893890189999638
autoencoder,tv_stand/test/tv_stand_0354.obj,252,28797,65.01587301587301,0.4921875,4.397831398900427,14.06103515625,0.10051819569400987,0.13357367499997963,0.39623612400009733
autoencoder,tv_stand/test/tv_stand_0355.obj,252,28766,65.01587301587301,0.4921875,4.377054169202678,14.0458984375,0.08179957206403897,0.08831192799993914,0.33115269499990063
autoencoder,tv_stand/test/tv_stand_0356.obj,252,28658,65.01587301587301,0.4921875,4.3927038626609445,13.9931640625,0.08657063142167808,0.1335831290000442,0.5608858020000298
autoencoder,tv_stand/test/tv_stand_0357.obj,252,28827,65.01587301587301,0.4921875,4.410495716034272,14.07568359375,0.07924345700688548,0.16324961600003007,0.43416151699989314
autoencoder,tv_stand/test/tv_stand_0358.obj,252,28723,65.01587301587301,0.4921875,4.3945838433292534,14.02490234375,0.12006102071626057,0.22376949499994225,0.3885141220000605
autoencoder,tv_stand/test/tv_stand_0359.obj,250,28648,65.536,0.48828125,4.391171060698958,13.98828125,0.1085550225626563,0.1435863070000778,0.4632154290000017
autoencoder,tv_stand/test/tv_stand_0360.obj,252,28707,65.01587301587301,0.4921875,4.384086744043983,14.01708984375,0.11456454554614467,0.15505063500017968,0.3595692599999438
autoencoder,tv_stand/test/tv_stand_0361.obj,248,28453,66.06451612903226,0.484375,4.369318181818182,13.89306640625,0.10629228764680981,0.15505399599987868,0.4253672969998661
autoencoder,tv_stand/test/tv_stand_0362.obj,252,28726,65.01587301587301,0.4921875,4.378963414634146,14.0263671875,0.06455117773247401,0.09117711700014297,0.3797785179999664
autoencoder,tv_stand/test/tv_stand_0363.obj,252,28673,65.01587301587301,0.4921875,4.378894318875993,14.00048828125,0.13084993894419508,0.11621534800019617,0.3054532889998427
autoencoder,tv_stand/test/tv_stand_0364.obj,252,28749,65.01587301587301,0.4921875,4.382469512195122,14.03759765625,0.10959518303624838,0.07544080900015615,0.6571104030001607
autoencoder,tv_stand/test/tv_stand_0365.obj,250,28594,65.536,0.48828125,4.38289393010423,13.9619140625,0.10267053735355634,0.19795782899996084,0.7478877890000604
autoencoder,tv_stand/test/tv_stand_0366.obj,252,28678,65.01587301587301,0.4921875,4.371646341463415,14.0029296875,0.08431401723793704,0.11997962500004178,0.29958805599994776
autoencoder,tv_stand/test/tv_stand_0367.obj,248,28421,66.06451612903226,0.484375,4.356376456161864,13.87744140625,0.07044500095323829,0.11667646099999729,0.25819314499995016
autoencoder,vase/test/vase_0476.obj,236,27607,69.42372881355932,0.4609375,4.3352701005025125,13.47998046875,0.06812539190173483,0.10326412399990659,0.26142015000004903
autoencoder,vase/test/vase_0477.obj,252,28658,65.01587301587301,0.4921875,4.368597560975609,13.9931640625,0.13342579706020502,0.11748260800004573,0.4479018320000705
autoencoder,vase/test/vase_0478.obj,252,28663,65.01587301587301,0.4921875,4.361381618989653,13.99560546875,0.10707770872268974,0.1624344619999647,0.38915350800016313
autoencoder,vase/test/vase_0479.obj,252,28639,65.01587301587301,0.4921875,4.365701219512195,13.98388671875,0.09761701333473001,0.2411685319998469,0.3395768269999735
autoencoder,vase/test/vase_0480.obj,252,28680,65.01587301587301,0.4921875,4.37996334758705,14.00390625,0.1460827211600095,0.2693763610000133,0.3533892339999056
autoencoder,vase/test/vase_0481.obj,252,28708,65.01587301587301,0.4921875,4.376219512195122,14.017578125,0.10991333142651168,0.1630139159999544,0.4725517869999294
autoencoder,vase/test/vase_0482.obj,252,28674,65.01587301587301,0.4921875,4.371036585365854,14.0009765625,0.11690768055720058,0.19180610000012166,0.2710192110000662
autoencoder,vase/test/vase_0483.obj,252,28663,65.01587301587301,0.4921875,4.3773671350030545,13.99560546875,0.09592741183145341,0.1809380909999163,0.2631617350000397
autoencoder,vase/test/vase_0484.obj,248,28447,66.06451612903226,0.484375,4.360361741263029,13.89013671875,0.09127379710606692,0.1050141349999194,0.23578927699986707
autoencoder,vase/test/vase_0485.obj,250,28565,65.536,0.48828125,4.362400733048259,13.94775390625,0.13290413627747877,0.17286114599983193,0.4491116789999978
autoencoder,vase/test/vase_0486.obj,252,28632,65.01587301587301,0.4921875,4.364634146341463,13.98046875,0.09217869084287401,0.17987151799979983,0.4267557709999892
autoencoder,vase/test/vase_0487.obj,252,28639,65.01587301587301,0.4921875,4.365701219512195,13.98388671875,0.11866101133033874,0.0689969409997957,0.2516517050000857
autoencoder,vase/test/vase_0488.obj,252,28653,65.01587301587301,0.4921875,4.375839951130116,13.99072265625,0.11473276198193126,0.15468193200013047,0.5226867639999
autoencoder,vase/test/vase_0489.obj,252,28662,65.01587301587301,0.4921875,4.361229458307974,13.9951171875,0.13290242909103875,0.17393639300007635,0.5390497450000566
autoencoder,vase/test/vase_0490.obj,252,28667,65.01587301587301,0.4921875,4.369969512195122,13.99755859375,0.1078064759239947,0.14833348399997703,0.587462190999986
autoencoder,vase/test/vase_0491.obj,252,28641,65.01587301587301,0.4921875,4.366006097560976,13.98486328125,0.12827358112745602,0.11214227499999652,0.4391993189999539
autoencoder,vase/test/vase_0492.obj,252,28641,65.01587301587301,0.4921875,4.38203794369645,13.98486328125,0.10096136858967608,0.1226064940001379,0.2981381639999654
autoencoder,vase/test/vase_0493.obj,252,28653,65.01587301587301,0.4921875,4.359860012172854,13.99072265625,0.11758493497730896,0.14907732300002863,0.32520822499986934
autoencoder,vase/test/vase_0494.obj,252,28630,65.01587301587301,0.4921875,4.356360316494218,13.9794921875,0.10719572304721106,0.10573362899981475,0.18648405099997944
autoencoder,vase/test/vase_0495.obj,252,28601,65.01587301587301,0.4921875,4.351947656725502,13.96533203125,0.1271046921337073,0.07001208300016515,0.4291173480000907
autoencoder,vase/test/vase_0496.obj,252,28653,65.01587301587301,0.4921875,4.359860012172854,13.99072265625,0.10154301165396451,0.280408886000032,0.283061478000036
autoencoder,vase/test/vase_0497.obj,252,28670,65.01587301587301,0.4921875,4.362446743761412,13.9990234375,0.11183133028224862,0.04809724400001869,0.41244888999995055
autoencoder,vase/test/vase_0498.obj,252,28695,65.01587301587301,0.4921875,4.382254123396457,14.01123046875,0.10464827060089574,0.17717308100009177,0.4917439989999366
autoencoder,vase/test/vase_0499.obj,252,28683,65.01587301587301,0.4921875,4.380421502748931,14.00537109375,0.10322264693790778,0.14642772199999854,0.44344152999997277
autoencoder,vase/test/vase_0500.obj,252,28621,65.01587301587301,0.4921875,4.362957317073171,13.97509765625,0.09965631075688099,0.142061356999875,0.24669867800002976
autoencoder,vase/test/vase_0501.obj,252,28644,65.01587301587301,0.4921875,4.3584905660377355,13.986328125,0.09209971590991184,0.08164314099985859,0.2373097670001698
autoencoder,vase/test/vase_0502.obj,252,28680,65.01587301587301,0.4921875,4.363968350578211,14.00390625,0.10980301909805398,0.0499267789998612,0.19770866999988357
autoencoder,vase/test/vase_0503.obj,252,28635,65.01587301587301,0.4921875,4.357121119902617,13.98193359375,0.09279486854625604,0.2552248460001465,0.2294258090000767
autoencoder,vase/test/vase_0504.obj,252,28648,65.01587301587301,0.4921875,4.367073170731707,13.98828125,0.11434622393128963,0.05353076000005785,0.2989139989999785
autoencoder,vase/test/vase_0505.obj,252,28668,65.01587301587301,0.4921875,4.378130726939523,13.998046875,0.11026988899206883,0.07447679599999901,0.5017283249999309
autoencoder,vase/test/vase_0506.obj,250,28590,65.536,0.48828125,4.374235006119951,13.9599609375,0.08173546719248279,0.09426743099993473,0.43031543999995847
autoencoder,vase/test/vase_0507.obj,252,28659,65.01587301587301,0.4921875,4.36875,13.99365234375,0.10103345052121462,0.23136861299985867,0.19775523499993142
autoencoder,vase/test/vase_0508.obj,252,28664,65.01587301587301,0.4921875,4.3615337796713325,13.99609375,0.1259301898011426,0.05573615900016193,0.17111832499995216
autoencoder,vase/test/vase_0509.obj,252,28636,65.01587301587301,0.4921875,4.357273280584297,13.982421875,0.09235034247672202,0.054288027999973565,0.15159544899984212
autoencoder,vase/test/vase_0510.obj,252,28642,65.01587301587301,0.4921875,4.358186244674376,13.9853515625,0.09805397198590927,0.09860767299983308,0.38548029799994765
autoencoder,vase/test/vase_0511.obj,252,28613,65.01587301587301,0.4921875,4.35377358490566,13.97119140625,0.09725660862452551,0.2112339619998238,0.46201501799987454
autoencoder,vase/test/vase_0512.obj,252,28647,65.01587301587301,0.4921875,4.358947048082776,13.98779296875,0.12208904013972821,0.10666769399995246,0.1875264780001089
autoencoder,vase/test/vase_0513.obj,252,28642,65.01587301587301,0.4921875,4.358186244674376,13.9853515625,0.11845346974430493,0.08573034300002291,0.26357226699997227
autoencoder,vase/test/vase_0514.obj,252,28658,65.01587301587301,0.4921875,4.376603543066585,13.9931640625,0.0961330135055706,0.04952431499987142,0.16880033100005676
autoencoder,vase/test/vase_0515.obj,252,28662,65.01587301587301,0.4921875,4.369207317073171,13.9951171875,0.07727153403418313,0.2013761450000402,0.4621295399999781
autoencoder,vase/test/vase_0516.obj,252,28668,65.01587301587301,0.4921875,4.370121951219512,13.998046875,0.09159430892829787,0.1823453239999253,0.17911988900004872
autoencoder,vase/test/vase_0517.obj,252,28636,65.01587301587301,0.4921875,4.365243902439024,13.982421875,0.09325939454921206,0.06416165699988596,0.1921118860000206
autoencoder,vase/test/vase_0518.obj,252,28652,65.01587301587301,0.4921875,4.359707851491175,13.990234375,0.10508208414642056,0.07118949000005159,0.1546944409999469
autoencoder,vase/test/vase_0519.obj,252,28650,65.01587301587301,0.4921875,4.367378048780488,13.9892578125,0.11378006333852013,0.18018574500001705,0.3062164519999442
autoencoder,vase/test/vase_0520.obj,252,28650,65.01587301587301,0.4921875,4.367378048780488,13.9892578125,0.10736858969818606,0.13737935800008927,0.3529971729999488
autoencoder,vase/test/vase_0521.obj,252,28631,65.01587301587301,0.4921875,4.356512477175897,13.97998046875,0.0819320209534011,0.09502798600010465,0.4547872579998966
autoencoder,vase/test/vase_0522.obj,252,28636,65.01587301587301,0.4921875,4.357273280584297,13.982421875,0.1283915158259905,0.09349474700002247,0.31535441999994873
autoencoder,vase/test/vase_0523.obj,252,28689,65.01587301587301,0.4921875,4.381337813072694,14.00830078125,0.1166791255572549,0.060506274999852394,0.3109918939999261
autoencoder,vase/test/vase_0524.obj,252,28654,65.01587301587301,0.4921875,4.3600121728545345,13.9912109375,0.1023807061625954,0.1619747299998835,0.5161856990000615
autoencoder,vase/test/vase_0525.obj,252,28633,65.01587301587301,0.4921875,4.356816798539257,13.98095703125,0.08776305776669946,0.0955644040000152,0.6696853509999983
autoencoder,vase/test/vase_0526.obj,252,28660,65.01587301587301,0.4921875,4.360925136944614,13.994140625,0.07546758798640363,0.10406665099981183,0.363511557000038
autoencoder,vase/test/vase_0527.obj,250,28558,65.536,0.48828125,4.361331704337203,13.9443359375,0.11281212676718438,0.2455244309999216,0.5973485689999052
autoencoder,vase/test/vase_0528.obj,252,28661,65.01587301587301,0.4921875,4.361077297626293,13.99462890625,0.11505557722146692,0.19013099100016007,0.7141009280001072
autoencoder,vase/test/vase_0529.obj,252,28664,65.01587301587301,0.4921875,4.3615337796713325,13.99609375,0.10591531194253911,0.19607655100003285,0.33797239399996215
autoencoder,vase/test/vase_0530.obj,252,28686,65.01587301587301,0.4921875,4.40509828009828,14.0068359375,0.09704641920265489,0.07875116800005344,0.2956553320000239
autoencoder,vase/test/vase_0531.obj,252,28638,65.01587301587301,0.4921875,4.373549175320709,13.9833984375,0.11254654837314242,0.16073269799994705,0.33399555100004363
autoencoder,vase/test/vase_0532.obj,252,28633,65.01587301587301,0.4921875,4.356816798539257,13.98095703125,0.11496940644311202,0.08408108699995864,0.3029837490000773
autoencoder,vase/test/vase_0533.obj,252,28622,65.01587301587301,0.4921875,4.363109756097561,13.9755859375,0.11775343978265054,0.18213654600003792,0.39606444100013505
autoencoder,vase/test/vase_0534.obj,252,28655,65.01587301587301,0.4921875,4.368140243902439,13.99169921875,0.15528930593002535,0.10953611499985527,0.6546275000000605
autoencoder,vase/test/vase_0535.obj,252,28680,65.01587301587301,0.4921875,4.371951219512195,14.00390625,0.12854904317611346,0.268580619000204,0.518145357000094
autoencoder,vase/test/vase_0536.obj,252,28649,65.01587301587301,0.4921875,4.375229077580941,13.98876953125,0.09012429056636062,0.07027056800006903,0.3647068949999266
autoencoder,vase/test/vase_0537.obj,252,28638,65.01587301587301,0.4921875,4.365548780487805,13.9833984375,0.12051139649056276,0.20165193100001488,0.5417091629999504
autoencoder,vase/test/vase_0538.obj,252,28667,65.01587301587301,0.4921875,4.361990261716373,13.99755859375,0.10812061903213728,0.1402779959998952,0.42163202899996577
autoencoder,vase/test/vase_0539.obj,252,28649,65.01587301587301,0.4921875,4.3592513694461354,13.98876953125,0.11388004067909976,0.21859761199993955,0.4035285899999508
autoencoder,vase/test/vase_0540.obj,252,28671,65.01587301587301,0.4921875,4.362598904443092,13.99951171875,0.12072745744402097,0.11121618200013472,0.24714494199997716
autoencoder,vase/test/vase_0541.obj,252,28638,65.01587301587301,0.4921875,4.357577601947657,13.9833984375,0.0934857109574126,0.07818935799991777,0.5325760719999835
autoencoder,vase/test/vase_0542.obj,252,28668,65.01587301587301,0.4921875,4.362142422398052,13.998046875,0.1247255392329268,0.10347578100004284,0.382380774000012
autoencoder,vase/test/vase_0543.obj,252,28663,65.01587301587301,0.4921875,4.361381618989653,13.99560546875,0.12502167425078875,0.21205249699983142,0.4161295300000347
autoencoder,vase/test/vase_0544.obj,252,28658,65.01587301587301,0.4921875,4.368597560975609,13.9931640625,0.11303844654708181,0.0909360809998816,0.2652994239999771
autoencoder,vase/test/vase_0545.obj,244,28048,67.14754098360656,0.4765625,4.339108910891089,13.6953125,0.1309996805969079,0.08482188899984067,0.3750058649998209
autoencoder,vase/test/vase_0546.obj,252,28665,65.01587301587301,0.4921875,4.361685940353013,13.99658203125,0.12620270882771062,0.16310691399985444,0.39576110300004075
autoencoder,vase/test/vase_0547.obj,252,28644,65.01587301587301,0.4921875,4.3584905660377355,13.986328125,0.09585700496170974,0.07760918100007075,0.4043126149999807
autoencoder,vase/test/vase_0548.obj,252,28643,65.01587301587301,0.4921875,4.358338405356056,13.98583984375,0.10086297969123967,0.16326538500015886,0.3726310069998817
autoencoder,vase/test/vase_0549.obj,252,28633,65.01587301587301,0.4921875,4.364786585365854,13.98095703125,0.1047558808889068,0.08974542500004645,0.41517663600006927
autoencoder,vase/test/vase_0550.obj,252,28643,65.01587301587301,0.4921875,4.358338405356056,13.98583984375,0.13672982144200488,0.14527639300013107,0.35415487199998097
autoencoder,vase/test/vase_0551.obj,252,28676,65.01587301587301,0.4921875,4.363359707851491,14.001953125,0.11900452327709837,0.16959828999983984,0.3176074430000426
autoencoder,vase/test/vase_0552.obj,252,28650,65.01587301587301,0.4921875,4.359403530127815,13.9892578125,0.11552365570098472,0.0803034299999581,0.29230975300015416
autoencoder,vase/test/vase_0553.obj,248,28367,66.06451612903226,0.484375,4.348099325567136,13.85107421875,0.14391203068972594,0.049829288999944765,0.23033111699987785
autoencoder,vase/test/vase_0554.obj,252,28660,65.01587301587301,0.4921875,4.376908979841173,13.994140625,0.08664721232318397,0.08980716499991104,0.37845903799984626
autoencoder,vase/test/vase_0555.obj,252,28632,65.01587301587301,0.4921875,4.364634146341463,13.98046875,0.10948418746762832,0.18452319999983047,0.2421347340000466
autoencoder,vase/test/vase_0556.obj,252,28654,65.01587301587301,0.4921875,4.3600121728545345,13.9912109375,0.10560753939071882,0.06641762300000664,0.34629962799999703
autoencoder,vase/test/vase_0557.obj,252,28643,65.01587301587301,0.4921875,4.358338405356056,13.98583984375,0.11621279117226421,0.04973976900009802,0.49021846699997695
autoencoder,vase/test/vase_0558.obj,252,28686,65.01587301587301,0.4921875,4.36488131466829,14.0068359375,0.09631658366966446,0.1356273979999969,0.48861575099999754
autoencoder,vase/test/vase_0559.obj,252,28631,65.01587301587301,0.4921875,4.356512477175897,13.97998046875,0.11444710359168153,0.08180894399993122,0.31767534599998726
autoencoder,vase/test/vase_0560.obj,252,28619,65.01587301587301,0.4921875,4.370647525962126,13.97412109375,0.1378937990644309,0.15270886999996947,0.3331286390000514
autoencoder,vase/test/vase_0561.obj,252,28633,65.01587301587301,0.4921875,4.364786585365854,13.98095703125,0.1325784348301162,0.16838074499992217,0.3274829869999394
autoencoder,vase/test/vase_0562.obj,252,28654,65.01587301587301,0.4921875,4.3600121728545345,13.9912109375,0.1030703477897771,0.16978961100016932,0.33677506999993057
autoencoder,vase/test/vase_0563.obj,252,28636,65.01587301587301,0.4921875,4.365243902439024,13.982421875,0.09710174629678012,0.08342440899991743,0.5100438839999697
autoencoder,vase/test/vase_0564.obj,252,28644,65.01587301587301,0.4921875,4.366463414634146,13.986328125,0.10803858988387414,0.09730349100004787,0.535617375999891
autoencoder,vase/test/vase_0565.obj,252,28656,65.01587301587301,0.4921875,4.376298106291998,13.9921875,0.10928940493459607,0.08422527700008686,0.40336312599993107
autoencoder,vase/test/vase_0566.obj,252,28655,65.01587301587301,0.4921875,4.360164333536214,13.99169921875,0.10104089353014642,0.18346997799994824,0.43836996400000316
autoencoder,vase/test/vase_0567.obj,252,28649,65.01587301587301,0.4921875,4.3672256097560975,13.98876953125,0.14446044749947878,0.16560408899999857,0.49697271500008355
autoencoder,vase/test/vase_0568.obj,252,28712,65.01587301587301,0.4921875,4.3688374923919655,14.01953125,0.16390863315272688,0.20867952000003243,0.3202171629998247
autoencoder,vase/test/vase_0569.obj,252,28683,65.01587301587301,0.4921875,4.36442483262325,14.00537109375,0.09402378139128215,0.08625513000015417,0.1794809109999278
autoencoder,vase/test/vase_0570.obj,252,28642,65.01587301587301,0.4921875,4.358186244674376,13.9853515625,0.10754531159490832,0.04917057499983457,0.40943626199987193
autoencoder,vase/test/vase_0571.obj,252,28652,65.01587301587301,0.4921875,4.359707851491175,13.990234375,0.10785348746261816,0.18771978299992043,0.454607218999854
autoencoder,vase/test/vase_0572.obj,252,28687,65.01587301587301,0.4921875,4.381032376298107,14.00732421875,0.1428290031997752,0.14002801700007694,0.2542792849999387
autoencoder,vase/test/vase_0573.obj,252,28652,65.01587301587301,0.4921875,4.359707851491175,13.990234375,0.11914038631365977,0.05729683699996713,0.4784865299998273
autoencoder,vase/test/vase_0574.obj,252,28640,65.01587301587301,0.4921875,4.357881923311017,13.984375,0.11017376242497512,0.10738180799990005,0.5302195190001839
autoencoder,vase/test/vase_0575.obj,252,28670,65.01587301587301,0.4921875,4.378436163714111,13.9990234375,0.09471949472074255,0.07772933000001103,0.25925767400008226
autoencoder,wardrobe/test/wardrobe_0088.obj,252,28679,65.01587301587301,0.4921875,4.379810629199755,14.00341796875,0.10184215174530381,0.08138352800006032,0.45589014600000155
autoencoder,wardrobe/test/wardrobe_0089.obj,252,28838,65.01587301587301,0.4921875,4.396036585365854,14.0810546875,0.10760783375708086,0.16087552800013327,0.5419484039998679
autoencoder,wardrobe/test/wardrobe_0090.obj,252,28791,65.01587301587301,0.4921875,4.380858186244675,14.05810546875,0.09690106038076002,0.21138885099981053,0.46760897000012847
autoencoder,wardrobe/test/wardrobe_0091.obj,246,28279,66.60162601626017,0.48046875,4.350615384615384,13.80810546875,0.06682728309385333,0.06888707100006286,0.40343854299999293
autoencoder,wardrobe/test/wardrobe_0092.obj,252,28774,65.01587301587301,0.4921875,4.3862804878048784,14.0498046875,0.07917424092602016,0.07496021299994027,0.44668933499997365
autoencoder,wardrobe/test/wardrobe_0093.obj,252,28813,65.01587301587301,0.4921875,4.408353733170134,14.06884765625,0.09830599670699854,0.09827746799987835,0.6332785839999815
autoencoder,wardrobe/test/wardrobe_0094.obj,252,28691,65.01587301587301,0.4921875,4.381643249847282,14.00927734375,0.13863324478555283,0.1495358940001097,0.4382783670000663
autoencoder,wardrobe/test/wardrobe_0095.obj,252,28853,65.01587301587301,0.4921875,4.398323170731707,14.08837890625,0.06215960561630027,0.26994866500012904,0.3510095190001721
autoencoder,wardrobe/test/wardrobe_0096.obj,252,28699,65.01587301587301,0.4921875,4.439820544554456,14.01318359375,0.10095959998466293,0.0984421950001888,0.46387600999992173
autoencoder,wardrobe/test/wardrobe_0097.obj,252,28666,65.01587301587301,0.4921875,4.377825290164936,13.9970703125,0.1106036731292164,0.23070768200000202,0.45749709200003963
autoencoder,wardrobe/test/wardrobe_0098.obj,252,28620,65.01587301587301,0.4921875,4.362804878048781,13.974609375,0.08930099168812558,0.11670572999992146,0.27299116399990453
autoencoder,wardrobe/test/wardrobe_0099.obj,252,28738,65.01587301587301,0.4921875,4.388821014050092,14.0322265625,0.11573393242086273,0.1119517409999844,0.3156177110001863
autoencoder,wardrobe/test/wardrobe_0100.obj,252,28816,65.01587301587301,0.4921875,4.392682926829268,14.0703125,0.10016477035074967,0.06186684699991929,0.28773662600019634
autoencoder,wardrobe/test/wardrobe_0101.obj,250,28520,65.536,0.48828125,4.363525091799265,13.92578125,0.10632715873875967,0.12197182099998827,0.33954934300004425
autoencoder,wardrobe/test/wardrobe_0102.obj,248,28433,66.06451612903226,0.484375,4.382398273736128,13.88330078125,0.09315735469518807,0.0786720140001762,0.4603308030000335
autoencoder,wardrobe/test/wardrobe_0103.obj,252,28764,65.01587301587301,0.4921875,4.392791692119731,14.044921875,0.09828356543486849,0.05697196200003418,0.4500422870000875
autoencoder,wardrobe/test/wardrobe_0104.obj,252,28784,65.01587301587301,0.4921875,4.38780487804878,14.0546875,0.0998941357070624,0.17234970399999838,0.6354612180000458
autoencoder,wardrobe/test/wardrobe_0105.obj,252,28672,65.01587301587301,0.4921875,4.3707317073170735,14.0,0.09272897804060397,0.15287114500006282,0.20662106100007804
autoencoder,wardrobe/test/wardrobe_0106.obj,252,28730,65.01587301587301,0.4921875,4.379573170731708,14.0283203125,0.09201716547979658,0.048620886999970025,0.18449711300013405
autoencoder,wardrobe/test/wardrobe_0107.obj,252,28742,65.01587301587301,0.4921875,4.389431887599267,14.0341796875,0.10294591118404148,0.08694999400017878,0.2577273959998365
autoencoder,xbox/test/xbox_0104.obj,252,28719,65.01587301587301,0.4921875,4.369902617163725,14.02294921875,0.09058549753561321,0.08705399700011185,0.2240256610000415
autoencoder,xbox/test/xbox_0105.obj,252,28711,65.01587301587301,0.4921875,4.368685331710286,14.01904296875,0.07937874984720406,0.07608694400005334,0.45756494800002656
autoencoder,xbox/test/xbox_0106.obj,252,28610,65.01587301587301,0.4921875,4.353317102860621,13.9697265625,0.1263166876408981,0.07570653300012964,0.5140656220000892
autoencoder,xbox/test/xbox_0107.obj,252,28774,65.01587301587301,0.4921875,4.378271454656117,14.0498046875,0.07808574742121732,0.07933894400002828,0.38476874200000566
autoencoder,xbox/test/xbox_0108.obj,252,28612,65.01587301587301,0.4921875,4.377600979192167,13.970703125,0.11375597756870592,0.28534352399992713,0.5087453169999208
autoencoder,xbox/test/xbox_0109.obj,252,28683,65.01587301587301,0.4921875,4.36442483262325,14.00537109375,0.07863463451564628,0.05486952899991593,0.325992074999931
autoencoder,xbox/test/xbox_0110.obj,252,28752,65.01587301587301,0.4921875,4.3909590714722055,14.0390625,0.0861784059329119,0.06822669100006351,0.36573763800015513
autoencoder,xbox/test/xbox_0111.obj,252,28606,65.01587301587301,0.4921875,4.376682986536108,13.9677734375,0.11619480446669317,0.09791489700000966,0.2539010979999148
autoencoder,xbox/test/xbox_0112.obj,252,28720,65.01587301587301,0.4921875,4.370054777845405,14.0234375,0.10225929837836434,0.15954393200013328,0.2670873700001266
autoencoder,xbox/test/xbox_0113.obj,252,28732,65.01587301587301,0.4921875,4.379878048780488,14.029296875,0.07673122541365343,0.14044951400001082,0.41503508100004183
autoencoder,xbox/test/xbox_0114.obj,252,28762,65.01587301587301,0.4921875,4.384451219512195,14.0439453125,0.09368745845480264,0.08045112600007087,0.5948193320000428
autoencoder,xbox/test/xbox_0115.obj,252,28697,65.01587301587301,0.4921875,4.37454268292683,14.01220703125,0.11261161719466714,0.23829084299995884,0.6218920769999841
autoencoder,xbox/test/xbox_0116.obj,252,28735,65.01587301587301,0.4921875,4.380335365853658,14.03076171875,0.08333111692185986,0.1484865689999424,0.36529807300007633
autoencoder,xbox/test/xbox_0117.obj,252,28732,65.01587301587301,0.4921875,4.379878048780488,14.029296875,0.09152704575852125,0.14418842399982168,0.4946407969998745
autoencoder,xbox/test/xbox_0118.obj,252,28692,65.01587301587301,0.4921875,4.365794278758369,14.009765625,0.054758357960299986,0.16535800800011202,0.5095757960000356
autoencoder,xbox/test/xbox_0119.obj,252,28812,65.01587301587301,0.4921875,4.400122174709835,14.068359375,0.10312765639683297,0.1707828700000391,0.42001320500003203
autoencoder,xbox/test/xbox_0120.obj,252,28708,65.01587301587301,0.4921875,4.376219512195122,14.017578125,0.11161823537838281,0.09343149400001494,0.37988206099998933
autoencoder,xbox/test/xbox_0121.obj,252,28554,65.01587301587301,0.4921875,4.3929230769230765,13.9423828125,0.11598585886930272,0.15611315799992553,0.21084644400002617
autoencoder,xbox/test/xbox_0122.obj,252,28686,65.01587301587301,0.4921875,4.372865853658537,14.0068359375,0.11619195156687072,0.14635014800001045,0.31041578400004255
autoencoder,xbox/test/xbox_0123.obj,250,28543,65.536,0.48828125,4.367044063647491,13.93701171875,0.10355500603561932,0.12700212500021735,0.4035220579999077
