mesh_path,latent_dim,original_vertices,original_file_size_bytes,compression_ratio_file,compression_ratio_vertex,bpv,p2s_dist,chamfer_distance,hausdorff_distance,normal_deviation,compression_time_sec,decompression_time_sec
airplane/test/airplane_0627.obj,32,252,28667,6.162295786758383,7.875,4.063492063492063,0.01879469762883626,0.0008073437121380583,0.1719842788565704,82.20829430487575,0.1090042230000563,0.20187853300012648
airplane/test/airplane_0628.obj,32,248,28369,6.161815812337098,7.75,4.129032258064516,0.01829979486091352,0.000841519409573051,0.15467415612555402,85.4042803217675,0.11003408199985643,0.20951150199994117
airplane/test/airplane_0629.obj,32,252,28669,6.178663793103448,7.875,4.063492063492063,0.024969162144290007,0.001403314669369019,0.1752678882302826,91.12529951386884,0.11633628599997792,0.20281695499988928
airplane/test/airplane_0630.obj,32,252,28691,6.167454858125537,7.875,4.063492063492063,0.023555987237592946,0.0013116691467126127,0.18114925219411207,84.38889499714848,0.11738003300001765,0.19985912099991765
airplane/test/airplane_0631.obj,32,252,28673,6.1795258620689655,7.875,4.063492063492063,0.022317456402595102,0.0011314818953824736,0.18190381543635473,88.89842487127713,0.10238164799989136,0.20160545300018384
airplane/test/airplane_0632.obj,32,252,28675,6.164015477214101,7.875,4.063492063492063,0.02104292729637692,0.0010011946015482513,0.1731660227453293,87.80687424336432,0.10725560200012296,0.19825485000001208
airplane/test/airplane_0633.obj,32,252,28689,6.167024935511608,7.875,4.063492063492063,0.023812645832881313,0.0012988852359429874,0.18909364905679818,83.59279161766113,0.10446582800000215,0.19754930199997034
airplane/test/airplane_0634.obj,32,252,28637,6.22002606429192,7.875,4.063492063492063,0.03466903892156849,0.0027901309451016797,0.27237017048892903,84.97841758556254,0.12709130000007463,0.20428747200003272
airplane/test/airplane_0635.obj,32,252,28656,6.159931212381771,7.875,4.063492063492063,0.021166806976449636,0.0011401563213532212,0.18854278251149767,81.59587971611961,0.11054797399992822,0.2070194000000356
airplane/test/airplane_0636.obj,32,252,28682,6.197493517718237,7.875,4.063492063492063,0.02247095466146959,0.0012473424445476964,0.1769991007283105,86.98238860267566,0.11520594700004949,0.2026268939998772
airplane/test/airplane_0637.obj,32,252,28666,6.162080825451419,7.875,4.063492063492063,0.02180309607201733,0.0010881991277191256,0.16418505602506936,87.71452647269288,0.10674977999997282,0.20750376700016204
airplane/test/airplane_0638.obj,32,252,28654,6.159501289767841,7.875,4.063492063492063,0.019146827305775646,0.0009142203346250752,0.15940484557664128,82.28340531911721,0.1080527220001386,0.20610483299992666
airplane/test/airplane_0639.obj,32,252,28679,6.212954939341421,7.875,4.063492063492063,0.02956704252473629,0.0017944314801551216,0.17065755182087253,80.97197860966035,0.11394434499993622,0.19900148600004286
airplane/test/airplane_0640.obj,32,252,28695,6.1683147033533965,7.875,4.063492063492063,0.02226133550897877,0.0011543728894336095,0.17922635860095756,86.52193500700865,0.10461126800009879,0.20352644400009012
airplane/test/airplane_0641.obj,32,252,28686,6.166380051590713,7.875,4.063492063492063,0.021419505552732566,0.001008130867296728,0.1509525517889266,84.14387554256815,0.12755845800006682,0.2059683480001695
airplane/test/airplane_0642.obj,32,252,28699,6.169174548581255,7.875,4.063492063492063,0.01801652408893934,0.0008110094757900167,0.15703624570688324,88.98811650451441,0.11503772199989726,0.21144146899996485
airplane/test/airplane_0643.obj,32,252,28681,6.213388214904679,7.875,4.063492063492063,0.02643255626577919,0.0016413701966772024,0.21872654925400953,85.24129620310765,0.15293324999993274,0.6003829769999811
airplane/test/airplane_0644.obj,32,252,28682,6.165520206362855,7.875,4.063492063492063,0.02375579818142529,0.0013621686394827905,0.18453402971295516,87.57592930043639,0.30529865499988773,0.5823744100000567
airplane/test/airplane_0645.obj,32,252,28651,6.158856405846947,7.875,4.063492063492063,0.028908127033520567,0.001902979304627548,0.22061902587593263,104.72405404941782,0.3339989260000493,0.3758080779998636
airplane/test/airplane_0646.obj,32,252,28678,6.196629213483146,7.875,4.063492063492063,0.0267218318464248,0.001707055655462194,0.17177786271571557,83.08356788540188,0.33013555999991695,0.44621899399999165
airplane/test/airplane_0647.obj,32,248,28403,6.185322299651568,7.75,4.129032258064516,0.023520088252484427,0.0013785911892221162,0.2174177128032192,83.55684506827781,0.4697359339998002,0.5207852540002023
airplane/test/airplane_0648.obj,32,252,28671,6.163155631986243,7.875,4.063492063492063,0.021306046602586372,0.0012561870477169458,0.201872204422673,88.81374136965323,0.24073399200005952,0.3656254490001629
airplane/test/airplane_0649.obj,32,248,28414,6.171589921807124,7.75,4.129032258064516,0.027917792393991545,0.001737679389722224,0.19356145830757515,79.15580613253809,0.1495060080001167,0.3672747939999681
airplane/test/airplane_0650.obj,32,252,28662,6.177155172413793,7.875,4.063492063492063,0.02037350306591127,0.0010632647193851582,0.17695206854981477,89.02728070945788,0.19569838400002482,0.30414276200008317
airplane/test/airplane_0651.obj,32,252,28664,6.177586206896552,7.875,4.063492063492063,0.02182043722454946,0.0011879016794261936,0.18474786358916392,75.46782708500808,0.12287335500013796,0.27933163600005173
airplane/test/airplane_0652.obj,32,248,28418,6.172458731537793,7.75,4.129032258064516,0.021062457816889348,0.000969951712535115,0.15221219216741144,83.53089260621098,0.1630068739998478,0.2211873359999572
airplane/test/airplane_0653.obj,32,250,28559,6.186958405545927,7.8125,4.096,0.021654177040090403,0.0013290593353892616,0.22115837918398215,86.6437313492713,0.15562544099998377,0.30878772600021875
airplane/test/airplane_0654.obj,32,252,28645,6.173491379310345,7.875,4.063492063492063,0.020472896747505635,0.0011369426835448546,0.19109025478932265,86.25659015092191,0.12318302199992104,0.218947708000087
airplane/test/airplane_0655.obj,32,248,28342,6.155951346655082,7.75,4.129032258064516,0.03463953594211794,0.003196055827315632,0.3092354732596306,85.91896396399605,0.10606948999998167,0.20461104199989677
airplane/test/airplane_0656.obj,32,252,28644,6.157351676698195,7.875,4.063492063492063,0.024320084624675276,0.0016461548834310897,0.20470544928120388,83.87639711794858,0.09666131799986033,0.21233779299996058
airplane/test/airplane_0657.obj,32,252,28604,6.164655172413793,7.875,4.063492063492063,0.015400691031064562,0.00047259272131094183,0.11586816649573801,77.56431197217559,0.0904718930000854,0.19904396899983112
airplane/test/airplane_0658.obj,32,252,28656,6.175862068965517,7.875,4.063492063492063,0.021875343581129747,0.0012184364893014187,0.17916379704038096,101.72510998197619,0.11630191299991566,0.2834034029999657
airplane/test/airplane_0659.obj,32,252,28657,6.160146173688736,7.875,4.063492063492063,0.023706876534906413,0.0013186809151991786,0.16146983983631916,85.42096427335821,0.2632459290000497,0.7719544880001195
airplane/test/airplane_0660.obj,32,252,28669,6.178663793103448,7.875,4.063492063492063,0.02450298177867903,0.001315129381267746,0.16554219439442652,76.57816701640648,0.2297129710000263,0.28418444199996884
airplane/test/airplane_0661.obj,32,252,28681,6.16530524505589,7.875,4.063492063492063,0.028154195734286114,0.0017188925285833833,0.23863381007381687,91.58878853183282,0.1872187409999242,0.27354594400003407
airplane/test/airplane_0662.obj,32,248,28368,6.177700348432055,7.75,4.129032258064516,0.027912151907083876,0.0020603505342341546,0.24652047588568338,76.79532968748242,0.25171621200001937,0.3194330669998635
airplane/test/airplane_0663.obj,32,252,28658,6.160361134995701,7.875,4.063492063492063,0.02251709707328315,0.0014198781213153196,0.17314475585654596,83.56909363377613,0.22702354300008665,0.33083134900016375
airplane/test/airplane_0664.obj,32,248,28390,6.16637706342311,7.75,4.129032258064516,0.020470699784489742,0.0011122463146862453,0.18758686381048126,80.65042985020963,0.15681420000009894,0.46584810900003504
airplane/test/airplane_0665.obj,32,248,28392,6.182926829268292,7.75,4.129032258064516,0.0217921924039221,0.0011318796973085617,0.2057458295648775,80.16248040912927,0.17573901100013245,0.3029876369998874
airplane/test/airplane_0666.obj,32,252,28645,6.189498703543648,7.875,4.063492063492063,0.03471100364718678,0.002589782595509866,0.2118422007735034,89.04153339033124,0.14881096700014496,0.5010468119999132
airplane/test/airplane_0667.obj,32,248,28411,6.170938314509122,7.75,4.129032258064516,0.020505038126794863,0.0009645311778411678,0.17397067101466326,84.6593327983642,0.19248019200017552,0.2929773060000116
airplane/test/airplane_0668.obj,32,252,28683,6.165735167669819,7.875,4.063492063492063,0.024330465576528296,0.0013736708244665228,0.1787372636027118,89.9719656881218,0.17164179499991405,0.5647693939999954
airplane/test/airplane_0669.obj,32,248,28410,6.186846689895471,7.75,4.129032258064516,0.024357229307350466,0.0013019897351708978,0.195680552465273,82.31595908132232,0.19392434200017306,0.4486866629999895
airplane/test/airplane_0670.obj,32,252,28648,6.174137931034482,7.875,4.063492063492063,0.02927416803634692,0.0020789667441677216,0.23619752668963453,101.1973907425778,0.12300819600000068,0.1794872270002088
airplane/test/airplane_0671.obj,32,252,28661,6.161006018916595,7.875,4.063492063492063,0.03228580673405579,0.0024250062336210482,0.22725055581774703,88.79707360872615,0.11805781200018828,0.18280247699999563
airplane/test/airplane_0672.obj,32,252,28661,6.161006018916595,7.875,4.063492063492063,0.023564003168768603,0.0013059239679340197,0.1845014027032609,78.18356915819746,0.1006861809999009,0.17600201699997342
airplane/test/airplane_0673.obj,32,252,28668,6.178448275862069,7.875,4.063492063492063,0.019984957528665713,0.0011536981606138344,0.20894020377657066,81.35538072478388,0.08442439899999954,0.18139109000003373
airplane/test/airplane_0674.obj,32,252,28666,6.17801724137931,7.875,4.063492063492063,0.03479751675661287,0.0026327849240602476,0.21861487523819337,87.63822315422067,0.0746076919999723,0.18745516199987833
airplane/test/airplane_0675.obj,32,252,28649,6.174353448275862,7.875,4.063492063492063,0.01388778589171782,0.00047114615127975736,0.13182836152188737,90.91956796553094,0.1990641240001878,0.4441844680000031
airplane/test/airplane_0676.obj,32,252,28685,6.182112068965517,7.875,4.063492063492063,0.024955638351049466,0.0014277772177223409,0.19806894659425864,87.03659882547163,0.2866375799999332,0.6004905629999939
airplane/test/airplane_0677.obj,32,252,28634,6.187121866897148,7.875,4.063492063492063,0.03096071966778298,0.0021405818921207487,0.18653788813037295,84.71724663434541,0.33410066400006144,0.6275730569998359
airplane/test/airplane_0678.obj,32,252,28665,6.161865864144454,7.875,4.063492063492063,0.024705511819611274,0.0014673453516827024,0.197611586400304,87.27222498165995,0.28980364599988206,0.5479409560000477
airplane/test/airplane_0679.obj,32,244,28152,6.17910447761194,7.625,4.19672131147541,0.023508929174200013,0.0013399061574167152,0.19111215395430417,82.77139760614745,0.2695283529999415,0.4067180689999077
airplane/test/airplane_0680.obj,32,252,28657,6.176077586206897,7.875,4.063492063492063,0.024570283502619233,0.00137785363114265,0.18406967450733103,85.20369034689837,0.22947399800000312,0.43445598299990706
airplane/test/airplane_0681.obj,32,252,28687,6.1665950128976785,7.875,4.063492063492063,0.024455981250361275,0.0013770829938942457,0.1801643545194197,84.36970818130001,0.13772909699991942,0.4481222340000386
airplane/test/airplane_0682.obj,32,252,28676,6.180172413793104,7.875,4.063492063492063,0.018801103248236556,0.0010627402755386626,0.19078512524295485,87.50372076600769,0.14610962899996593,0.3153197659999023
airplane/test/airplane_0683.obj,32,246,28226,6.211707746478873,7.6875,4.162601626016261,0.033212311586254484,0.0022510408191333655,0.20239172457041832,96.3352274705381,0.16331429999991087,0.28087356099990757
airplane/test/airplane_0684.obj,32,250,28523,6.195264986967854,7.8125,4.096,0.02218198054218461,0.0012898646788289177,0.21948920791648255,84.23833439848458,0.14527866599996742,0.3163190459999896
airplane/test/airplane_0685.obj,32,252,28673,6.1955488331892825,7.875,4.063492063492063,0.026773717230970228,0.001603710525827867,0.1858330881466113,92.62383461667915,0.09795108599996638,0.37015327399990383
airplane/test/airplane_0686.obj,32,252,28676,6.180172413793104,7.875,4.063492063492063,0.02480503616962822,0.0014776918982675655,0.18030759657755072,94.91393985080192,0.18623754400005055,0.34130514499997844
airplane/test/airplane_0687.obj,32,252,28675,6.195980985306828,7.875,4.063492063492063,0.019749164864927324,0.0010822170263850579,0.2029745407134306,89.99373686668235,0.1999898519998169,0.3186413430000812
airplane/test/airplane_0688.obj,32,252,28657,6.176077586206897,7.875,4.063492063492063,0.029392031846170986,0.0018726769239367181,0.21942890070729879,82.99633345812103,0.10103658699995322,0.2530792949999068
airplane/test/airplane_0689.obj,32,252,28681,6.197277441659464,7.875,4.063492063492063,0.021039417673567075,0.0011660489215715379,0.2109090226884621,85.06176730379889,0.12149960399983684,0.2081971339998745
airplane/test/airplane_0690.obj,32,252,28666,6.162080825451419,7.875,4.063492063492063,0.02241226860905001,0.0011311295062878006,0.18818703697491532,90.03830964998846,0.17664912099985486,0.2568019139998796
airplane/test/airplane_0691.obj,32,252,28687,6.182543103448276,7.875,4.063492063492063,0.022052536056723394,0.0012234530319388745,0.1787179548667773,82.3323511749071,0.08396055399998659,0.24040160599997762
airplane/test/airplane_0692.obj,32,252,28662,6.177155172413793,7.875,4.063492063492063,0.0216220216845468,0.0012369377752132612,0.18498104583990477,95.42597902983931,0.3508587970000008,0.4814110160000382
airplane/test/airplane_0693.obj,32,252,28679,6.180818965517242,7.875,4.063492063492063,0.02699312460749259,0.0016738426108348571,0.19464125124147066,81.0505950918836,0.24818748999996387,0.3716324590000113
airplane/test/airplane_0694.obj,32,252,28644,6.157351676698195,7.875,4.063492063492063,0.02201864346654025,0.001189602015111071,0.20019564566166995,87.34884985867413,0.19448869300003935,0.27275904099997206
airplane/test/airplane_0695.obj,32,252,28645,6.157566638005159,7.875,4.063492063492063,0.02033647674711811,0.000941110596946564,0.17687254388514048,80.05455200797797,0.22416815200017481,0.41381531900015034
airplane/test/airplane_0696.obj,32,252,28645,6.157566638005159,7.875,4.063492063492063,0.03405815048749809,0.0024640332107003955,0.1762436489725038,84.51398361187256,0.1320476900000358,0.3211172979999901
airplane/test/airplane_0697.obj,32,252,28657,6.240635888501743,7.875,4.063492063492063,0.02113601372379665,0.0010766057641398662,0.17817525388093153,84.8988805109822,0.22373422700002266,0.2106610850000834
airplane/test/airplane_0698.obj,32,252,28675,6.164015477214101,7.875,4.063492063492063,0.02095966956256274,0.001327999476700613,0.20623473361378125,84.85056827946431,0.11259199999994962,0.3713201040000058
airplane/test/airplane_0699.obj,32,248,28397,6.167897480451781,7.75,4.129032258064516,0.021505479798520542,0.0012417737282566911,0.18290382758619161,88.5348792784419,0.10582885799999531,0.22988245900000948
airplane/test/airplane_0700.obj,32,252,28681,6.213388214904679,7.875,4.063492063492063,0.019352534311626285,0.0009158020077413046,0.1618356219367307,84.0196301908353,0.15719892399988566,0.27620411800012334
airplane/test/airplane_0701.obj,32,248,28411,6.187064459930314,7.75,4.129032258064516,0.018041928002285677,0.0008309996953281061,0.1762204961437773,83.01482309556285,0.07484911999995347,0.3524787320000087
airplane/test/airplane_0702.obj,32,252,28656,6.191875540190147,7.875,4.063492063492063,0.02112714062814331,0.0010707678134563871,0.1625726426370217,80.38768639598487,0.19578888499995628,0.3632638860001407
airplane/test/airplane_0703.obj,32,248,28402,6.1689834926151175,7.75,4.129032258064516,0.020184756092418984,0.0010432317074430299,0.17454502094597135,88.40901814800674,0.15056145600010495,0.23558517400010714
airplane/test/airplane_0704.obj,32,252,28666,6.194036300777873,7.875,4.063492063492063,0.023480377041827493,0.0013787628568682384,0.22356540351046125,84.21094328951034,0.11389812599986726,0.4505649469999753
airplane/test/airplane_0705.obj,32,252,28647,6.189930855661193,7.875,4.063492063492063,0.022262868344329056,0.001212014588958853,0.1734260303248217,82.24143887829976,0.19718011200006913,0.29223003800007064
airplane/test/airplane_0706.obj,32,252,28658,6.160361134995701,7.875,4.063492063492063,0.025101837172745882,0.0016114806699410408,0.20917406927424084,89.96275275443438,0.07695189799983382,0.17215160099999594
airplane/test/airplane_0707.obj,32,252,28631,6.154557179707653,7.875,4.063492063492063,0.033164111055745626,0.002369370362248958,0.18831185161818698,92.67986888093084,0.1793888509998851,0.3506120130000454
airplane/test/airplane_0708.obj,32,252,28674,6.163800515907137,7.875,4.063492063492063,0.02393571004670267,0.0013291153246105143,0.20107325426114234,92.79600633472924,0.13518354100006036,0.2974628950000806
airplane/test/airplane_0709.obj,32,248,28408,6.2026200873362445,7.75,4.129032258064516,0.02110887734932225,0.0009372351101056799,0.14008173484507275,84.66560577658171,0.20385702700014008,0.4583833939998385
airplane/test/airplane_0710.obj,32,252,28675,6.164015477214101,7.875,4.063492063492063,0.023576537677174048,0.0012733988330475203,0.20708109600625418,89.95506595743169,0.1407068529999833,0.3860368120001567
airplane/test/airplane_0711.obj,32,248,28414,6.203930131004367,7.75,4.129032258064516,0.019897487151660335,0.0010846059367161914,0.17702123331023545,84.8395053749224,0.1687398619999385,0.3936304220001148
airplane/test/airplane_0712.obj,32,248,28408,6.170286707211121,7.75,4.129032258064516,0.01901728122879114,0.0008374978246432509,0.16036714960847423,84.83494595358316,0.2220654929999455,0.2673634170000696
airplane/test/airplane_0713.obj,32,252,28664,6.193604148660328,7.875,4.063492063492063,0.02250244784182895,0.001365993971932796,0.20543287707081317,83.82655819838811,0.10955726399993182,0.30681728300010036
airplane/test/airplane_0714.obj,32,252,28655,6.159716251074807,7.875,4.063492063492063,0.020619702240878786,0.0010216301198745614,0.17972396065322638,85.4508463981481,0.14969639099990673,0.37802783199981604
airplane/test/airplane_0715.obj,32,248,28427,6.190548780487805,7.75,4.129032258064516,0.022438888153310764,0.001126813947594583,0.1699696098188645,92.8228117403498,0.2025555699999586,0.2738768629999413
airplane/test/airplane_0716.obj,32,252,28664,6.161650902837489,7.875,4.063492063492063,0.02407523079423411,0.0013013695882851466,0.19242803203978281,87.5948553965519,0.23423788399986734,0.30029274999992595
airplane/test/airplane_0717.obj,32,252,28666,6.194036300777873,7.875,4.063492063492063,0.025455019102549784,0.0017173058313827083,0.1964693957215829,80.93848480443957,0.1211717779999617,0.2824773099998765
airplane/test/airplane_0718.obj,32,252,28664,6.177586206896552,7.875,4.063492063492063,0.02131852661604687,0.0012694742119144582,0.19741007519337883,86.98044664523785,0.17306707700004154,0.20603537700003471
airplane/test/airplane_0719.obj,32,248,28387,6.198034934497817,7.75,4.129032258064516,0.017722112342354154,0.0008160922642857971,0.17702769300165674,84.99733638228162,0.14989540800002032,0.22168287599993164
airplane/test/airplane_0720.obj,32,252,28658,6.160361134995701,7.875,4.063492063492063,0.022925471209977726,0.0012495663367024035,0.17268775913125217,81.78395079961399,0.13029111400010152,0.24164856099991994
airplane/test/airplane_0721.obj,32,252,28658,6.1923076923076925,7.875,4.063492063492063,0.024404814542638893,0.0014394960404971418,0.18553168626910185,88.38711756878843,0.08570875300006264,0.20518557100012913
airplane/test/airplane_0722.obj,32,250,28496,6.1894005212858385,7.8125,4.096,0.02102467436960835,0.0011414745512786193,0.20248433514131348,90.7731324339707,0.0945085470000322,0.2223459100000582
airplane/test/airplane_0723.obj,32,252,28653,6.175215517241379,7.875,4.063492063492063,0.029112584901673393,0.002009095249014241,0.21057069572629492,90.8595926985187,0.13208348099988143,0.19208802000002834
airplane/test/airplane_0724.obj,32,252,28679,6.196845289541919,7.875,4.063492063492063,0.021809057993991462,0.0011522511782187095,0.14442409447605598,85.00265027755937,0.12650606400006836,0.4249936379999326
airplane/test/airplane_0725.obj,32,252,28648,6.174137931034482,7.875,4.063492063492063,0.034623398406956066,0.002394802409531635,0.1854268470738182,90.08433193362026,0.1989150829999744,0.3704766779999318
airplane/test/airplane_0726.obj,32,252,28620,6.168103448275862,7.875,4.063492063492063,0.02707120180520514,0.001671326637392345,0.16387205467916166,84.2038435707164,0.19180801999982577,0.789172643000029
bathtub/test/bathtub_0107.obj,32,252,28622,6.1526225279449696,7.875,4.063492063492063,0.03752217226618805,0.0029314372394487523,0.18574963322372534,86.39237453115877,0.23618392299999869,0.25416101700011495
bathtub/test/bathtub_0108.obj,32,252,28640,6.188418323249784,7.875,4.063492063492063,0.04209201003356512,0.0060002840033315345,0.8724810254708171,82.51894875657295,0.2065459059999739,0.4908508680000523
bathtub/test/bathtub_0109.obj,32,252,28659,6.160576096302665,7.875,4.063492063492063,0.0307767309704192,0.002258099620558722,0.4505982685170966,86.93860793976509,0.20627052300005744,0.48379467199993087
bathtub/test/bathtub_0110.obj,32,252,28595,6.1468185726569216,7.875,4.063492063492063,0.050220098987784734,0.008417663577065953,0.7435414420733346,87.96002763305745,0.13289232099987203,0.36248621699996875
bathtub/test/bathtub_0111.obj,32,252,28628,6.169827586206897,7.875,4.063492063492063,0.037241176597807214,0.0041793424531349176,0.7191108070127263,79.59766899172507,0.12336159100004807,0.39719860300010623
bathtub/test/bathtub_0112.obj,32,252,28645,6.189498703543648,7.875,4.063492063492063,0.051925649811890684,0.008363116096445996,0.8174644678861522,85.2514032131964,0.24273446799998055,0.28661624999995183
bathtub/test/bathtub_0113.obj,32,252,28696,6.200518582541054,7.875,4.063492063492063,0.10983276226006371,0.03774836153858526,1.1259193021297387,85.75535395599104,0.12545132200011722,0.24555417400006263
bathtub/test/bathtub_0114.obj,32,238,27785,6.213103756708408,7.4375,4.302521008403361,0.04590252335410172,0.004557161354156583,0.24806918727125682,88.19225458814068,0.15455834900012633,0.3842101380000713
bathtub/test/bathtub_0115.obj,32,252,28621,6.152407566638005,7.875,4.063492063492063,0.11321368016489075,0.04743921136743911,1.357425635882855,86.12778844290293,0.1289219459999913,0.294725587999892
bathtub/test/bathtub_0116.obj,32,252,28673,6.163585554600172,7.875,4.063492063492063,0.03430932280739116,0.0030498847569972354,0.20045693459393532,86.93704000018954,0.08133947800001806,0.22620115300014731
bathtub/test/bathtub_0117.obj,32,252,28642,6.172844827586207,7.875,4.063492063492063,0.061339248118011676,0.00823471960416326,0.29212867464368175,80.50830971110423,0.09570243299981485,0.3353888189999452
bathtub/test/bathtub_0118.obj,32,252,28701,6.169604471195185,7.875,4.063492063492063,0.04281510035799222,0.005140022179616328,0.6955860338570071,88.34374100726036,0.25023370399981104,0.19740520499999548
bathtub/test/bathtub_0119.obj,32,252,28649,6.1584264832330184,7.875,4.063492063492063,0.05662569690742249,0.006124165076327681,0.248565474702758,87.03754572596421,0.2478925650000292,0.2820213420000073
bathtub/test/bathtub_0120.obj,32,250,28475,6.15276577355229,7.8125,4.096,0.05190301981835234,0.009369666393691238,0.8234786845424648,81.07656408437146,0.17648889600013717,0.34297539100020913
bathtub/test/bathtub_0121.obj,32,252,28683,6.181681034482758,7.875,4.063492063492063,0.04516456675778959,0.008571932986163657,0.9071991046793368,87.40422900535766,0.218421213000056,0.4946594580001147
bathtub/test/bathtub_0122.obj,32,252,28680,6.165090283748925,7.875,4.063492063492063,0.045217149686241104,0.004274307379406773,0.20307808614457581,87.79208608858382,0.25336474100004125,0.6163712019999821
bathtub/test/bathtub_0123.obj,32,252,28557,6.154525862068965,7.875,4.063492063492063,0.15132103034407685,0.059797218132147494,1.1770541453100654,89.83835097272099,0.3083340410000801,0.4708669589999772
bathtub/test/bathtub_0124.obj,32,252,28727,6.223353552859619,7.875,4.063492063492063,0.06869585635968552,0.015089175723558727,0.8661560453156375,89.23233434173622,0.36327208900002006,0.5211718830000791
bathtub/test/bathtub_0125.obj,32,252,28669,6.194684528954192,7.875,4.063492063492063,0.08648067927498171,0.02833776601051923,1.3998608163109822,83.9508031910876,0.3211468879999302,0.3012117579999085
bathtub/test/bathtub_0126.obj,32,252,28697,6.184698275862069,7.875,4.063492063492063,0.03556097477467096,0.0031136196769867034,0.4591561478145197,84.40475248348466,0.1654068240000015,0.22821142199995847
bathtub/test/bathtub_0127.obj,32,252,28602,6.148323301805675,7.875,4.063492063492063,0.030707935849038432,0.0023689537749922197,0.4648593307491449,76.27730216030055,0.19857241599993358,0.30775390799999514
bathtub/test/bathtub_0128.obj,32,252,28660,6.1607910576096305,7.875,4.063492063492063,0.031209171246949954,0.002405404955065528,0.23410132671832715,85.03082234994821,0.12637262799989912,0.3303773559998717
bathtub/test/bathtub_0129.obj,32,252,28638,6.1560619088564055,7.875,4.063492063492063,0.27206141857399985,0.1447811761720203,1.118863816122133,93.00258510158244,0.11793617200009976,0.4727793819999988
bathtub/test/bathtub_0130.obj,32,252,28668,6.1625107480653485,7.875,4.063492063492063,0.03612963745314897,0.0025103342951357695,0.1726088010751299,78.11292280461902,0.18521832999999788,0.27781398700017235
bathtub/test/bathtub_0131.obj,32,250,28500,6.158167675021607,7.8125,4.096,0.04176165539821296,0.005924826682023112,0.7544397554309894,88.1648104045861,0.1706872319998638,0.1951994289997856
bathtub/test/bathtub_0132.obj,32,252,28611,6.166163793103448,7.875,4.063492063492063,0.07311244263851012,0.022825227131951203,1.1474187258498285,78.28611421237406,0.09303507100003117,0.22508315899995068
bathtub/test/bathtub_0133.obj,32,252,28604,6.148753224419605,7.875,4.063492063492063,0.07373470409590056,0.025621152952565972,1.1652577259877612,89.30274145576395,0.0940058040000622,0.3318552810001165
bathtub/test/bathtub_0134.obj,32,252,28631,6.170474137931034,7.875,4.063492063492063,0.1214971114037299,0.07743964514352403,1.9184925968344015,82.97281458456817,0.21055606400000215,0.4898209619998397
bathtub/test/bathtub_0135.obj,32,252,28702,6.185775862068965,7.875,4.063492063492063,0.036085715118031485,0.002835361001557365,0.18465920998515822,89.74151579623282,0.15645216999996592,0.38440276899996206
bathtub/test/bathtub_0136.obj,32,252,28675,6.164015477214101,7.875,4.063492063492063,0.042823646887388156,0.004578255449077959,0.24908693900651546,89.37373780526046,0.15462490499999149,0.365279628000053
bathtub/test/bathtub_0137.obj,32,252,28621,6.152407566638005,7.875,4.063492063492063,0.05582842338749954,0.011696112498297747,0.8178501962404272,87.59523245905187,0.21617519500000526,0.41833271100017555
bathtub/test/bathtub_0138.obj,32,252,28688,6.166809974204643,7.875,4.063492063492063,0.02482867902889225,0.0013916511174926342,0.17334018188891703,83.17712898059645,0.28480409700000564,0.2534843329999603
bathtub/test/bathtub_0139.obj,32,252,28734,6.176698194325022,7.875,4.063492063492063,0.029579423600716172,0.002013570261312782,0.14929166273172742,95.5488523799136,0.11907667599984961,0.20105499399983273
bathtub/test/bathtub_0140.obj,32,252,28624,6.153052450558899,7.875,4.063492063492063,0.043273903980222225,0.004341610378948233,0.24890447610059496,84.40661899495976,0.0922193999999763,0.19583898899986707
bathtub/test/bathtub_0141.obj,32,232,27414,6.21350861287398,7.25,4.413793103448276,0.029928328797189187,0.0021874942264688744,0.2988085703561883,88.90738214381494,0.07626362199994219,0.21536149400003524
bathtub/test/bathtub_0142.obj,32,252,28628,6.153912295786759,7.875,4.063492063492063,0.04449786044808046,0.004101193655470126,0.2047791247930949,84.97675511076027,0.08511277699994935,0.25836489800008167
bathtub/test/bathtub_0143.obj,32,252,28637,6.17176724137931,7.875,4.063492063492063,0.04098447946364432,0.003902638143886559,0.3811948797635081,86.53425723245202,0.08332948400015994,0.2570821110000452
bathtub/test/bathtub_0144.obj,32,252,28646,6.1737068965517246,7.875,4.063492063492063,0.04666399387666648,0.004914479428860188,0.5446356300359352,88.79466711254524,0.11658979000003455,0.23499566599980426
bathtub/test/bathtub_0145.obj,32,252,28639,6.172198275862069,7.875,4.063492063492063,0.05954033238849031,0.006428620402894638,0.23697425323027962,79.84869485197945,0.2288085669999873,0.3835713539999688
bathtub/test/bathtub_0146.obj,32,238,27757,6.190231935771632,7.4375,4.302521008403361,0.03032674765873737,0.002183231192036275,0.28791587053108075,85.17245343061697,0.297404454999878,0.3851137829999516
bathtub/test/bathtub_0147.obj,32,252,28653,6.2073223570190645,7.875,4.063492063492063,0.06456418853583752,0.010030795466948631,0.6196217718287261,95.98328146173986,0.11745797799994762,0.24875156000007337
bathtub/test/bathtub_0148.obj,32,252,28638,6.1560619088564055,7.875,4.063492063492063,0.04965905061078401,0.004736370267474891,0.21160181086276858,82.70416492280526,0.24600998999994772,0.3712610800000675
bathtub/test/bathtub_0149.obj,32,252,28666,6.162080825451419,7.875,4.063492063492063,0.04033616250267999,0.003463954798817573,0.2147796050541218,81.75828107545158,0.27641319300005307,0.45853048700018917
bathtub/test/bathtub_0150.obj,32,252,28636,6.155631986242477,7.875,4.063492063492063,0.04872713022314956,0.00491314577020498,0.21882100376284558,85.95635302277378,0.07229153399998722,0.29172657999993135
bathtub/test/bathtub_0151.obj,32,252,28636,6.155631986242477,7.875,4.063492063492063,0.06294118717102792,0.010289347186430963,1.019961464031959,84.99949821085713,0.11611154100000931,0.37755953700002465
bathtub/test/bathtub_0152.obj,32,252,28676,6.1642304385210664,7.875,4.063492063492063,0.032772708693369984,0.0031051875362176147,0.40729753742052127,84.19883211006905,0.2624213690000943,0.3747606439999345
bathtub/test/bathtub_0153.obj,32,250,28489,6.155790838375108,7.8125,4.096,0.03799626459334292,0.0029664905361764756,0.2220743394791961,89.69197243872242,0.2254407490001995,0.3243331189999026
bathtub/test/bathtub_0154.obj,32,252,28676,6.228496959165943,7.875,4.063492063492063,0.03739539300581242,0.004333948115539636,0.7038972241767771,88.32254467698812,0.16798453699993843,0.43674571700012166
bathtub/test/bathtub_0155.obj,32,252,28636,6.155631986242477,7.875,4.063492063492063,0.05402171474027134,0.005583081663158926,0.2249270501385136,85.37895020604998,0.16653925399987202,0.5126092959999369
bathtub/test/bathtub_0156.obj,32,252,28700,6.185344827586207,7.875,4.063492063492063,0.035264903311630263,0.002651992859513292,0.1904991868995884,85.87163405567331,0.13718315299979622,0.35077304099991125
bed/test/bed_0516.obj,32,250,28560,6.171132238547969,7.8125,4.096,0.05884235432570019,0.009655619349856842,0.7509187994704806,86.44540164585467,0.26623863700001493,0.3415045500000815
bed/test/bed_0517.obj,32,248,28419,6.205021834061135,7.75,4.129032258064516,0.03219950326487759,0.0025238060110158002,0.3244780168630978,88.32188664800499,0.13940179199994418,0.25767650700004197
bed/test/bed_0518.obj,32,252,28584,6.1444539982803095,7.875,4.063492063492063,0.09979516824688665,0.051828452540363945,1.5336861043036851,80.85214539476203,0.07355114200004209,0.19135588200015263
bed/test/bed_0519.obj,32,252,28738,6.19353448275862,7.875,4.063492063492063,0.08395519180709399,0.032786415430935766,1.3457440135906233,107.84490211351834,0.2645702669999537,0.25647317100015243
bed/test/bed_0520.obj,32,252,28721,6.222053726169844,7.875,4.063492063492063,0.035154272698561376,0.006429272632862932,0.8549964246335748,103.67221839814394,0.09822249000012562,0.19137051400002747
bed/test/bed_0521.obj,32,250,28570,6.1893414211438476,7.8125,4.096,0.04834643221538536,0.006005624520116717,0.6081939826368805,85.26212729614737,0.08286947300007341,0.24377258799995616
bed/test/bed_0522.obj,32,252,28729,6.207649092480553,7.875,4.063492063492063,0.040887766650555796,0.0038883478032516365,0.5296599298355774,111.91156430202611,0.24808722199986732,0.4310654280000108
bed/test/bed_0523.obj,32,252,28632,6.186689714779602,7.875,4.063492063492063,0.09393063397613306,0.03618549831825654,1.5312137987566252,80.54366305157092,0.24835706399994706,0.3292658240000037
bed/test/bed_0524.obj,32,250,28478,6.153414001728608,7.8125,4.096,0.038562984685966584,0.00807036450030344,0.9661307868427796,87.1919453538175,0.23543973999994705,0.4638160980000521
bed/test/bed_0525.obj,32,252,28750,6.180137575236458,7.875,4.063492063492063,0.03713900281577329,0.0047837022499862035,0.7981842162259507,91.15353389594608,0.1496128050000607,0.24036708399989948
bed/test/bed_0526.obj,32,252,28729,6.191594827586207,7.875,4.063492063492063,0.05125870304475327,0.01701086938111734,1.2245012775461102,96.8069903966024,0.19467702900010408,0.40139711899996655
bed/test/bed_0527.obj,32,252,28718,6.221403812824956,7.875,4.063492063492063,0.07183161565020214,0.020123059630765737,1.3577191161027828,103.38549300149074,0.24799188999986654,0.3706069630000002
bed/test/bed_0528.obj,32,252,28809,6.241117850953207,7.875,4.063492063492063,0.0368079089434732,0.003078715598740215,0.6679228002504347,111.27791139590704,0.1805457360001128,0.22527171799993084
bed/test/bed_0529.obj,32,252,28700,6.201382886776146,7.875,4.063492063492063,0.050732617269810626,0.006844697034375687,0.8101341377370681,89.66632964466001,0.13023130200008382,0.3100548750001053
bed/test/bed_0530.obj,32,252,28705,6.170464316423044,7.875,4.063492063492063,0.12422721003403688,0.06328065142027926,1.38957025156661,82.6411643630741,0.09853267700009383,0.3245573740000509
bed/test/bed_0531.obj,32,252,28693,6.199870354364736,7.875,4.063492063492063,0.04152141694513933,0.00357313761535245,0.476130795383337,98.1849685103227,0.14699844100005066,0.3454005359999428
bed/test/bed_0532.obj,32,252,28726,6.174978503869304,7.875,4.063492063492063,0.08577530004050907,0.03866771139251195,1.3943221201706077,94.65967925342301,0.20143995000012183,0.5107049979999374
bed/test/bed_0533.obj,32,252,28657,6.19209161624892,7.875,4.063492063492063,0.07040526847550505,0.022061052641416765,0.9718344686752584,94.64506251329553,0.1328920260000359,0.45152115599989884
bed/test/bed_0534.obj,32,222,26624,6.203168685927307,6.9375,4.612612612612613,0.02714180935646996,0.001760140152388755,0.18469832252755936,90.94848709697689,0.2324780250000913,0.46612965799999984
bed/test/bed_0535.obj,32,248,28386,6.165508253692441,7.75,4.129032258064516,0.23623240370238216,0.12962107681139365,1.217824669098957,89.0363125684683,0.2457175809997807,0.45840672000008453
bed/test/bed_0536.obj,32,252,28696,6.18448275862069,7.875,4.063492063492063,0.03499255855403572,0.0030037730030153652,0.3959265010624517,80.77335533715132,0.2053774030000568,0.2738651800000298
bed/test/bed_0537.obj,32,244,28127,6.239352262644188,7.625,4.19672131147541,0.06131534437320261,0.021299041570570755,0.9731358100435044,92.83027155394589,0.14406549399996038,0.2883861220000199
bed/test/bed_0538.obj,32,252,28716,6.188793103448276,7.875,4.063492063492063,0.06618493740454891,0.014157205490313672,1.1502592302288894,99.79576430288452,0.13822505699999965,0.31168417200001386
bed/test/bed_0539.obj,32,250,28526,6.163785652549698,7.8125,4.096,0.05631949027111587,0.01783073566527217,1.2167025550094945,102.33148059020859,0.10495593099994949,0.22273021800015158
bed/test/bed_0540.obj,32,252,28728,6.175408426483233,7.875,4.063492063492063,0.050792854632894915,0.008548813252193742,0.8638113668089237,102.3237908384128,0.1569124530001318,0.2762776300000951
bed/test/bed_0541.obj,32,252,28736,6.209161624891962,7.875,4.063492063492063,0.058950088851601315,0.008969031848946636,0.7647030829041384,81.25460789668068,0.19400076800002353,0.6245164899999054
bed/test/bed_0542.obj,32,250,28555,6.170051858254105,7.8125,4.096,0.040284015483511446,0.003706620776685849,0.2765703577202743,89.71914680197482,0.25201853399994434,0.4063717550000092
bed/test/bed_0543.obj,32,244,28188,6.187006145741879,7.625,4.19672131147541,0.046236536169491596,0.006345772686604758,0.6991987680709362,102.20497980344402,0.12890066399995703,0.21172723800009408
bed/test/bed_0544.obj,32,234,27549,6.227169981916817,7.3125,4.3760683760683765,0.05654327876158764,0.014179314496483892,0.8938594540204929,82.39934324940293,0.19274424100012766,0.23792878300014308
bed/test/bed_0545.obj,32,252,28752,6.196551724137931,7.875,4.063492063492063,0.0351007921384172,0.002592548755216996,0.30012557478237223,107.50847315576203,0.15873483699988356,0.5096204520000356
bed/test/bed_0546.obj,32,250,28571,6.173509075194469,7.8125,4.096,0.03334556784373395,0.002629084337478748,0.37409911433721665,101.17422978964527,0.26071470800002317,0.24994923799999924
bed/test/bed_0547.obj,32,252,28706,6.2188041594454075,7.875,4.063492063492063,0.11158186188711774,0.0728037104316402,1.8581454075771733,78.427213866504,0.11020463599993491,0.2852867480000896
bed/test/bed_0548.obj,32,252,28698,6.217071057192374,7.875,4.063492063492063,0.08001257616882478,0.021199614582365946,1.371172038394896,82.14448095963706,0.10363839899991945,0.4077715469998111
bed/test/bed_0549.obj,32,252,28684,6.165950128976784,7.875,4.063492063492063,0.040563345668910095,0.003950132027579894,0.4617975665904628,95.93599798820522,0.3097366479998982,0.32893577999993795
bed/test/bed_0550.obj,32,246,28259,6.170087336244541,7.6875,4.162601626016261,0.165645766580064,0.11626913961412386,1.6857248000262333,88.54236098191404,0.11273962599989318,0.3896942940000372
bed/test/bed_0551.obj,32,246,28326,6.18471615720524,7.6875,4.162601626016261,0.16050570488959937,0.07358941345191616,0.9581244962356782,82.00432750078377,0.10201461500014375,0.2629761769999277
bed/test/bed_0552.obj,32,252,28760,6.2143474503025065,7.875,4.063492063492063,0.06131228050246803,0.007213791994073413,0.6919391536376238,86.93048589266155,0.099975706999885,0.5954176980001193
bed/test/bed_0553.obj,32,248,28432,6.175499565595135,7.75,4.129032258064516,0.09333527892520455,0.05459849337819324,1.693317248232228,92.07477102811497,0.15081460699980198,0.5169143220000478
bed/test/bed_0554.obj,32,252,28724,6.20656871218669,7.875,4.063492063492063,0.054399193033522995,0.01988279375596674,1.3032978822588543,109.01822447871209,0.27272343499998897,0.3905675799999244
bed/test/bed_0555.obj,32,252,28719,6.2216204506065855,7.875,4.063492063492063,0.075009959691171,0.025779208886769614,1.3009885614379324,89.96713689334707,0.14956891099996028,0.385436916000117
bed/test/bed_0556.obj,32,252,28731,6.192025862068966,7.875,4.063492063492063,0.06051643383814412,0.01411651660951471,1.3067184249434507,79.93127607096989,0.12221942900009708,0.22725528899991332
bed/test/bed_0557.obj,32,252,28726,6.190948275862069,7.875,4.063492063492063,0.050886226859622324,0.009722971201090369,1.0560649690095447,101.55468204096442,0.10896407799987173,0.30027640799994515
bed/test/bed_0558.obj,32,252,28607,6.165301724137931,7.875,4.063492063492063,0.08309606545915728,0.044109363916734305,1.4601796947294803,65.43603195854811,0.1473968129998866,0.22643102400002135
bed/test/bed_0559.obj,32,252,28732,6.176268271711092,7.875,4.063492063492063,0.07365119447007709,0.02443822848250567,1.2673880982439123,97.49980032183232,0.11247454499994092,0.3319103129999803
bed/test/bed_0560.obj,32,240,27914,6.192102928127773,7.5,4.266666666666667,0.026296860432262384,0.0015746513571782668,0.34635672026167735,87.81636589345348,0.09194500900002822,0.4795654380000087
bed/test/bed_0561.obj,32,250,28531,6.164866032843561,7.8125,4.096,0.03769245082970463,0.006652657079910081,0.8518336173914297,88.62623374351935,0.08461304100001144,0.20935229599990635
bed/test/bed_0562.obj,32,252,28678,6.164660361134995,7.875,4.063492063492063,0.03863162491192196,0.00482502037392095,0.8415080870116353,106.35211084102153,0.10230892999993557,0.3340880890000335
bed/test/bed_0563.obj,32,252,28688,6.1987899740708725,7.875,4.063492063492063,0.07453158041791443,0.01882782359079544,1.2007465140418923,75.0783738799883,0.2309088189999784,0.401761795000084
bed/test/bed_0564.obj,32,252,28732,6.208297320656871,7.875,4.063492063492063,0.03235419540819969,0.0023474126300537966,0.40044987441150454,90.22004328305218,0.13856928500013055,0.525217413000064
bed/test/bed_0565.obj,32,252,28700,6.217504332755633,7.875,4.063492063492063,0.0703761762470328,0.017206549383062507,1.221525116700616,81.36624885485138,0.2259438210001008,0.41676154099991436
bed/test/bed_0566.obj,32,252,28620,6.18409680207433,7.875,4.063492063492063,0.047572442306735796,0.005826998839751665,0.7012989358451838,89.09927535743239,0.2551107259998844,0.24178808400006346
bed/test/bed_0567.obj,32,230,27154,6.18824065633546,7.1875,4.452173913043478,0.05047347709728313,0.014835111451742303,1.1167417522927725,72.53700061420733,0.21629852199998822,0.5364562720001231
bed/test/bed_0568.obj,32,252,28708,6.187068965517241,7.875,4.063492063492063,0.027357036583642858,0.0017421974039709875,0.2433716314977936,104.34849773871109,0.29592510100019354,0.4080541289999928
bed/test/bed_0569.obj,32,252,28600,6.147893379191745,7.875,4.063492063492063,0.0400126813127965,0.004188685790546576,0.580148666978229,86.60803037869431,0.2658888979999574,0.31029429899990646
bed/test/bed_0570.obj,32,238,27759,6.190677966101695,7.4375,4.302521008403361,0.1009647766164335,0.04945312497683572,1.369220400800418,90.12291884281217,0.10764131099995211,0.5786815240001033
bed/test/bed_0571.obj,32,252,28636,6.155631986242477,7.875,4.063492063492063,0.15929732745259217,0.05506593845586212,0.8077884680248024,84.14442885008717,0.2662890389999575,0.2872848319998411
bed/test/bed_0572.obj,32,252,28704,6.186206896551724,7.875,4.063492063492063,0.04443878265163237,0.006693840538599404,0.8653596953297247,102.43848099847787,0.1209166759999789,0.31202302600013354
bed/test/bed_0573.obj,32,252,28720,6.205704407951599,7.875,4.063492063492063,0.04319445220261975,0.003955287789569043,0.588399325629806,99.94205552108036,0.3189296060002107,0.49864087199989626
bed/test/bed_0574.obj,32,252,28749,6.211970613656007,7.875,4.063492063492063,0.060740180250658214,0.008772536012451872,0.7585813535075123,93.85788809625399,0.22741713499999605,0.26061449700000594
bed/test/bed_0575.obj,32,252,28739,6.177773000859845,7.875,4.063492063492063,0.0744226796380151,0.027371185154847193,1.367874677869809,101.72772572862543,0.16453753499990853,0.36532807200001116
bed/test/bed_0576.obj,32,252,28681,6.16530524505589,7.875,4.063492063492063,0.07336215416143824,0.029345478889612725,1.2511847444508046,105.89121331354964,0.1507399600000099,0.2341047229999731
bed/test/bed_0577.obj,32,252,28692,6.183620689655172,7.875,4.063492063492063,0.0685612751608396,0.022314465898461956,1.2569605798641434,82.21854306785721,0.172725193000133,0.22250779399996645
bed/test/bed_0578.obj,32,252,28735,6.192887931034483,7.875,4.063492063492063,0.04831514336399942,0.0044575429900779034,0.5500113378851812,95.40446625383346,0.17826522999985173,0.21610709099991254
bed/test/bed_0579.obj,32,252,28704,6.186206896551724,7.875,4.063492063492063,0.07179200332787705,0.024593699406374323,1.2858149410946091,75.42636585674397,0.1807487050000418,0.20947146299999986
bed/test/bed_0580.obj,32,252,28647,6.173922413793103,7.875,4.063492063492063,0.062473685857831966,0.016089965452793797,1.1098576222639482,93.65161206850215,0.144302388999904,0.30984397499992156
bed/test/bed_0581.obj,32,252,28673,6.211655112651647,7.875,4.063492063492063,0.06027570072946486,0.023772384513480783,1.2915430530753709,79.74192025450273,0.11954680700000608,0.23766044499984673
bed/test/bed_0582.obj,32,252,28678,6.212738301559792,7.875,4.063492063492063,0.08244620609137832,0.02866146027072778,1.4288746558785361,84.75136045851093,0.20621740299998237,0.2798745529998996
bed/test/bed_0583.obj,32,252,28627,6.169612068965518,7.875,4.063492063492063,0.12039624713231387,0.05447177340488223,1.4319152470881977,77.10797386151293,0.1588371919999645,0.28128815299987764
bed/test/bed_0584.obj,32,252,28679,6.196845289541919,7.875,4.063492063492063,0.07251672811980014,0.019244279502059956,1.1624193697148242,91.09399233640914,0.1993816629999401,0.5676176130000385
bed/test/bed_0585.obj,32,250,28540,6.182842287694974,7.8125,4.096,0.09549258872990736,0.041169291562963006,1.60428055039657,84.94852284389938,0.15502869900001315,0.38058721000015794
bed/test/bed_0586.obj,32,252,28688,6.182758620689655,7.875,4.063492063492063,0.0614924186360923,0.01687344180191208,1.2875244341956213,83.57235947105099,0.18893466399981662,0.5703347289997964
bed/test/bed_0587.obj,32,252,28705,6.186422413793103,7.875,4.063492063492063,0.10702949069581572,0.05189760406220011,1.5601900247350404,69.35139154771457,0.21799456899998404,0.5085145900000043
bed/test/bed_0588.obj,32,252,28738,6.225736568457539,7.875,4.063492063492063,0.06679223366519967,0.011520719271708063,0.717555236451568,93.80537855943467,0.2746912059999431,0.3387817059999634
bed/test/bed_0589.obj,32,252,28663,6.209488734835356,7.875,4.063492063492063,0.07714600977365664,0.037449522596414805,1.3882808586253712,73.99506690595969,0.18693276800013336,0.471703393000098
bed/test/bed_0590.obj,32,252,28673,6.163585554600172,7.875,4.063492063492063,0.055705888197024114,0.013067728370870129,1.1668534106812474,88.60935696943048,0.22848146300020744,0.2607798480000838
bed/test/bed_0591.obj,32,252,28680,6.165090283748925,7.875,4.063492063492063,0.04649586865451978,0.004588099027133751,0.34016924674393795,96.43941958735184,0.2549286439998468,0.2833967990000019
bed/test/bed_0592.obj,32,252,28724,6.19051724137931,7.875,4.063492063492063,0.04276826929029362,0.004018500762213109,0.3198052649935375,99.64143582360384,0.17348434800010182,0.30828279899992594
bed/test/bed_0593.obj,32,228,27116,6.247926267281106,7.125,4.491228070175438,0.1088538438364137,0.032476528952574205,0.9164513572760136,94.04017702620527,0.14811136200000874,0.3568891219999841
bed/test/bed_0594.obj,32,252,28657,6.208188908145581,7.875,4.063492063492063,0.07429439555762389,0.016149465180528042,1.1637848317206363,80.12873021903206,0.0909896050000043,0.29874350700015384
bed/test/bed_0595.obj,32,252,28669,6.178663793103448,7.875,4.063492063492063,0.10428758374520795,0.05295578497291413,1.4022713179049429,78.4384662421368,0.24304311900004905,0.3344238399999995
bed/test/bed_0596.obj,32,252,28686,6.182327586206896,7.875,4.063492063492063,0.03164412329225994,0.002012874838975147,0.3437968713196061,91.1963038801916,0.10491019599999163,0.19105119799996828
bed/test/bed_0597.obj,32,248,28424,6.189895470383275,7.75,4.129032258064516,0.03770000626199912,0.0056143402337909855,0.7167321374677268,87.74695922390845,0.16324990700013586,0.5743696609999915
bed/test/bed_0598.obj,32,250,28558,6.202867072111208,7.8125,4.096,0.05246190033231447,0.009139457051580327,1.046852558559621,93.31061432289948,0.2455196519999845,0.5218788029999359
bed/test/bed_0599.obj,32,252,28760,6.198275862068965,7.875,4.063492063492063,0.05416880383194145,0.013775683677707989,1.2581956524719318,118.3930288310952,0.3196027999999842,0.473331288000054
bed/test/bed_0600.obj,32,252,28718,6.221403812824956,7.875,4.063492063492063,0.03723104019986792,0.0034613419076787062,0.6133821720762029,101.902251708759,0.3916273990000718,0.8576182289998542
bed/test/bed_0601.obj,32,252,28671,6.179094827586207,7.875,4.063492063492063,0.07141488628101327,0.019634993523210225,1.3109429603542133,77.8097574532903,0.1935517700001128,0.39927625900008934
bed/test/bed_0602.obj,32,252,28769,6.216292134831461,7.875,4.063492063492063,0.03611765285291129,0.0025839099889832305,0.2190581877813981,111.11818802784565,0.1082264930000747,0.2176214170001458
bed/test/bed_0603.obj,32,248,28417,6.172241529105126,7.75,4.129032258064516,0.04327608436435964,0.0038501538578232302,0.29777308343972003,88.46983027644801,0.17632655800002794,0.6105246179999995
bed/test/bed_0604.obj,32,252,28616,6.1832324978392394,7.875,4.063492063492063,0.2425854428982048,0.11918931863663855,1.1604605229161045,83.37096326725641,0.1281407339999987,0.3250834479999867
bed/test/bed_0605.obj,32,252,28621,6.1843128781331025,7.875,4.063492063492063,0.15350088381030239,0.10234946884032436,1.6378876062795436,88.36691412970681,0.285490794999987,0.5920529469999565
bed/test/bed_0606.obj,32,250,28512,6.16076058772688,7.8125,4.096,0.02476499778462763,0.0014459535661634475,0.18845227880212295,89.05426763289503,0.166993457999979,0.4258671370000684
bed/test/bed_0607.obj,32,250,28547,6.168323249783924,7.8125,4.096,0.05791175147277108,0.00852167809868184,0.852643640150756,101.33421263554575,0.2629534790000889,0.31727020199991784
bed/test/bed_0608.obj,32,252,28706,6.170679277730009,7.875,4.063492063492063,0.05445456622473578,0.010987757273922519,0.780379352836119,102.89639250557786,0.07502877900014937,0.2553573679999772
bed/test/bed_0609.obj,32,252,28685,6.214254766031196,7.875,4.063492063492063,0.07455761843771204,0.023063925291668806,1.2614321025525252,94.7434217034382,0.0852489040000819,0.20379149299992605
bed/test/bed_0610.obj,32,240,27900,6.188997338065661,7.5,4.266666666666667,0.05760167559732078,0.01433409520986986,1.0292720204051011,76.36513048685755,0.23847642300006555,0.6708844119998503
bed/test/bed_0611.obj,32,252,28625,6.217419635099913,7.875,4.063492063492063,0.03354098175600911,0.0022295940516412777,0.2542095293676537,88.67838882135842,0.11956841699998222,0.3492101529998308
bed/test/bed_0612.obj,32,236,27630,6.195067264573991,7.375,4.338983050847458,0.032082769787960694,0.0025576849664237173,0.2816940398005984,88.567652058476,0.08750979499995992,0.37860479699997995
bed/test/bed_0613.obj,32,248,28442,6.1776715899218075,7.75,4.129032258064516,0.08771400571188794,0.051344243990050234,1.621909416741391,90.7117987713793,0.24592725399998017,0.48939362099986283
bed/test/bed_0614.obj,32,236,27667,6.220098920863309,7.375,4.338983050847458,0.061333493340843315,0.01030432452166897,0.7866307584153125,88.39516082032634,0.21301492800012056,0.31508066899982623
bed/test/bed_0615.obj,32,252,28696,6.18448275862069,7.875,4.063492063492063,0.04655743403942967,0.007011354904910888,0.8633211107549069,104.64879519364644,0.11602564700001494,0.35220358300011867
bench/test/bench_0174.obj,32,252,28763,6.182932072226999,7.875,4.063492063492063,0.07712226890538958,0.013023564119603166,0.6036914004024518,103.31963117863111,0.08245618099999774,0.20733459899997797
bench/test/bench_0175.obj,32,246,28300,6.195271453590193,7.6875,4.162601626016261,0.03286637714353312,0.003229893162149127,0.5765165190150914,87.41012376567798,0.18372278500009998,0.4511877630000072
bench/test/bench_0176.obj,32,252,28729,6.191594827586207,7.875,4.063492063492063,0.042059040995011586,0.0045315878943537925,0.3702741553115849,96.0542972954908,0.25874600200017994,0.4294596989998354
bench/test/bench_0177.obj,32,240,27919,6.19321206743567,7.5,4.266666666666667,0.07104749455442674,0.011681699968693848,0.5621742991312488,90.2603527360877,0.11566489599999841,0.4679598759998953
bench/test/bench_0178.obj,32,244,28126,6.189700704225352,7.625,4.19672131147541,0.038811490472088976,0.0032303631628495854,0.21724095403458615,86.58335680147096,0.20482269300009648,0.46309622199987643
bench/test/bench_0179.obj,32,244,28141,6.19300176056338,7.625,4.19672131147541,0.03821735902713946,0.003276254803389575,0.26917635784386446,98.5292464739724,0.09830002800003967,0.19091003299990916
bench/test/bench_0180.obj,32,252,28691,6.183405172413793,7.875,4.063492063492063,0.03863311313834427,0.0035545566068210487,0.6021789050729437,87.15430832914032,0.10439539899994088,0.23900071000002754
bench/test/bench_0181.obj,32,236,27682,6.206726457399103,7.375,4.338983050847458,0.05407822331737753,0.00967836863553009,0.6769567377790342,90.85383309676519,0.07492955299994719,0.17238274999999703
bench/test/bench_0182.obj,32,250,28567,6.221036585365853,7.8125,4.096,0.035019615231054055,0.002902115602907663,0.2705128533939477,98.23504886485571,0.215693162999969,0.3551273919999858
bench/test/bench_0183.obj,32,246,28323,6.200306479859895,7.6875,4.162601626016261,0.045733511922136594,0.005362062159944707,0.4146791340856348,89.07790528489757,0.15669199800004208,0.37324132899993856
bench/test/bench_0184.obj,32,244,28136,6.175592625109745,7.625,4.19672131147541,0.09114060337674622,0.023439446116852124,0.9128150311376747,90.03668396702466,0.11543467900014548,0.41029483600004824
bench/test/bench_0185.obj,32,250,28587,6.209165942658558,7.8125,4.096,0.02922615673705401,0.0018194059845131885,0.30414590416935355,84.93571441094691,0.0868996659999084,0.34957110599998487
bench/test/bench_0186.obj,32,252,28682,6.18146551724138,7.875,4.063492063492063,0.05956616362965479,0.009708033992954751,0.5340244775310315,105.07012756038776,0.11743120400001317,0.3869832679999945
bench/test/bench_0187.obj,32,252,28727,6.239574283231972,7.875,4.063492063492063,0.03180072389720154,0.0021290605748196223,0.16446035327843694,91.21937697838987,0.12209938899991357,0.4197886249999101
bench/test/bench_0188.obj,32,248,28459,6.18136403127715,7.75,4.129032258064516,0.029940526192567575,0.0022167518943811064,0.20517480366318422,97.31455212924237,0.16270322999980635,0.37374247700017804
bench/test/bench_0189.obj,32,242,28042,6.187555163283319,7.5625,4.231404958677686,0.05363841926680513,0.01007360065687216,0.8804358429630254,81.8116705726374,0.2354712449998715,0.4892132360000687
bench/test/bench_0190.obj,32,244,28208,6.191395961369622,7.625,4.19672131147541,0.04713704167341773,0.007262640576664562,0.8527092495857264,87.17022058951196,0.12504860100011683,0.3567040079999515
bench/test/bench_0191.obj,32,226,26977,6.215898617511521,7.0625,4.530973451327434,0.04483708048380215,0.004202625468019314,0.24330011133953394,86.47178233415752,0.11521532299980208,0.2588044550000177
bench/test/bench_0192.obj,32,248,28435,6.176151172893136,7.75,4.129032258064516,0.04779795761417127,0.008318415295335798,0.8476002193664295,84.23425978744524,0.10368995900012123,0.35138070499988316
bench/test/bench_0193.obj,32,252,28665,6.161865864144454,7.875,4.063492063492063,0.04629082842410861,0.003589153384212132,0.20630091519781057,112.16816104100056,0.09643291099996532,0.2939404090000153
bookshelf/test/bookshelf_0573.obj,32,250,28539,6.1665946413137425,7.8125,4.096,0.0467305352582717,0.01028961984785973,0.7868757973056696,91.50620036594253,0.1486048799999935,0.43340442199996687
bookshelf/test/bookshelf_0574.obj,32,236,27653,6.250678119349005,7.375,4.338983050847458,0.04916511090955147,0.011450851865502824,0.897316457602617,89.23681081715301,0.14069733600013024,0.33073625499991977
bookshelf/test/bookshelf_0575.obj,32,252,28709,6.203327571305099,7.875,4.063492063492063,0.043440786562488315,0.0069190424061497165,0.6730572797164838,93.59866317106611,0.12852406899992275,0.29505620899999485
bookshelf/test/bookshelf_0576.obj,32,248,28462,6.214410480349345,7.75,4.129032258064516,0.05512263561450212,0.00864109589468922,0.7028770695508183,85.32160979596446,0.1668037690001256,0.29722797299996273
bookshelf/test/bookshelf_0577.obj,32,240,27892,6.187222715173026,7.5,4.266666666666667,0.030597562497437142,0.003915791173238044,0.7137766157960064,91.3576728750682,0.1062539959998503,0.354084875999888
bookshelf/test/bookshelf_0578.obj,32,252,28625,6.185177182368194,7.875,4.063492063492063,0.03999302528234716,0.00297602002235576,0.2843021846840042,88.60426474587977,0.2148906940001325,0.3503887960000611
bookshelf/test/bookshelf_0579.obj,32,252,28765,6.183361994840928,7.875,4.063492063492063,0.05231770278500341,0.007854602347346246,0.6800380612188616,90.11813699471185,0.21825673900002585,0.24005153100006282
bookshelf/test/bookshelf_0580.obj,32,242,28060,6.2411032028469755,7.5625,4.231404958677686,0.08681969594866623,0.024421924887138503,1.1832788407854815,88.99035318387945,0.13259353000012197,0.694661017000044
bookshelf/test/bookshelf_0581.obj,32,228,27080,6.2224264705882355,7.125,4.491228070175438,0.03832767778982184,0.002620658761319436,0.17072333343608928,81.0391494313535,0.2944619780000721,0.36706458000003295
bookshelf/test/bookshelf_0582.obj,32,242,28026,6.216947648624667,7.5625,4.231404958677686,0.026976837171474456,0.0015578231155879514,0.24429758941824836,85.3323567886322,0.19267350300015096,0.21537220200002594
bookshelf/test/bookshelf_0583.obj,32,236,27672,6.204484304932736,7.375,4.338983050847458,0.029764179705686646,0.001728429294140653,0.19304290502451757,88.38263672117219,0.13714903000004597,0.4329080090001298
bookshelf/test/bookshelf_0584.obj,32,230,27268,6.265625,7.1875,4.452173913043478,0.03046848895697847,0.0017966603317113668,0.17116472428375326,86.67408884045881,0.2317564309998943,0.5037909730001502
bookshelf/test/bookshelf_0585.obj,32,252,28642,6.172844827586207,7.875,4.063492063492063,0.022322030570249472,0.0012314064323583561,0.2950454782750165,87.61659592112353,0.3058813459999783,0.382747295000172
bookshelf/test/bookshelf_0586.obj,32,252,28645,6.157566638005159,7.875,4.063492063492063,0.036782086619116625,0.003303767838095888,0.5196928158348623,90.19969684629945,0.20201275700014776,0.3562351600000966
bookshelf/test/bookshelf_0587.obj,32,244,28164,6.19806338028169,7.625,4.19672131147541,0.039132797881289774,0.003564566581887897,0.5486908037908753,87.18548233884462,0.17117361200007508,0.4560243480000281
bookshelf/test/bookshelf_0588.obj,32,252,28728,6.191379310344828,7.875,4.063492063492063,0.030911069622681746,0.0019816611951345977,0.3089697853766718,99.39823207806549,0.15780439000013757,0.2942065830000047
bookshelf/test/bookshelf_0589.obj,32,252,28746,6.195258620689655,7.875,4.063492063492063,0.058603175000853186,0.007438276649557434,0.6093054965261304,89.2438703266026,0.2344832960000076,0.6674669620001623
bookshelf/test/bookshelf_0590.obj,32,252,28728,6.175408426483233,7.875,4.063492063492063,0.03106911626848169,0.0017460221558484165,0.18015173317033623,105.25750823213602,0.08330017399998724,0.2891610929998478
bookshelf/test/bookshelf_0591.obj,32,252,28844,6.216379310344828,7.875,4.063492063492063,0.06471433577752662,0.006667622446525577,0.417202400514749,82.66486444770896,0.35242041199990126,0.7777445479998732
bookshelf/test/bookshelf_0592.obj,32,252,28803,6.207543103448276,7.875,4.063492063492063,0.0335368556486581,0.0027296501763447107,0.4415528864875074,88.32400378499341,0.17477050399998006,0.3178996999999981
bookshelf/test/bookshelf_0593.obj,32,252,28731,6.224220103986135,7.875,4.063492063492063,0.025003902714037823,0.0014908475816914415,0.34853163848840324,96.30940037037556,0.10294599500002732,0.350436013000035
bookshelf/test/bookshelf_0594.obj,32,220,26634,6.257988721804511,6.875,4.654545454545454,0.044167920427409295,0.003237634940490462,0.19552908616163192,89.81412013382304,0.12895063100017978,0.3510597439999401
bookshelf/test/bookshelf_0595.obj,32,252,28663,6.274737302977233,7.875,4.063492063492063,0.032878757977690604,0.0025943553154688078,0.34368930765787986,94.95224642734934,0.08143695000012485,0.4358779969998068
bookshelf/test/bookshelf_0596.obj,32,240,27887,6.219223907225691,7.5,4.266666666666667,0.024015109385099993,0.0012008567661050038,0.17449608361427738,95.66201376884578,0.17431480599998395,0.4341647369999464
bookshelf/test/bookshelf_0597.obj,32,252,28911,6.263214904679376,7.875,4.063492063492063,0.04356399597068536,0.002594484540299356,0.18915366916791243,85.85542164699777,0.0985573430000386,0.21193954899990786
bookshelf/test/bookshelf_0598.obj,32,252,28755,6.197198275862069,7.875,4.063492063492063,0.03134320168505532,0.002728827071595019,0.5637665649112363,92.68237893212068,0.07967632899999444,0.21236049200001617
bookshelf/test/bookshelf_0599.obj,32,244,28257,6.2021510096575945,7.625,4.19672131147541,0.030034675189627096,0.0017282947462414888,0.15714296210285203,79.6915063163475,0.10304729699987547,0.22333519199992224
bookshelf/test/bookshelf_0600.obj,32,240,27880,6.201067615658363,7.5,4.266666666666667,0.025373379457087574,0.0013200007231071503,0.17486521911059097,96.06820385960302,0.13088272599998163,0.2573344879999695
bookshelf/test/bookshelf_0601.obj,32,252,28789,6.220613656006915,7.875,4.063492063492063,0.024844125832735202,0.0018430260576332348,0.36502236485467987,95.68093368286927,0.21039430799987713,0.29000515600000654
bookshelf/test/bookshelf_0602.obj,32,252,28824,6.228176318063959,7.875,4.063492063492063,0.056465880690305226,0.0044974308878970555,0.21078715681698054,87.01462713640309,0.15815416600003118,0.3305887100000291
bookshelf/test/bookshelf_0603.obj,32,238,27804,6.234080717488789,7.4375,4.302521008403361,0.034447591276037554,0.0036156608944124917,0.6029279850235264,89.5346410417554,0.10937643000011121,0.6106570790000205
bookshelf/test/bookshelf_0604.obj,32,210,25902,6.2444551591128254,6.5625,4.876190476190477,0.0307356681274117,0.0039156054061034885,0.6275240976785427,88.96383798117853,0.2586563259999366,0.3195167159999528
bookshelf/test/bookshelf_0605.obj,32,244,28204,6.206866197183099,7.625,4.19672131147541,0.030528153285982372,0.001718077787016353,0.13807069828863214,89.8142078588497,0.3990350970000236,0.49691132500015556
bookshelf/test/bookshelf_0606.obj,32,242,27951,6.16747572815534,7.5625,4.231404958677686,0.03299155230374397,0.00236823257262853,0.3409606660277609,93.57272072230072,0.1575504780000756,0.5752172999998493
bookshelf/test/bookshelf_0607.obj,32,252,28789,6.204525862068966,7.875,4.063492063492063,0.06172446790691149,0.006767713790769541,0.350546404822488,91.37234650701151,0.19556495699998777,0.5004666119998546
bookshelf/test/bookshelf_0608.obj,32,252,28753,6.180782459157352,7.875,4.063492063492063,0.022979606705763017,0.0012791437579179146,0.3112256979532913,92.68175991964041,0.3339606829999866,0.24666701399996782
bookshelf/test/bookshelf_0609.obj,32,220,26603,6.233130271790065,6.875,4.654545454545454,0.037300500529703795,0.003013406977491525,0.23383408798049285,90.12260661067444,0.2312560380000832,0.2719972760000928
bookshelf/test/bookshelf_0610.obj,32,252,28776,6.217804667242869,7.875,4.063492063492063,0.06993254525439789,0.007163813280185423,0.19884720718178614,90.15818457946283,0.12495074799994654,0.25739343899999767
bookshelf/test/bookshelf_0611.obj,32,252,28818,6.243067590987868,7.875,4.063492063492063,0.04201061662103221,0.00585027126902011,0.617073572336562,90.59666985787922,0.22803868500000135,0.302984497999887
bookshelf/test/bookshelf_0612.obj,32,248,28487,6.236208406304729,7.75,4.129032258064516,0.07047677889048079,0.009333711904870036,0.7813494477007085,85.44545355223019,0.09188035500005753,0.3831254459998945
bookshelf/test/bookshelf_0613.obj,32,230,27211,6.218235831809872,7.1875,4.452173913043478,0.03474012680862985,0.004547435841254829,0.5918138776939444,88.00817539367941,0.1804050680000273,0.20657830899995133
bookshelf/test/bookshelf_0614.obj,32,232,27328,6.2278942570647216,7.25,4.413793103448276,0.02588650152900055,0.0014440791982572865,0.16925740625693078,86.05639726446998,0.2048635070000273,0.39957201600009284
bookshelf/test/bookshelf_0615.obj,32,230,27312,6.224247948951686,7.1875,4.452173913043478,0.06417669624882577,0.016562680598291,1.0576994440646394,84.46517026890075,0.1255359839999528,0.2852202970000235
bookshelf/test/bookshelf_0616.obj,32,220,26696,6.290292177191329,6.875,4.654545454545454,0.05420943204970494,0.009810764794205732,0.8313591558909205,93.67103361566559,0.21129277999989426,0.40722503300003154
bookshelf/test/bookshelf_0617.obj,32,220,26565,6.2771739130434785,6.875,4.654545454545454,0.022600959885914047,0.0010214456537984355,0.1362940716350877,84.51966606067185,0.17575862100011364,0.31033108200017523
bookshelf/test/bookshelf_0618.obj,32,252,28691,6.167454858125537,7.875,4.063492063492063,0.03821272670249082,0.0036559500926325963,0.6682924675231317,86.28906702403847,0.25145190599982925,0.25410491399998136
bookshelf/test/bookshelf_0619.obj,32,252,28788,6.2043103448275865,7.875,4.063492063492063,0.045742067058278726,0.0038497930392359034,0.32938287655066134,89.81190869681122,0.3258929950000038,0.5674055150000186
bookshelf/test/bookshelf_0620.obj,32,232,27313,6.190616500453309,7.25,4.413793103448276,0.024973643664198478,0.0018461610033859133,0.5232349357178289,92.15609429709536,0.10185364399990249,0.36254137100013395
bookshelf/test/bookshelf_0621.obj,32,252,28713,6.172184006878762,7.875,4.063492063492063,0.0437806886826237,0.008873734490898582,0.8097300182398718,94.6650796896443,0.4140106149998246,0.49432521699986864
bookshelf/test/bookshelf_0622.obj,32,246,28338,6.187336244541485,7.6875,4.162601626016261,0.03760820798204929,0.004204353982109809,0.6656261919038495,90.89876469291082,0.1148294120000628,0.48766270099986286
bookshelf/test/bookshelf_0623.obj,32,252,28722,6.190086206896551,7.875,4.063492063492063,0.0343533333399869,0.00297903013574379,0.3775093811994275,85.20442368212267,0.10635290900017935,0.6687350310000966
bookshelf/test/bookshelf_0624.obj,32,252,28759,6.2302859618717505,7.875,4.063492063492063,0.057731631089153204,0.0049176776633630395,0.1417927039647357,90.67010715969752,0.18505652500016367,0.6137565810001888
bookshelf/test/bookshelf_0625.obj,32,252,28793,6.205387931034482,7.875,4.063492063492063,0.03736322097567098,0.005316006568903436,0.7013377669488012,91.18137967711024,0.3227106399999684,0.49897981200001595
bookshelf/test/bookshelf_0626.obj,32,252,28816,6.19432502149613,7.875,4.063492063492063,0.022898674201622414,0.001277608434538079,0.21531699710796093,94.39374303548358,0.20805544299992107,0.881843402999948
bookshelf/test/bookshelf_0627.obj,32,232,27303,6.239259597806216,7.25,4.413793103448276,0.03346467613709171,0.0028598508744233034,0.5992842336034148,90.47045766823558,0.24834386699990318,0.3281874980000339
bookshelf/test/bookshelf_0628.obj,32,240,27992,6.209405501330967,7.5,4.266666666666667,0.02507055336011073,0.0013847871036851713,0.20086529346704257,92.19250897368528,0.14936638700010008,0.5134517369999685
bookshelf/test/bookshelf_0629.obj,32,244,28154,6.245341614906832,7.625,4.19672131147541,0.0336501539333441,0.002265149329254283,0.32573859150260764,85.95337235392267,0.0965459120000105,0.33322681399999965
bookshelf/test/bookshelf_0630.obj,32,240,27955,6.234388938447815,7.5,4.266666666666667,0.037717196567762734,0.002862805537713776,0.2954374648941172,86.70104615792272,0.17250566899997466,0.6407263020000755
bookshelf/test/bookshelf_0631.obj,32,252,28739,6.177773000859845,7.875,4.063492063492063,0.04636497073117878,0.0037925271063275687,0.20800730575445373,100.79879485590196,0.1736831410000832,0.48578472100007275
bookshelf/test/bookshelf_0632.obj,32,228,27164,6.224564619615032,7.125,4.491228070175438,0.020028991064448273,0.00086362904046384,0.15520345473469188,90.75807312255499,0.3353378009999233,0.7294048809999367
bookshelf/test/bookshelf_0633.obj,32,252,28690,6.199222126188419,7.875,4.063492063492063,0.0466885019843971,0.0038594163782233785,0.4134777210527086,98.50432992576788,0.18498739799997566,0.3228714780000246
bookshelf/test/bookshelf_0634.obj,32,234,27531,6.223101265822785,7.3125,4.3760683760683765,0.03663945650664606,0.002730226871080279,0.23509682409030513,89.14526100762089,0.08459432500012554,0.2801050870000381
bookshelf/test/bookshelf_0635.obj,32,252,28714,6.236750651607298,7.875,4.063492063492063,0.022814645718714287,0.0013708342748174058,0.4123984124623489,101.9744823585934,0.16018546599980255,0.4096335060000911
bookshelf/test/bookshelf_0636.obj,32,222,26678,6.215750232991613,6.9375,4.612612612612613,0.039256240089704374,0.0037887658608836854,0.6030478625440177,88.54623154204323,0.20538257299995166,0.7080500450001637
bookshelf/test/bookshelf_0637.obj,32,218,26455,6.233506126295947,6.8125,4.697247706422019,0.10916962119561661,0.06909623622764723,1.9152251012926156,90.71296859820657,0.25701411399995777,0.48171094100007394
bookshelf/test/bookshelf_0638.obj,32,252,28793,6.189380911435942,7.875,4.063492063492063,0.049774699811248525,0.012702932847413006,0.8295935821096881,91.94420796447605,0.23156829300000936,0.300422608999952
bookshelf/test/bookshelf_0639.obj,32,252,28756,6.197413793103448,7.875,4.063492063492063,0.023272528476194175,0.0026868466544705456,0.6441191328241371,81.2552318949547,0.2412173109999003,0.46964831900004356
bookshelf/test/bookshelf_0640.obj,32,248,28423,6.189677700348432,7.75,4.129032258064516,0.04405738247629783,0.008751506486537736,1.105551396084431,89.50630275964512,0.19907533199989302,0.5514744080001037
bookshelf/test/bookshelf_0641.obj,32,218,26447,6.231621112158341,6.8125,4.697247706422019,0.026026864461146167,0.0013554032611098746,0.15812308479564485,92.12410412464946,0.16640167299988207,0.39973840199991173
bookshelf/test/bookshelf_0642.obj,32,252,28748,6.211754537597234,7.875,4.063492063492063,0.024564161928242765,0.0012592416767422615,0.20231080590192696,93.98438512763745,0.1378219690000151,0.5049692390000473
bookshelf/test/bookshelf_0643.obj,32,252,28776,6.217804667242869,7.875,4.063492063492063,0.028407727809425055,0.0018884223896240963,0.32181211543969884,99.12365796617222,0.2364013530000193,0.3586973550000039
bookshelf/test/bookshelf_0644.obj,32,218,26458,6.251890359168242,6.8125,4.697247706422019,0.026130783190265593,0.0014253252194399307,0.15075070177340005,90.83602202276113,0.22406248799984496,0.4144904909999241
bookshelf/test/bookshelf_0645.obj,32,240,27912,6.191659272404614,7.5,4.266666666666667,0.03638336326863714,0.00220368229191624,0.12536141457237837,91.9090508387992,0.1665044429998943,0.4334041850001995
bookshelf/test/bookshelf_0646.obj,32,230,27305,6.256874427131073,7.1875,4.452173913043478,0.07415727950779524,0.03595589188166357,1.6852584239687594,94.82686117625202,0.23375105600007373,0.40525287900004514
bookshelf/test/bookshelf_0647.obj,32,252,28714,6.22053726169844,7.875,4.063492063492063,0.029742316766599712,0.0026910219185009186,0.4964468431044449,90.8980195134428,0.14913542699991922,0.4770749210001668
bookshelf/test/bookshelf_0648.obj,32,220,26697,6.272791353383458,6.875,4.654545454545454,0.035958438487885935,0.002280649026358909,0.1430273818303371,90.82232220079771,0.1487175689999276,0.41102342500016675
bookshelf/test/bookshelf_0649.obj,32,252,28779,6.218452895419188,7.875,4.063492063492063,0.03153919614076829,0.002867703136790141,0.5877902599763378,88.96540810318942,0.17971632900002987,0.5195097949999763
bookshelf/test/bookshelf_0650.obj,32,246,28354,6.223441615452151,7.6875,4.162601626016261,0.029193775261383594,0.0031229565829205275,0.7376380450080386,93.12651965736572,0.2714414290001059,0.6846203059999425
bookshelf/test/bookshelf_0651.obj,32,252,28692,6.199654278305964,7.875,4.063492063492063,0.04923313024732797,0.019385785049168935,1.3032072490891382,97.16283574059565,0.3594470309999451,0.30462293400000817
bookshelf/test/bookshelf_0652.obj,32,252,28732,6.176268271711092,7.875,4.063492063492063,0.024782519715959433,0.0014916790916416358,0.2728245060855364,96.80905785384053,0.167628170999933,0.4280696660000558
bookshelf/test/bookshelf_0653.obj,32,218,26459,6.23444863336475,6.8125,4.697247706422019,0.06047424545831918,0.020791038359209427,1.2109180812908726,76.9566509313901,0.10562206300005528,0.308398182000019
bookshelf/test/bookshelf_0654.obj,32,252,28737,6.177343078245916,7.875,4.063492063492063,0.04366143501929997,0.009543245997440553,0.8804703849493896,94.69876374279167,0.15598677599996336,0.6090923659999135
bookshelf/test/bookshelf_0655.obj,32,252,28747,6.1954741379310345,7.875,4.063492063492063,0.020954681520353693,0.0010147924013743557,0.17282206731143615,91.66756266375864,0.16296662300010212,0.5218242430000828
bookshelf/test/bookshelf_0656.obj,32,252,28746,6.195258620689655,7.875,4.063492063492063,0.034733297178036734,0.004379799546874753,0.6625791997412754,92.31189989084777,0.18243068999981915,0.4880341040000076
bookshelf/test/bookshelf_0657.obj,32,244,28241,6.215008802816901,7.625,4.19672131147541,0.029418519606160043,0.0017127841506748816,0.1744124693948207,87.4482149951356,0.1858221740001227,0.4375371249998352
bookshelf/test/bookshelf_0658.obj,32,252,28795,6.205818965517241,7.875,4.063492063492063,0.0563412989706579,0.01315348346562955,0.8791967689783258,88.90989709449457,0.266652749000059,0.6085664470001575
bookshelf/test/bookshelf_0659.obj,32,250,28592,6.194107452339688,7.8125,4.096,0.03011448444871935,0.0030845729003122183,0.6610395267130246,90.14854232111227,0.2533266039999944,0.4639737289999175
bookshelf/test/bookshelf_0660.obj,32,252,28847,6.217025862068965,7.875,4.063492063492063,0.05249893611646265,0.010510712071712712,0.9556811875944398,93.22104919227473,0.17793687200014574,0.6299388370000543
bookshelf/test/bookshelf_0661.obj,32,252,28751,6.196336206896552,7.875,4.063492063492063,0.03292783858842803,0.004208520685971273,0.6629044115004245,96.82914734459379,0.23891117799985295,0.503888083999982
bookshelf/test/bookshelf_0662.obj,32,252,28698,6.2009507346585995,7.875,4.063492063492063,0.027383318469302465,0.002504344202059833,0.641581913194042,93.001502843125,0.12664554200000566,0.5311437169998499
bookshelf/test/bookshelf_0663.obj,32,244,28126,6.173397717295874,7.625,4.19672131147541,0.02850377587323456,0.0017354776793061192,0.2928517492059092,84.76747802096341,0.1618210960000397,0.4823717910001051
bookshelf/test/bookshelf_0664.obj,32,252,28774,6.2012931034482754,7.875,4.063492063492063,0.04547046577734411,0.006945198422608579,0.6844004018595021,90.09206695749475,0.19022704500002874,0.21708836399989195
bookshelf/test/bookshelf_0665.obj,32,248,28466,6.182884448305821,7.75,4.129032258064516,0.023148321176781568,0.00114913367423098,0.18565440426052784,86.73611807244521,0.15057969300005425,0.46987373899992235
bookshelf/test/bookshelf_0666.obj,32,230,27220,6.237396883593034,7.1875,4.452173913043478,0.029211389189759164,0.0026706829203403757,0.3643183076456849,95.31445554810918,0.17032077299995763,0.4341346119999798
bookshelf/test/bookshelf_0667.obj,32,252,28758,6.246307558644657,7.875,4.063492063492063,0.08967476798216223,0.028368131908061756,1.123762569033239,98.74800866024755,0.1267376250000325,0.3084821820000343
bookshelf/test/bookshelf_0668.obj,32,252,28688,6.231103388357949,7.875,4.063492063492063,0.023996636891190266,0.0011331137893256947,0.17236906023429518,92.6673080288341,0.23057564900000216,0.25510123999993084
bookshelf/test/bookshelf_0669.obj,32,244,28077,6.1626426690079015,7.625,4.19672131147541,0.03160332553011587,0.002251970925396794,0.36160161386553047,94.72219719746256,0.09413009500008229,0.44270596299998033
bookshelf/test/bookshelf_0670.obj,32,252,28622,6.184528954191876,7.875,4.063492063492063,0.04554311248840401,0.005469539882938224,0.5582121046353701,85.23865629514509,0.0853701450000699,0.6452342720001525
bookshelf/test/bookshelf_0671.obj,32,252,28782,6.20301724137931,7.875,4.063492063492063,0.04360300400641565,0.005121469997910515,0.5667133050568869,92.55651576049993,0.21998151599996163,0.4068994780000139
bookshelf/test/bookshelf_0672.obj,32,252,28811,6.225367329299914,7.875,4.063492063492063,0.024428310618915657,0.0013948223310249748,0.24393210401884197,96.25985167568231,0.11127931699979854,0.4239257210001597
bottle/test/bottle_0336.obj,32,252,28648,6.158211521926053,7.875,4.063492063492063,0.03602630326649936,0.0026464407192260207,0.31429268282709716,87.8604594810694,0.21375509600011355,0.290121666999994
bottle/test/bottle_0337.obj,32,252,28684,6.197925669835782,7.875,4.063492063492063,0.04209551383748987,0.0032622825963449517,0.19928043014196703,84.86866804001266,0.10696323799993479,0.39436395699999593
bottle/test/bottle_0338.obj,32,252,28660,6.176724137931035,7.875,4.063492063492063,0.054670204791890546,0.005311434548137393,0.32410436366666506,92.75948181537828,0.24795429000005242,0.6518194420000327
bottle/test/bottle_0339.obj,32,252,28672,6.163370593293207,7.875,4.063492063492063,0.05209789227766186,0.006209377902308071,0.35313626471418663,92.49340248438746,0.19990307600005508,0.53743972999996
bottle/test/bottle_0340.obj,32,252,28664,6.161650902837489,7.875,4.063492063492063,0.044416385529228,0.003138028493749663,0.14663956230358574,89.58703126373439,0.16477990400017006,0.43713855600003626
bottle/test/bottle_0341.obj,32,252,28652,6.159071367153913,7.875,4.063492063492063,0.03633170665183877,0.0024453762791578886,0.16262436625492163,92.68642535931586,0.14282715200010898,0.3988753009998618
bottle/test/bottle_0342.obj,32,252,28625,6.169181034482759,7.875,4.063492063492063,0.04573981324133333,0.004628357259128763,0.3358064053229683,89.9037476062839,0.0934853840001324,0.7744738080000388
bottle/test/bottle_0343.obj,32,252,28658,6.176293103448276,7.875,4.063492063492063,0.03961152917312684,0.002651028343406736,0.17480240735131242,99.81747110283239,0.15032762900000307,0.6278692120001779
bottle/test/bottle_0344.obj,32,252,28641,6.172629310344828,7.875,4.063492063492063,0.038024166782161625,0.0024557069337425067,0.1668385910991324,89.270328531075,0.11086909699997705,0.2639016729999639
bottle/test/bottle_0345.obj,32,252,28685,6.198141745894555,7.875,4.063492063492063,0.03739056209301108,0.002328442241370886,0.13576311236752778,89.38346164529165,0.13377507099994546,0.31287272099984875
bottle/test/bottle_0346.obj,32,252,28605,6.164870689655173,7.875,4.063492063492063,0.043029675935171305,0.003205520512690422,0.18917079044670732,95.15861879589423,0.20133202700003494,0.2573965210001461
bottle/test/bottle_0347.obj,32,252,28680,6.197061365600692,7.875,4.063492063492063,0.042514562564169564,0.003057875402914946,0.17536079073100502,83.67130188849666,0.11275113300007433,0.2720414709999659
bottle/test/bottle_0348.obj,32,252,28656,6.191875540190147,7.875,4.063492063492063,0.04054128977518159,0.0027630947135418677,0.1680700689588576,92.13621333520729,0.08210894299986649,0.2101380330000211
bottle/test/bottle_0349.obj,32,252,28663,6.161435941530525,7.875,4.063492063492063,0.04122712391241276,0.0029781942915293865,0.19746102316985628,89.42695193588133,0.08971741100003783,0.24616441300008773
bottle/test/bottle_0350.obj,32,252,28673,6.1795258620689655,7.875,4.063492063492063,0.04776786267930873,0.0039646124872167645,0.19119932734056555,89.66550569098266,0.13363719800008766,0.23298830799990355
bottle/test/bottle_0351.obj,32,252,28661,6.176939655172414,7.875,4.063492063492063,0.0774802733868724,0.015408663731759914,0.7339479363615362,88.75472584249113,0.09122288599996864,0.20273849000000155
bottle/test/bottle_0352.obj,32,252,28631,6.154557179707653,7.875,4.063492063492063,0.06017530869187074,0.006624895770343289,0.3068122751162065,82.0369903489192,0.11568706799994288,0.3082883059998949
bottle/test/bottle_0353.obj,32,252,28655,6.159716251074807,7.875,4.063492063492063,0.045971209113581095,0.005319548919895494,0.6344400131778449,90.17817614159807,0.12953615700007504,0.46787445399991157
bottle/test/bottle_0354.obj,32,252,28663,6.1933880726015555,7.875,4.063492063492063,0.048815973414112604,0.004894270097818912,0.49827486941087507,92.01284136523549,0.14606851700000334,0.2602248010000494
bottle/test/bottle_0355.obj,32,250,28528,6.180242634315425,7.8125,4.096,0.048851266488682786,0.004795719128241731,0.33343118270566696,88.1894675644852,0.09897315199987133,0.337224802000037
bottle/test/bottle_0356.obj,32,252,28723,6.174333619948409,7.875,4.063492063492063,0.04201347171748174,0.0032462216901914046,0.2241084730615698,96.05134572982271,0.1363268740001331,0.21614331499995387
bottle/test/bottle_0357.obj,32,252,28670,6.194900605012965,7.875,4.063492063492063,0.05654217949460477,0.00535003808986404,0.23868817626826583,89.0117410319463,0.168717210000068,0.2267841899999894
bottle/test/bottle_0358.obj,32,252,28653,6.159286328460877,7.875,4.063492063492063,0.05408936160847299,0.00537650694309921,0.23750141588965865,84.29103309902159,0.1368554299999687,0.29203263399995194
bottle/test/bottle_0359.obj,32,252,28711,6.203759723422645,7.875,4.063492063492063,0.040136442037810464,0.0026615792308473172,0.1675351783008811,88.46050487970672,0.1618029320000005,0.2610016890000679
bottle/test/bottle_0360.obj,32,252,28678,6.164660361134995,7.875,4.063492063492063,0.048229964877336606,0.004081373773550023,0.21815740592748253,91.36245403408039,0.1663184880001154,0.2845586319999711
bottle/test/bottle_0361.obj,32,252,28677,6.212521663778163,7.875,4.063492063492063,0.03948080437889219,0.002622935946696856,0.2510763130290379,91.81667225128838,0.2478138129999934,0.5332438789998832
bottle/test/bottle_0362.obj,32,252,28646,6.2058058925476605,7.875,4.063492063492063,0.05390759356265869,0.008801384605058431,0.7764998112600373,92.03427972847254,0.09527799000011328,0.4654550620000464
bottle/test/bottle_0363.obj,32,252,28674,6.179741379310345,7.875,4.063492063492063,0.04322101883480153,0.0029421680048770243,0.18186612366799293,87.31506289338084,0.10811098799990759,0.31579835000002277
bottle/test/bottle_0364.obj,32,252,28693,6.167884780739467,7.875,4.063492063492063,0.03814676374085189,0.0025854313872910257,0.15549571886574362,90.1728888984137,0.14333775599993714,0.305788978999999
bottle/test/bottle_0365.obj,32,252,28663,6.161435941530525,7.875,4.063492063492063,0.04008802589171676,0.0026267625648799973,0.13679918859505413,87.4137337105274,0.09312932400007412,0.6492121829999178
bottle/test/bottle_0366.obj,32,252,28687,6.1665950128976785,7.875,4.063492063492063,0.04558381492409232,0.0033587766053605433,0.16312325247256057,95.1132510263368,0.1683897689999867,0.4152187629999844
bottle/test/bottle_0367.obj,32,252,28643,6.189066551426102,7.875,4.063492063492063,0.08424819158133841,0.014119691168938409,0.5761875280679638,84.70054603815596,0.08066197900006955,0.26240280100000746
bottle/test/bottle_0368.obj,32,252,28652,6.159071367153913,7.875,4.063492063492063,0.03946640807054852,0.002707621188415406,0.18774010471224478,89.68624354657166,0.10860491499988711,0.32727082299993526
bottle/test/bottle_0369.obj,32,252,28721,6.189870689655172,7.875,4.063492063492063,0.05273120907227996,0.005137835737819729,0.354014207549424,86.3258054886188,0.09096835300010753,0.2404430809999667
bottle/test/bottle_0370.obj,32,252,28634,6.187121866897148,7.875,4.063492063492063,0.1226771974979392,0.04426399198583521,0.8556324947241917,89.37566655408634,0.07406611800001883,0.17161524100015413
bottle/test/bottle_0371.obj,32,252,28649,6.190363007778738,7.875,4.063492063492063,0.03172136648101315,0.002041149595932823,0.2091395699335099,92.29125847684938,0.07511806000002252,0.1775683560001653
bottle/test/bottle_0372.obj,32,252,28677,6.164445399828031,7.875,4.063492063492063,0.04395209740218605,0.0033474175965129234,0.22093415299474176,89.82618948755955,0.10374161800018555,0.23373240499995518
bottle/test/bottle_0373.obj,32,252,28672,6.163370593293207,7.875,4.063492063492063,0.03615359289839537,0.0026083061255730003,0.26604166634796206,94.55596768396163,0.0997119210001074,0.2633332049999808
bottle/test/bottle_0374.obj,32,252,28600,6.147893379191745,7.875,4.063492063492063,0.04267895232739423,0.003364683893014771,0.28253738666317574,92.74875256476861,0.15377484900000127,0.27336309900010747
bottle/test/bottle_0375.obj,32,246,28310,6.181222707423581,7.6875,4.162601626016261,0.06265688874733469,0.011873188061776958,0.6979951433670128,90.72191324040683,0.24378551099994183,0.37806016199988335
bottle/test/bottle_0376.obj,32,252,28700,6.185344827586207,7.875,4.063492063492063,0.039155691117963305,0.002532292361956409,0.11425231151877766,88.01328320513161,0.10590795000007347,0.2810675179998725
bottle/test/bottle_0377.obj,32,252,28675,6.164015477214101,7.875,4.063492063492063,0.04950246648094187,0.004243240180323083,0.2006144530686756,91.9254450635608,0.07846735799989801,0.3637113469999349
bottle/test/bottle_0378.obj,32,252,28679,6.164875322441961,7.875,4.063492063492063,0.04449475195461432,0.0046050364982903914,0.3383688243059129,90.13866504554449,0.07000754799992137,0.1658532449998802
bottle/test/bottle_0379.obj,32,252,28675,6.164015477214101,7.875,4.063492063492063,0.05250557089484122,0.004641651749604619,0.19818929497830703,97.59667485870656,0.14365378700017573,0.2784368249999716
bottle/test/bottle_0380.obj,32,252,28673,6.1955488331892825,7.875,4.063492063492063,0.028752064706386866,0.0015377368706588643,0.18694489031255293,87.79275643633147,0.10614158399994267,0.24513366299993322
bottle/test/bottle_0381.obj,32,252,28642,6.156921754084265,7.875,4.063492063492063,0.05227485480428101,0.00510804281828221,0.3000974126303359,97.7900219931687,0.14971461599998293,0.1840872670002227
bottle/test/bottle_0382.obj,32,252,28643,6.157136715391229,7.875,4.063492063492063,0.055656388719642305,0.005692845792554983,0.26586926695431684,88.15011578679193,0.14325537800004895,0.38234648599996035
bottle/test/bottle_0383.obj,32,252,28639,6.156276870163371,7.875,4.063492063492063,0.06777603983251614,0.014657788604920315,0.8926337651693836,96.46978326732831,0.10560707900003763,0.36439340299989453
bottle/test/bottle_0384.obj,32,252,28692,6.215771230502599,7.875,4.063492063492063,0.04161569379146819,0.0030643613866865836,0.2026164283337585,86.77364311342353,0.0927728209999259,0.36363194699993073
bottle/test/bottle_0385.obj,32,252,28662,6.177155172413793,7.875,4.063492063492063,0.043224218467967104,0.003103205052556771,0.16065802638855564,90.08515346540366,0.25572518700005276,0.29341608499998983
bottle/test/bottle_0386.obj,32,252,28675,6.164015477214101,7.875,4.063492063492063,0.04856468765757349,0.004590543284447728,0.24296058766113604,85.14917853691722,0.26902905099996133,0.515998313999944
bottle/test/bottle_0387.obj,32,252,28674,6.179741379310345,7.875,4.063492063492063,0.08293652933164186,0.013818690968751629,0.5858770588162074,87.587733222879,0.19211231500003123,0.2396709350000492
bottle/test/bottle_0388.obj,32,252,28659,6.160576096302665,7.875,4.063492063492063,0.03318602945812808,0.0019950307733438218,0.1366312967283089,90.87291338743084,0.16101702399987516,0.2011685130000842
bottle/test/bottle_0389.obj,32,250,28511,6.160544511668107,7.8125,4.096,0.05158284566051237,0.004606346689461989,0.3294463006657018,93.97338800617396,0.08757765099994685,0.22126230300000316
bottle/test/bottle_0390.obj,32,252,28684,6.165950128976784,7.875,4.063492063492063,0.09319770914282018,0.018883532424182854,0.6409164400177688,84.44620960556861,0.07954781900002672,0.18581115200004206
bottle/test/bottle_0391.obj,32,252,28687,6.1665950128976785,7.875,4.063492063492063,0.03277610127908821,0.002132724140384559,0.17116733209757873,88.45614812591207,0.07364734499992664,0.35192347900010645
bottle/test/bottle_0392.obj,32,252,28656,6.175862068965517,7.875,4.063492063492063,0.03501515143112456,0.0020923333161605977,0.17510229891933635,93.26013188627542,0.07361276200003886,0.17357925400006025
bottle/test/bottle_0393.obj,32,252,28647,6.157996560619089,7.875,4.063492063492063,0.04788370610399022,0.004341267431039567,0.2719521954560451,84.37811856996512,0.07245307199991657,0.1686049649999859
bottle/test/bottle_0394.obj,32,252,28670,6.194900605012965,7.875,4.063492063492063,0.058901368955098524,0.006418677086826701,0.34705977235421065,84.7241903656442,0.14973011699999006,0.26104179999992994
bottle/test/bottle_0395.obj,32,252,28651,6.158856405846947,7.875,4.063492063492063,0.04421122934418323,0.0031170204002201676,0.14681628046112122,95.06980309126365,0.10711803100002726,0.19541851300004964
bottle/test/bottle_0396.obj,32,252,28687,6.1985738980121,7.875,4.063492063492063,0.04420130367046379,0.00334033882061297,0.18600367753522568,92.49647612171674,0.11463614600006622,0.20106053899985454
bottle/test/bottle_0397.obj,32,252,28638,6.1560619088564055,7.875,4.063492063492063,0.054215498615180074,0.005198476007889267,0.29088444550228193,87.24121166482607,0.2030650730000616,0.28159968500017385
bottle/test/bottle_0398.obj,32,252,28657,6.160146173688736,7.875,4.063492063492063,0.04160655928275961,0.002957980643318296,0.17301189523866778,93.23813339848905,0.09014317900005153,0.18978537700013476
bottle/test/bottle_0399.obj,32,252,28647,6.20602253032929,7.875,4.063492063492063,0.03148089114936779,0.0018621390204654807,0.25467528181038507,89.11482452031154,0.07372013400004107,0.2577411409999968
bottle/test/bottle_0400.obj,32,252,28644,6.189282627484874,7.875,4.063492063492063,0.03207746130842909,0.002060848438356603,0.19450594339820176,90.70036363839574,0.11636537300000782,0.6938040860000001
bottle/test/bottle_0401.obj,32,252,28634,6.187121866897148,7.875,4.063492063492063,0.04134019179533864,0.003008703667682064,0.19497933137789783,96.86782606393177,0.10477054700004373,0.2848810579998826
bottle/test/bottle_0402.obj,32,252,28657,6.176077586206897,7.875,4.063492063492063,0.04517241667180258,0.004379241404321243,0.44447653336365367,87.4106616374201,0.18653740699983246,0.28569912299985845
bottle/test/bottle_0403.obj,32,252,28653,6.175215517241379,7.875,4.063492063492063,0.05734283137213215,0.005488197724573965,0.21599793470087642,91.88188061796035,0.10865720600008899,0.23954639199996564
bottle/test/bottle_0404.obj,32,252,28668,6.178448275862069,7.875,4.063492063492063,0.0478143837920715,0.005055963921406928,0.5924707566874955,87.90473989657073,0.07661293199998909,0.26361642500000926
bottle/test/bottle_0405.obj,32,252,28678,6.164660361134995,7.875,4.063492063492063,0.07307120094631778,0.010384833735041206,0.37868860975206253,87.33033046835155,0.07903103000012379,0.29606278999995084
bottle/test/bottle_0406.obj,32,252,28653,6.175215517241379,7.875,4.063492063492063,0.04502550788557834,0.003806990373766023,0.32037557552594176,89.94377618364084,0.07914434700001038,0.2035876919999282
bottle/test/bottle_0407.obj,32,252,28683,6.213821490467938,7.875,4.063492063492063,0.041901828594525806,0.003813520818742374,0.4864371369545097,95.92957154096092,0.08676674299999831,0.3534906150000552
bottle/test/bottle_0408.obj,32,252,28675,6.179956896551724,7.875,4.063492063492063,0.06682945131139134,0.008866020939083962,0.6717595596817566,88.5839880441543,0.21308993299999202,0.3164479360000314
bottle/test/bottle_0409.obj,32,252,28668,6.1944684528954195,7.875,4.063492063492063,0.04571049002988446,0.0037801884407977276,0.23401687339549945,87.47046206496648,0.10689263499989465,0.28956362400003854
bottle/test/bottle_0410.obj,32,252,28678,6.164660361134995,7.875,4.063492063492063,0.04425188062538255,0.0038544287819898626,0.442797204136815,93.66218146168706,0.07989171400004125,0.3127601080000204
bottle/test/bottle_0411.obj,32,252,28687,6.1665950128976785,7.875,4.063492063492063,0.043754619684296656,0.003382738679176779,0.16669942115556524,93.43883349726848,0.09177833399985502,0.19853613300006145
bottle/test/bottle_0412.obj,32,252,28648,6.1901469317199656,7.875,4.063492063492063,0.05295521210174636,0.005025012308739416,0.28873397352385144,90.92085168672429,0.08380779399999483,0.16537625499995556
bottle/test/bottle_0413.obj,32,252,28642,6.172844827586207,7.875,4.063492063492063,0.038711931462551405,0.0028036424246115693,0.3074905802824772,87.27481435348412,0.14238153700011935,0.6565712829999484
bottle/test/bottle_0414.obj,32,252,28665,6.161865864144454,7.875,4.063492063492063,0.043267461510684634,0.0035171690870382227,0.2769940558025602,86.62887720757902,0.09678558499990686,0.24691904499991324
bottle/test/bottle_0415.obj,32,252,28647,6.157996560619089,7.875,4.063492063492063,0.03378244641048585,0.0024505030676713656,0.2896169963522699,88.63628735229204,0.15730005399996116,0.2929052540000612
bottle/test/bottle_0416.obj,32,252,28650,6.158641444539983,7.875,4.063492063492063,0.03289861587732994,0.0019696471805737627,0.1454095093302947,88.44803655562309,0.17402156500020283,0.5683626539998841
bottle/test/bottle_0417.obj,32,252,28660,6.208838821490468,7.875,4.063492063492063,0.048335286471209785,0.004224608401116384,0.3919513063316931,83.02787872730525,0.3085447710000153,0.2777771720000146
bottle/test/bottle_0418.obj,32,252,28690,6.167239896818573,7.875,4.063492063492063,0.04574801174995441,0.0042890773051562775,0.3329263918886264,90.7074145218186,0.122934129999976,0.19810882200022206
bottle/test/bottle_0419.obj,32,252,28661,6.19295592048401,7.875,4.063492063492063,0.0444747086799825,0.0033344704491150377,0.16737106023743809,90.20069578143267,0.07843488399998932,0.34616942599996037
bottle/test/bottle_0420.obj,32,252,28683,6.181681034482758,7.875,4.063492063492063,0.0549835087489428,0.005534726037458711,0.3089967161328026,92.1374329280867,0.48201442799995675,0.4861449029999676
bottle/test/bottle_0421.obj,32,252,28641,6.1567067927773005,7.875,4.063492063492063,0.06858535512417772,0.008482658219892757,0.3624962010099401,85.28171032560765,0.2110569259998556,0.22817375299996456
bottle/test/bottle_0422.obj,32,252,28704,6.186206896551724,7.875,4.063492063492063,0.04676496629904585,0.00392778106470496,0.28936748640215865,88.66506308131764,0.18453212300005362,0.3638409689999662
bottle/test/bottle_0423.obj,32,252,28665,6.161865864144454,7.875,4.063492063492063,0.06655839125257763,0.00879807888430366,0.3676975937796905,93.30020609288596,0.12446276000014223,0.2896083929999804
bottle/test/bottle_0424.obj,32,252,28643,6.1730603448275865,7.875,4.063492063492063,0.0377498573572075,0.0024394873556207028,0.15447186406914365,95.20008639072084,0.20069964100002835,0.28169213900014256
bottle/test/bottle_0425.obj,32,252,28658,6.1923076923076925,7.875,4.063492063492063,0.041184504509013994,0.0031157755649783426,0.30945677035520613,82.9743818600063,0.08390357600001153,0.18061153799999374
bottle/test/bottle_0426.obj,32,252,28669,6.178663793103448,7.875,4.063492063492063,0.05263285696933914,0.005012605256193766,0.2912634336938763,84.56851561597779,0.20641285200008497,0.31197492400019655
bottle/test/bottle_0427.obj,32,252,28645,6.173491379310345,7.875,4.063492063492063,0.05388517672519234,0.00537338529751678,0.21986980116254845,88.44698930839184,0.0939462490000551,0.31266988600009427
bottle/test/bottle_0428.obj,32,252,28677,6.212521663778163,7.875,4.063492063492063,0.09394816496488013,0.016731751093328362,0.5321039616166109,91.02112217794442,0.08424334599999383,0.19884477400000833
bottle/test/bottle_0429.obj,32,252,28665,6.193820224719101,7.875,4.063492063492063,0.04990704345099305,0.004458736602609054,0.24048298089200495,96.29804779519144,0.09096202699993228,0.21490462200017646
bottle/test/bottle_0430.obj,32,252,28653,6.159286328460877,7.875,4.063492063492063,0.04709420575947655,0.0038110265826643407,0.17603184891210735,92.75641040677398,0.10827374599989525,0.24927946699995118
bottle/test/bottle_0431.obj,32,252,28637,6.155846947549441,7.875,4.063492063492063,0.056692925258099984,0.0065951705575925225,0.46385940735985565,90.88790530347252,0.07447368799989817,0.19872575499994127
bottle/test/bottle_0432.obj,32,252,28681,6.18125,7.875,4.063492063492063,0.04439394584633234,0.0035083286376994998,0.31453852737096394,85.92257652396727,0.08594049999987874,0.19277101299985588
bottle/test/bottle_0433.obj,32,252,28658,6.160361134995701,7.875,4.063492063492063,0.06611664587274699,0.00806740226588622,0.3583366437157133,83.9631573616096,0.15796388900002967,0.194448642999987
bottle/test/bottle_0434.obj,32,248,28404,6.20174672489083,7.75,4.129032258064516,0.04348309611541315,0.0036764683911470063,0.1950102479250638,90.8573753095519,0.09567229399999633,0.2067742309998266
bottle/test/bottle_0435.obj,32,252,28649,6.1584264832330184,7.875,4.063492063492063,0.03300041502017641,0.0019655894810281785,0.14106585882192063,90.30368970294023,0.078570185999979,0.40254960499987646
bowl/test/bowl_0065.obj,32,252,28644,6.157351676698195,7.875,4.063492063492063,0.06888562483866886,0.008872284579465624,0.27966853809366243,70.41544272775822,0.10323920599989833,0.2706274879999455
bowl/test/bowl_0066.obj,32,252,28624,6.153052450558899,7.875,4.063492063492063,0.10143114373523845,0.017968690954828233,0.39721910456110177,76.65103265483044,0.08963927800004967,0.23271531399996093
bowl/test/bowl_0067.obj,32,252,28651,6.158856405846947,7.875,4.063492063492063,0.08997245750615232,0.014906169033898412,0.3847729651257374,84.8756095807424,0.13677387099983207,0.1886885680000887
bowl/test/bowl_0068.obj,32,252,28651,6.1747844827586205,7.875,4.063492063492063,0.07281880959665585,0.010862821732704116,0.3679067231263435,80.46800815512128,0.15849035700011882,0.21344573999999739
bowl/test/bowl_0069.obj,32,252,28612,6.214596003475239,7.875,4.063492063492063,0.07974707926001343,0.010864901229028504,0.25349897351569833,64.7740250658981,0.0728737749998345,0.17304294900009154
bowl/test/bowl_0070.obj,32,252,28650,6.158641444539983,7.875,4.063492063492063,0.06911059689618398,0.008606443958257444,0.317349762286878,83.33622769787476,0.1396739270001035,0.4297136100001353
bowl/test/bowl_0071.obj,32,252,28627,6.153697334479793,7.875,4.063492063492063,0.08574091577898445,0.014339472594908117,0.36393812776006856,77.98460345766975,0.09829296999987491,0.4331240550000075
bowl/test/bowl_0072.obj,32,252,28657,6.176077586206897,7.875,4.063492063492063,0.05573871782999707,0.005631438258651537,0.2932985856410204,83.62906550534069,0.13961848799999643,0.3257469370000763
bowl/test/bowl_0073.obj,32,252,28627,6.169612068965518,7.875,4.063492063492063,0.06138204864116488,0.00722601561472082,0.23080723499648428,65.3189141114455,0.10482075499999155,0.20661604999986594
bowl/test/bowl_0074.obj,32,252,28648,6.158211521926053,7.875,4.063492063492063,0.06369175298303156,0.007787936078273443,0.2935312939133896,83.11763869033877,0.15897180999991178,0.27755978200002573
bowl/test/bowl_0075.obj,32,252,28644,6.157351676698195,7.875,4.063492063492063,0.06452491805546634,0.008150409637717348,0.3122386679211127,77.40527651075251,0.15041813100015133,0.2079378959999758
bowl/test/bowl_0076.obj,32,252,28629,6.154127257093723,7.875,4.063492063492063,0.10737101886505264,0.021558307656485927,0.4705094257016097,82.97152780528711,0.11534633099995517,0.2485852380000324
bowl/test/bowl_0077.obj,32,252,28634,6.187121866897148,7.875,4.063492063492063,0.0480301201013746,0.005160197022407237,0.2971835691193162,78.75968396126946,0.13083263499993336,0.19875581999986025
bowl/test/bowl_0078.obj,32,252,28617,6.151547721410147,7.875,4.063492063492063,0.08351685187526642,0.015553373322207322,0.46018902300321707,82.31475848796973,0.12568446999989646,0.2774631350000618
bowl/test/bowl_0079.obj,32,252,28650,6.174568965517241,7.875,4.063492063492063,0.07026337262811644,0.009432723108399639,0.3436640215252562,77.91245834817184,0.08448854100015524,0.20309448700004396
bowl/test/bowl_0080.obj,32,252,28625,6.169181034482759,7.875,4.063492063492063,0.08881438677359421,0.015196037027078122,0.38303747211953315,78.01425714278162,0.09432727900002646,0.18678333200000452
bowl/test/bowl_0081.obj,32,252,28627,6.169612068965518,7.875,4.063492063492063,0.09311364983426346,0.016595872626674477,0.40054345029037447,80.06283571215147,0.1942898590000368,0.524919761000092
bowl/test/bowl_0082.obj,32,252,28683,6.165735167669819,7.875,4.063492063492063,0.057783443543769034,0.006460638061506431,0.26913410483587064,93.60420025241797,0.21894178699994882,0.42461394800011476
bowl/test/bowl_0083.obj,32,252,28746,6.195258620689655,7.875,4.063492063492063,0.03681317419638455,0.003468460249269845,0.27540922839520526,84.59424100033375,0.13047825700004978,0.3156094749999738
bowl/test/bowl_0084.obj,32,252,28632,6.154772141014617,7.875,4.063492063492063,0.0735700380494899,0.00985293831909413,0.29159739743758567,76.1830564665053,0.1970156100001077,0.3142026710002028
car/test/car_0198.obj,32,252,28652,6.159071367153913,7.875,4.063492063492063,0.04536977210505393,0.003972416896538026,0.2210574662576317,94.1149353677641,0.1996841149998545,0.3212793369998508
car/test/car_0199.obj,32,250,28524,6.1633535004321525,7.8125,4.096,0.027224117120512908,0.0015592309099674564,0.16548532925342868,94.70295054583296,0.18226699000024382,0.21174458399991636
car/test/car_0200.obj,32,252,28666,6.194036300777873,7.875,4.063492063492063,0.0338684216684242,0.0024307654793810597,0.2065826755133007,95.80666374132224,0.08244795400014482,0.21043927799973972
car/test/car_0201.obj,32,248,28391,6.166594265855777,7.75,4.129032258064516,0.034106199784738764,0.002240217830959486,0.172572006842701,91.51815321830318,0.13042193000001134,0.2048200569997789
car/test/car_0202.obj,32,252,28695,6.1683147033533965,7.875,4.063492063492063,0.041912659317176346,0.00351801133341749,0.18708659016494578,100.34322937525889,0.1579253510003582,0.1914698719997432
car/test/car_0203.obj,32,250,28551,6.185225303292894,7.8125,4.096,0.03395289618881989,0.0024750143619649088,0.16276421114886766,104.27980753413277,0.08649900299997171,0.18061738500000502
car/test/car_0204.obj,32,252,28659,6.176508620689655,7.875,4.063492063492063,0.039279646803321064,0.0026736781631221214,0.14928449493058082,104.91969487429515,0.08234696699992128,0.22622210500003348
car/test/car_0205.obj,32,252,28662,6.177155172413793,7.875,4.063492063492063,0.038230141888573654,0.002759063266677498,0.14935555541025544,97.23233463352202,0.186713043999589,0.3114204629996493
car/test/car_0206.obj,32,244,28187,6.186786654960492,7.625,4.19672131147541,0.02288434640884266,0.0012427128462677358,0.1566745452554796,90.92550244099463,0.09941248899986022,0.2870288519998212
car/test/car_0207.obj,32,252,28690,6.167239896818573,7.875,4.063492063492063,0.03886708423284938,0.0028145720625473787,0.166481725204942,102.91772515154426,0.10852768299992022,0.1783684459996948
car/test/car_0208.obj,32,252,28709,6.171324161650903,7.875,4.063492063492063,0.041853472036524675,0.003100935429562344,0.14807230696247173,101.96550755580745,0.09428083000011611,0.519715272999747
car/test/car_0209.obj,32,250,28543,6.167458945548833,7.8125,4.096,0.028493571821791706,0.0016992835246170995,0.13343398871970805,86.65960224025491,0.12166153099997246,0.21456771800012575
car/test/car_0210.obj,32,252,28644,6.157351676698195,7.875,4.063492063492063,0.03225787680588841,0.0020846692635366907,0.15073443516997698,91.8967730163258,0.18211497599986615,0.40576223399966693
car/test/car_0211.obj,32,252,28680,6.181034482758621,7.875,4.063492063492063,0.0353347704385515,0.0024771999444887106,0.1748514595895554,100.18163541688858,0.12426253600006021,0.23671622700021544
car/test/car_0212.obj,32,248,28407,6.1700695047784535,7.75,4.129032258064516,0.02547904199739901,0.0012892186156579788,0.1348988045867147,90.71186827703232,0.10857925800019075,0.5338328279999587
car/test/car_0213.obj,32,252,28665,6.161865864144454,7.875,4.063492063492063,0.042765457830624395,0.0035991255784730346,0.17788936524954824,91.63452587661224,0.08470760299996982,0.29584604999990916
car/test/car_0214.obj,32,240,27851,6.17812777284827,7.5,4.266666666666667,0.02538095440568613,0.0014188093621458554,0.15111341256124497,89.6477155657871,0.082873501999984,0.33106652400010717
car/test/car_0215.obj,32,252,28656,6.175862068965517,7.875,4.063492063492063,0.03545099761791129,0.0022812841072652867,0.19826475610343766,97.93224317255448,0.21613267199973052,0.37334575499971834
car/test/car_0216.obj,32,252,28617,6.151547721410147,7.875,4.063492063492063,0.025274515357747322,0.0014564685253473692,0.1656238362846727,87.66289611745293,0.11063502800016067,0.4123425640000278
car/test/car_0217.obj,32,246,28242,6.166375545851529,7.6875,4.162601626016261,0.03134293736563483,0.0019785959402433104,0.19060758843318645,88.71281688180368,0.09005996199994115,0.31603399000005084
car/test/car_0218.obj,32,252,28661,6.161006018916595,7.875,4.063492063492063,0.02006762381926823,0.0009021946897009481,0.11862059615256865,91.45561873496487,0.15009711199991216,0.46388091900007566
car/test/car_0219.obj,32,250,28493,6.172660311958405,7.8125,4.096,0.025428373065350056,0.0013171002595907995,0.15235111200011617,87.30341106634194,0.14495316700003968,0.5716008269996564
car/test/car_0220.obj,32,248,28389,6.198471615720524,7.75,4.129032258064516,0.03408679350819625,0.0022918070536537246,0.14539077716319648,95.28187161147362,0.17501004099995043,0.41537129600010303
car/test/car_0221.obj,32,252,28637,6.155846947549441,7.875,4.063492063492063,0.03802072615413532,0.0027905337585306797,0.16433197007280814,102.6784259051963,0.22746290800023417,0.6272135149997666
car/test/car_0222.obj,32,252,28687,6.1665950128976785,7.875,4.063492063492063,0.045431825188287964,0.0038881660009039407,0.16717669468424037,96.75355275394995,0.24078150299965273,0.3066552870000123
car/test/car_0223.obj,32,234,27419,6.214641885766093,7.3125,4.3760683760683765,0.02646606740980184,0.002065716673283567,0.2743608321334511,91.09860981641529,0.28716500500013353,0.538003486999969
car/test/car_0224.obj,32,252,28654,6.159501289767841,7.875,4.063492063492063,0.03823507307811202,0.002833646552799267,0.17487785744275228,96.90934015915428,0.12424873400004799,0.3497671309996804
car/test/car_0225.obj,32,252,28668,6.1944684528954195,7.875,4.063492063492063,0.04456565254711027,0.003681420146994628,0.1797327359839107,106.65665895944048,0.09266774900015662,0.34255326299989974
car/test/car_0226.obj,32,248,28373,6.162684622067768,7.75,4.129032258064516,0.04442352579153884,0.0036839037642612555,0.19705942027800466,92.24727690540522,0.15084858299996995,0.2958170329998211
car/test/car_0227.obj,32,242,27964,6.203194321206744,7.5625,4.231404958677686,0.027737363867068432,0.0017491640360628752,0.2933853837751671,91.96294154662597,0.13032336100013708,0.29133616199987955
car/test/car_0228.obj,32,252,28650,6.158641444539983,7.875,4.063492063492063,0.05492842871844389,0.005464879637648106,0.21202490746069882,101.51817274932213,0.16287282800021785,0.28031787700001587
car/test/car_0229.obj,32,250,28534,6.197654213727194,7.8125,4.096,0.025615423258285225,0.0013388381156539861,0.14392674032424263,92.962357156582,0.15558465699996304,0.27418342800001483
car/test/car_0230.obj,32,252,28705,6.170464316423044,7.875,4.063492063492063,0.0436543139265666,0.0034675640667575186,0.1678249761644823,113.65828252725817,0.11293580699975792,0.5810409890000301
car/test/car_0231.obj,32,248,28435,6.176151172893136,7.75,4.129032258064516,0.04511412722465638,0.003499885614193163,0.17896215321793815,100.79566106920373,0.18989511000017956,0.18626496600018072
car/test/car_0232.obj,32,248,28398,6.168114682884449,7.75,4.129032258064516,0.04684820271844146,0.0036231331356034032,0.16484140294689356,94.45104210379685,0.16883125200001814,0.4198019660002501
car/test/car_0233.obj,32,236,27588,6.202338129496403,7.375,4.338983050847458,0.02648002536013445,0.001513276877513278,0.14588226934592533,91.41966104146414,0.1601132690002487,0.29345097400027953
car/test/car_0234.obj,32,252,28712,6.187931034482759,7.875,4.063492063492063,0.03212038782017782,0.002175274987543202,0.15977169153368662,100.84874047452018,0.12222620400007145,0.2817762009999569
car/test/car_0235.obj,32,252,28661,6.176939655172414,7.875,4.063492063492063,0.03545766025626594,0.002503869756817681,0.1681576709303829,100.10862372501356,0.24272012199980963,0.43090897199999745
car/test/car_0236.obj,32,252,28724,6.174548581255374,7.875,4.063492063492063,0.01946532571199562,0.0009759994090297317,0.12859132645928642,84.91606995007893,0.1102152430003116,0.23932508300003974
car/test/car_0237.obj,32,248,28398,6.168114682884449,7.75,4.129032258064516,0.03195048861299861,0.0020929002619793106,0.15027662498809502,101.49634612119107,0.08837567699993087,0.4013845530002982
car/test/car_0238.obj,32,252,28671,6.163155631986243,7.875,4.063492063492063,0.03449621910299039,0.0023986693589886894,0.18057230882453904,99.87556415119715,0.10451413100008722,0.2509663499999988
car/test/car_0239.obj,32,252,28679,6.196845289541919,7.875,4.063492063492063,0.03332600989539549,0.002267684880948871,0.18012508828579124,95.50524476761728,0.09994516500000827,0.2842599120003797
car/test/car_0240.obj,32,252,28679,6.164875322441961,7.875,4.063492063492063,0.04065200268538046,0.002874135665198222,0.14443638123987404,100.56043071296662,0.07759929999974702,0.32756847600012406
car/test/car_0241.obj,32,252,28710,6.171539122957868,7.875,4.063492063492063,0.03731067798001318,0.002617011255856975,0.15351848826694534,101.78386519410418,0.10922208600004524,0.3940669040002831
car/test/car_0242.obj,32,252,28647,6.157996560619089,7.875,4.063492063492063,0.03984653460266845,0.0028453433131869483,0.16554437240738426,93.31870831788987,0.16968853900016256,0.24912011900005382
car/test/car_0243.obj,32,252,28656,6.159931212381771,7.875,4.063492063492063,0.04557578802299587,0.0037444565962077214,0.20563016408851229,112.55408956307008,0.11847541199995248,0.22988862800002607
car/test/car_0244.obj,32,250,28572,6.189774696707106,7.8125,4.096,0.03278295389186367,0.0020379966152865555,0.1441514757824168,77.97664410249266,0.17205730900013805,0.33165086300004987
car/test/car_0245.obj,32,252,28664,6.177586206896552,7.875,4.063492063492063,0.037248805419781206,0.0027655444095685397,0.19520962433602126,102.22455408893714,0.07501613700014786,0.18224442900009308
car/test/car_0246.obj,32,252,28727,6.175193465176268,7.875,4.063492063492063,0.031178191601862637,0.0019013273042848271,0.14745300239526418,94.4514659402262,0.15674206000039703,0.45809339199968235
car/test/car_0247.obj,32,252,28676,6.1642304385210664,7.875,4.063492063492063,0.04179373114108355,0.0030672102071257696,0.1667323420432196,96.1431915235068,0.1758807659998638,0.22146081100027004
car/test/car_0248.obj,32,252,28697,6.184698275862069,7.875,4.063492063492063,0.04574436691506607,0.0038155731989191026,0.18397624303085908,103.44766361521062,0.16255225100030657,0.48940838999988046
car/test/car_0249.obj,32,252,28658,6.160361134995701,7.875,4.063492063492063,0.033640451279358406,0.0021231505317786618,0.153664113556595,99.78360240536354,0.11715508500037686,0.3755779070002063
car/test/car_0250.obj,32,252,28660,6.176724137931035,7.875,4.063492063492063,0.03516907501094511,0.002371271237541455,0.16760516578476323,100.15266080385354,0.26525299099967015,0.38199262299986003
car/test/car_0251.obj,32,252,28666,6.162080825451419,7.875,4.063492063492063,0.048042607505088805,0.003937195365795773,0.1803778473716141,114.54626488593735,0.19979247199989913,0.19327403399984178
car/test/car_0252.obj,32,238,27774,6.2106440071556355,7.4375,4.302521008403361,0.03138395671730513,0.002137013631502157,0.1671393317827622,98.71134955040566,0.2035247899998467,0.1813255779998144
car/test/car_0253.obj,32,248,28418,6.188588850174216,7.75,4.129032258064516,0.04626627967928611,0.0037724795564679304,0.1699080664109934,105.82376131449816,0.13260793499966894,0.16628294099973573
car/test/car_0254.obj,32,252,28659,6.160576096302665,7.875,4.063492063492063,0.029191561115575818,0.0017156736730551325,0.1430207642399228,98.47100208469632,0.07408751899993149,0.1619226559996605
car/test/car_0255.obj,32,252,28665,6.161865864144454,7.875,4.063492063492063,0.03495759708510454,0.0022713450232487806,0.15891007491213047,91.12946215063766,0.13924351399964507,0.20889712200005306
car/test/car_0256.obj,32,252,28676,6.1642304385210664,7.875,4.063492063492063,0.04198632374540173,0.003231071343302529,0.1758684975773747,93.45044866152472,0.13739505000012286,0.23511989799999355
car/test/car_0257.obj,32,252,28696,6.168529664660361,7.875,4.063492063492063,0.04719476782247438,0.004001720382050553,0.18075432721476914,103.13139398697743,0.08737625899993873,0.26527509800007465
car/test/car_0258.obj,32,252,28669,6.21078856152513,7.875,4.063492063492063,0.03248229869848046,0.0019684821558172646,0.13109146823672235,94.2038483299082,0.18483604399989417,0.3531976829999621
car/test/car_0259.obj,32,252,28683,6.165735167669819,7.875,4.063492063492063,0.04218641398870358,0.003444130929771288,0.16225955323464317,97.74040719242066,0.12298287799967511,0.3191091970002162
car/test/car_0260.obj,32,252,28649,6.206455805892547,7.875,4.063492063492063,0.028482576687325296,0.001702088791623498,0.13829977747872765,102.3650768671917,0.15233848400021088,0.3431664039999305
car/test/car_0261.obj,32,250,28502,6.174610051993068,7.8125,4.096,0.045459034587229025,0.0035218443859875194,0.14511586233104815,92.56913919993855,0.14881973999990805,0.41270469299979595
car/test/car_0262.obj,32,250,28538,6.16637856525497,7.8125,4.096,0.0304849792861642,0.0017717249291954082,0.12955400266126044,86.91431952287053,0.14957266300007177,0.3585644099998717
car/test/car_0263.obj,32,252,28664,6.161650902837489,7.875,4.063492063492063,0.02884068039181712,0.0017310645797279371,0.18499255071350318,97.59127467113379,0.1437937900000179,0.37194578599974193
car/test/car_0264.obj,32,252,28691,6.183405172413793,7.875,4.063492063492063,0.039066196585818246,0.002655503288695784,0.17028230515983203,107.8105135035668,0.07414221099998031,0.18475059299998975
car/test/car_0265.obj,32,252,28666,6.162080825451419,7.875,4.063492063492063,0.03150356070810799,0.001852842645068982,0.14426476514427217,102.03974605128354,0.07150422500035347,0.1691565860000992
car/test/car_0266.obj,32,252,28663,6.1933880726015555,7.875,4.063492063492063,0.038081792358435805,0.0026869909241650372,0.1548244378166892,98.17210829002838,0.07292816600011065,0.17208114099958038
car/test/car_0267.obj,32,252,28682,6.165520206362855,7.875,4.063492063492063,0.03606923305604161,0.0025165694959588033,0.218839690372336,92.6838803127893,0.07247980000011012,0.18520082999975784
car/test/car_0268.obj,32,252,28640,6.156491831470335,7.875,4.063492063492063,0.032849562552661686,0.002020270631894268,0.1539076760799373,91.92053747697875,0.07639134300006845,0.18071542199959367
car/test/car_0269.obj,32,252,28690,6.167239896818573,7.875,4.063492063492063,0.03591704741871568,0.0023574282071602585,0.15021892576744203,86.85755762629091,0.19208838900021874,0.33027516299989657
car/test/car_0270.obj,32,252,28641,6.1567067927773005,7.875,4.063492063492063,0.054053164484867244,0.005124737087029957,0.2110428844331068,105.54146788043234,0.18517276099964874,0.19031377400006022
car/test/car_0271.obj,32,242,27991,6.192699115044248,7.5625,4.231404958677686,0.02410685210996676,0.0011688561172327012,0.1382666216006141,92.47423367196433,0.188092011000208,0.21349873500003014
car/test/car_0272.obj,32,252,28705,6.186422413793103,7.875,4.063492063492063,0.036141898314719215,0.0024908367309355414,0.16267490628612108,97.43752507545413,0.19392692699966574,0.4256140620000224
car/test/car_0273.obj,32,248,28378,6.163770634231104,7.75,4.129032258064516,0.040463497040553645,0.002934921790527307,0.15878225289857067,96.71957020131185,0.21055132999981652,0.2853657689997817
car/test/car_0274.obj,32,230,27177,6.21046617915905,7.1875,4.452173913043478,0.02126649931401156,0.0010266084234868264,0.17146228153202364,88.47293255734846,0.07661497900016911,0.2839857200001461
car/test/car_0275.obj,32,252,28664,6.161650902837489,7.875,4.063492063492063,0.040071592083227955,0.0031429376799843667,0.1876667060566343,104.54261535667342,0.28041323600018586,0.29861273799997434
car/test/car_0276.obj,32,250,28511,6.160544511668107,7.8125,4.096,0.02656377083251554,0.001601458725140685,0.17782269654135915,93.5481304379552,0.2768486310001208,0.40759518999993816
car/test/car_0277.obj,32,252,28660,6.1607910576096305,7.875,4.063492063492063,0.023194416980146283,0.0012366407535098149,0.16862481262492543,90.57557513930638,0.09308045099987794,0.21096512499980236
car/test/car_0278.obj,32,252,28650,6.174568965517241,7.875,4.063492063492063,0.034580034079542195,0.002327587678337098,0.15963300877860834,95.00213391886568,0.2271659540001565,0.4216655330001231
car/test/car_0279.obj,32,250,28499,6.157951598962835,7.8125,4.096,0.024338392459132094,0.0013392776427706026,0.15275518111695596,89.49976317208352,0.214136678000159,0.21731954699998823
car/test/car_0280.obj,32,252,28678,6.180603448275862,7.875,4.063492063492063,0.0381011023934038,0.002815895948089063,0.17535513965550245,100.62306620321553,0.08921304299974508,0.21328251700015244
car/test/car_0281.obj,32,252,28676,6.1642304385210664,7.875,4.063492063492063,0.04339862016445732,0.003267277020004858,0.1474402443227928,95.7599723390027,0.12474278599984245,0.29674129200020616
car/test/car_0282.obj,32,252,28636,6.155631986242477,7.875,4.063492063492063,0.038861231104427234,0.002912277035112476,0.159610825460269,79.88528539875202,0.0866933459997199,0.4044645069998296
car/test/car_0283.obj,32,250,28509,6.160112359550562,7.8125,4.096,0.03374637388168971,0.002520270447048876,0.19381018071140704,83.83366635387388,0.08146830499981661,0.4079477870000119
car/test/car_0284.obj,32,252,28691,6.167454858125537,7.875,4.063492063492063,0.038923177707008476,0.0029542702264251657,0.15408760602854601,100.82778886496953,0.36096109800018894,0.45010174299977734
car/test/car_0285.obj,32,252,28655,6.159716251074807,7.875,4.063492063492063,0.04180094762744204,0.003019929716796629,0.14425592886838523,96.4973242472112,0.15791771799968046,0.3517328079997242
car/test/car_0286.obj,32,252,28680,6.165090283748925,7.875,4.063492063492063,0.04334399916296379,0.0034025932844122986,0.18595964002071483,104.27914383528474,0.13512650900020162,0.3210028749999765
car/test/car_0287.obj,32,244,28172,6.183494293239684,7.625,4.19672131147541,0.021640514458702024,0.001020791972467005,0.13223057060836949,88.79633975042674,0.07808067399992069,0.4027771229998507
car/test/car_0288.obj,32,252,28659,6.160576096302665,7.875,4.063492063492063,0.033431620084238244,0.0020714349010873784,0.12999284007118628,91.48917553294572,0.07479128099976151,0.3673520679999456
car/test/car_0289.obj,32,250,28515,6.193527367506516,7.8125,4.096,0.026627641774747156,0.0015601512072319524,0.1955943774670268,88.92157124237585,0.14306072899989886,0.4733293560002494
car/test/car_0290.obj,32,252,28671,6.163155631986243,7.875,4.063492063492063,0.047685712046653686,0.004000663419722309,0.17086087467890276,97.24532551260975,0.25293367999984184,0.40890305499988244
car/test/car_0291.obj,32,252,28664,6.177586206896552,7.875,4.063492063492063,0.03710249751294106,0.002466578497445717,0.14378080616561292,97.69501089292208,0.13697935300024255,0.3450417720000587
car/test/car_0292.obj,32,252,28665,6.161865864144454,7.875,4.063492063492063,0.03780685180201629,0.0025763783075212765,0.14668033108333428,89.09508621989494,0.07186168999987785,0.18741147000037017
car/test/car_0293.obj,32,252,28711,6.203759723422645,7.875,4.063492063492063,0.043649446362652194,0.0033459596377546147,0.15493480892154066,95.36788626700701,0.1441431900002499,0.35568093599977146
car/test/car_0294.obj,32,252,28646,6.1737068965517246,7.875,4.063492063492063,0.037442765255198455,0.0028394539502901855,0.1631582718332342,96.12015041947991,0.20970619000036095,0.24427012600017406
car/test/car_0295.obj,32,248,28428,6.206986899563319,7.75,4.129032258064516,0.044446986456757986,0.003502047146809198,0.17652366490423121,102.5517961045924,0.13987822399985816,0.22762139499991463
car/test/car_0296.obj,32,252,28695,6.1842672413793105,7.875,4.063492063492063,0.049306756515171225,0.004219532635116981,0.1671269932236814,104.92684707433907,0.11843736599985277,0.2063882749998811
car/test/car_0297.obj,32,252,28681,6.16530524505589,7.875,4.063492063492063,0.03813972654541456,0.00281926897179348,0.15915400181928596,93.52748925333057,0.2517225779997716,0.2190369169998121
chair/test/chair_0890.obj,32,252,28677,6.180387931034483,7.875,4.063492063492063,0.06254987449990856,0.008650244190606489,0.3406928519900165,100.29718876190441,0.1507905739999842,0.2634384329999193
chair/test/chair_0891.obj,32,230,27230,6.205560619872379,7.1875,4.452173913043478,0.05307682631998202,0.0053229404301365245,0.24236058455468784,94.78990091666773,0.08179689100006726,0.1986178369998015
chair/test/chair_0892.obj,32,246,28291,6.1933012259194395,7.6875,4.162601626016261,0.032043258618587304,0.0023673249450776117,0.22175083773015775,94.15443078507548,0.1450286760000381,0.2880927060000431
chair/test/chair_0893.obj,32,252,28641,6.1567067927773005,7.875,4.063492063492063,0.03141856929821243,0.0023145878907732263,0.41675886226057995,88.97236964167962,0.07309324500010916,0.2684405230002085
chair/test/chair_0894.obj,32,252,28680,6.165090283748925,7.875,4.063492063492063,0.06831812159031966,0.009784734636760951,0.3483541440358047,100.74422175610471,0.1503803630002949,0.19489667199968608
chair/test/chair_0895.obj,32,252,28655,6.159716251074807,7.875,4.063492063492063,0.05187759485001198,0.005062039222341715,0.31187763051602946,89.75010829897866,0.08576163700035977,0.2532480320001014
chair/test/chair_0896.obj,32,252,28757,6.1816423043852105,7.875,4.063492063492063,0.049479790171960615,0.004651050809652505,0.2713259584555928,103.21736090835404,0.09831249000035314,0.2441374159998304
chair/test/chair_0897.obj,32,252,28717,6.173043852106621,7.875,4.063492063492063,0.052610064454940084,0.005381448391329013,0.3929351378939653,89.07358418031947,0.09815791000028184,0.2899573600002441
chair/test/chair_0898.obj,32,248,28411,6.2195709281961475,7.75,4.129032258064516,0.03748065506684002,0.0031236969442722095,0.26693034584244746,86.72645172949211,0.0954973380003139,0.37796254200020485
chair/test/chair_0899.obj,32,252,28697,6.168744625967326,7.875,4.063492063492063,0.05450167589914229,0.007024869149961168,0.32003945051836274,99.23496582256655,0.10904035300018222,0.39381859200011604
chair/test/chair_0900.obj,32,248,28407,6.1700695047784535,7.75,4.129032258064516,0.04840568186432399,0.005086385488394747,0.3242994408497688,94.93186228724647,0.21666023299985682,0.38778529700039144
chair/test/chair_0901.obj,32,244,28136,6.175592625109745,7.625,4.19672131147541,0.03856888508468798,0.0031721303733071382,0.2687483283338972,93.48604116405916,0.1093353709998155,0.1778396109998539
chair/test/chair_0902.obj,32,248,28401,6.16876629018245,7.75,4.129032258064516,0.06257933700290214,0.0085049110572438,0.3082211574490039,91.29473772921509,0.1298675669995646,0.24101894299974447
chair/test/chair_0903.obj,32,252,28678,6.164660361134995,7.875,4.063492063492063,0.05296220734981982,0.005712534925024343,0.34090857086275894,89.15153557231349,0.32566762500027835,0.4795642960002624
chair/test/chair_0904.obj,32,252,28679,6.180818965517242,7.875,4.063492063492063,0.060082016421351546,0.007922912909453829,0.3940468354115378,108.42350074724777,0.27303518700000495,0.31397303999983706
chair/test/chair_0905.obj,32,250,28590,6.17761452031115,7.8125,4.096,0.0469329948910711,0.005011647821954771,0.286220144355872,99.32158465128231,0.1717187039998862,0.2727921539999443
chair/test/chair_0906.obj,32,252,28713,6.188146551724138,7.875,4.063492063492063,0.042357241252287126,0.004052449318753868,0.31154291064736706,84.52441544933035,0.18617801900018094,0.5656971370003703
chair/test/chair_0907.obj,32,246,28279,6.174454148471615,7.6875,4.162601626016261,0.039827415888351016,0.0031922061962373228,0.252673169035393,91.60923685552837,0.13531496399991738,0.2933447090003938
chair/test/chair_0908.obj,32,234,27552,6.227848101265823,7.3125,4.3760683760683765,0.05533563302942259,0.0064916860021654215,0.31517128526107435,99.36070546128468,0.13562379999984842,0.20101489700027741
chair/test/chair_0909.obj,32,244,28173,6.200044014084507,7.625,4.19672131147541,0.03993828328408566,0.0036540860315941275,0.32857309928355777,92.27441495781977,0.08208159199966758,0.18589495500009434
chair/test/chair_0910.obj,32,252,28727,6.207216940363008,7.875,4.063492063492063,0.055843706950309976,0.0068993258175224295,0.335618685471685,105.07924064521862,0.18797154999992927,0.21621576699999423
chair/test/chair_0911.obj,32,238,27715,6.180865298840321,7.4375,4.302521008403361,0.06054683477891118,0.008219754045538156,0.3371105067289695,100.72303222696686,0.12423162100003537,0.3945563920001405
chair/test/chair_0912.obj,32,232,27365,6.202402538531278,7.25,4.413793103448276,0.041813635492939094,0.0036825395407204427,0.28295874927992515,97.18700439810745,0.13004798299971299,0.3498241209999833
chair/test/chair_0913.obj,32,248,28419,6.172675933970461,7.75,4.129032258064516,0.058587441016550196,0.007258847970772649,0.5781496824036912,86.79744696640958,0.0949361350003528,0.38488808400006747
chair/test/chair_0914.obj,32,234,27453,6.205470162748644,7.3125,4.3760683760683765,0.04697579588976893,0.004316368971246384,0.23619146310315284,94.8578019681409,0.2738317990001633,0.37524177800014513
chair/test/chair_0915.obj,32,252,28707,6.186853448275862,7.875,4.063492063492063,0.03957958617896036,0.003217048038095096,0.25425809993873627,92.55279968154909,0.29774962999999843,0.22448268600010124
chair/test/chair_0916.obj,32,250,28530,6.164649956784788,7.8125,4.096,0.048445374713393385,0.006174209274911133,0.7963308824977873,83.62133566679881,0.0806031760002952,0.23768463399983375
chair/test/chair_0917.obj,32,236,27574,6.199190647482014,7.375,4.338983050847458,0.046768422118791245,0.0041435897164008575,0.216851031100911,93.2785918665938,0.24734059999991587,0.3986922229996708
chair/test/chair_0918.obj,32,252,28753,6.180782459157352,7.875,4.063492063492063,0.06717809038097418,0.008001603701933455,0.33360962018526663,103.67476913955296,0.2771741730002759,0.24306864600021072
chair/test/chair_0919.obj,32,252,28682,6.213604852686308,7.875,4.063492063492063,0.053880507788452076,0.005555672181765329,0.2783956864797813,102.30186218977157,0.1201243489999797,0.3838839600002757
chair/test/chair_0920.obj,32,242,27987,6.175419240953222,7.5625,4.231404958677686,0.0601168275393547,0.007407825464173809,0.3567734872861989,91.0223664328316,0.2544338309999148,0.2731173960000888
chair/test/chair_0921.obj,32,248,28400,6.184668989547038,7.75,4.129032258064516,0.07428799531188209,0.010795117341072991,0.3182981398564925,96.59553758646341,0.24826190899966605,0.2795848119999391
chair/test/chair_0922.obj,32,248,28416,6.172024326672458,7.75,4.129032258064516,0.05197107379846401,0.0049320368317489665,0.2799013177168341,91.39112417328951,0.11722293999991962,0.38694628700022804
chair/test/chair_0923.obj,32,246,28338,6.203590192644484,7.6875,4.162601626016261,0.051852419243596744,0.00552914552740126,0.4095693466608701,95.54604740970231,0.1760989360000167,0.24825108400000317
chair/test/chair_0924.obj,32,252,28667,6.162295786758383,7.875,4.063492063492063,0.05074425297717235,0.004994378653978958,0.2745971592791534,102.80060603679674,0.11890485200001422,0.21759551500008456
chair/test/chair_0925.obj,32,252,28720,6.189655172413793,7.875,4.063492063492063,0.04994072958844233,0.005137529954049612,0.26802036362468734,98.18493527070333,0.13325466000014785,0.17950252199989336
chair/test/chair_0926.obj,32,246,28280,6.17467248908297,7.6875,4.162601626016261,0.06680587119766465,0.010632114190085015,0.46090098180699657,95.58787452058593,0.13674335799987603,0.26464421599985144
chair/test/chair_0927.obj,32,250,28571,6.173509075194469,7.8125,4.096,0.05270154579503543,0.006760977146038408,0.3561357649577914,96.85065416984136,0.15145441599997866,0.36892759600004865
chair/test/chair_0928.obj,32,240,27862,6.2136485280999105,7.5,4.266666666666667,0.04968945545200176,0.004822916067224279,0.2316931979568356,99.30787374842302,0.22008883900025467,0.5282447120002871
chair/test/chair_0929.obj,32,252,28702,6.201815038893691,7.875,4.063492063492063,0.05721201624535821,0.00675140393727297,0.37996267800209904,97.94043432812092,0.1567069489997266,0.21157930500021394
chair/test/chair_0930.obj,32,238,27768,6.192685102586976,7.4375,4.302521008403361,0.034555509370422406,0.002478836085741741,0.19311570676980555,95.86942831330234,0.20076522399995156,0.35914210099963384
chair/test/chair_0931.obj,32,252,28669,6.194684528954192,7.875,4.063492063492063,0.0467423832100934,0.004963620112192377,0.29980949156190173,91.44444894164056,0.16627917000005255,0.30704283899967777
chair/test/chair_0932.obj,32,244,28163,6.181518876207199,7.625,4.19672131147541,0.029130650405790555,0.0018178728268528955,0.16839341784986064,91.09931128219318,0.19336811000039233,0.17613048200018966
chair/test/chair_0933.obj,32,252,28679,6.180818965517242,7.875,4.063492063492063,0.06307921530935544,0.007994670875408753,0.32717488037430004,105.03624708554491,0.1610767370002577,0.33411475200000496
chair/test/chair_0934.obj,32,252,28727,6.175193465176268,7.875,4.063492063492063,0.05221632580355268,0.0055115429520040185,0.3281053406646473,94.63250829048656,0.19003768799984755,0.497467972999857
chair/test/chair_0935.obj,32,248,28455,6.180495221546481,7.75,4.129032258064516,0.06981635224515048,0.011052667953742825,0.46002468096964166,106.14041752111692,0.19925825699965571,0.31461786900035804
chair/test/chair_0936.obj,32,252,28658,6.176293103448276,7.875,4.063492063492063,0.049798292124359655,0.005620185550724705,0.37939248126923536,84.27633353595282,0.24125852799988934,0.3949203310003213
chair/test/chair_0937.obj,32,250,28542,6.16724286949006,7.8125,4.096,0.04271899144977148,0.004036192968183096,0.3016602249435761,94.6308832762772,0.13098348600033205,0.42240350100018986
chair/test/chair_0938.obj,32,240,27905,6.190106477373558,7.5,4.266666666666667,0.038661983114131514,0.0032431287594460985,0.24432987569706355,95.04458828258419,0.1202100759996938,0.3176484949999576
chair/test/chair_0939.obj,32,252,28712,6.171969045571797,7.875,4.063492063492063,0.03881277744554346,0.0028152085106589505,0.20144447162350557,98.93498009701943,0.13607129500041992,0.6302525310002238
chair/test/chair_0940.obj,32,240,27893,6.187444543034605,7.5,4.266666666666667,0.0481415724276362,0.004409962174273359,0.2604114457078485,100.10877414472083,0.20139689300003738,0.22483687999965696
chair/test/chair_0941.obj,32,238,27752,6.189116859946476,7.4375,4.302521008403361,0.04695898166286457,0.004836302278887184,0.3307632584449209,90.64004124884856,0.1352037750002637,0.3213801769998099
chair/test/chair_0942.obj,32,232,27330,6.194469628286491,7.25,4.413793103448276,0.035157873805083256,0.002576704055740145,0.24222084078602843,93.90875282579118,0.1276178869998148,0.41746601099976033
chair/test/chair_0943.obj,32,244,28152,6.195422535211268,7.625,4.19672131147541,0.023812212796422063,0.0013016702707468542,0.16567090086650124,92.94012967794694,0.14683373800016852,0.24128465100011454
chair/test/chair_0944.obj,32,238,27779,6.2117620751341684,7.4375,4.302521008403361,0.04506789517008545,0.004095427985652343,0.25519877125240936,96.42906526874279,0.2235695740000665,0.3246999819998564
chair/test/chair_0945.obj,32,248,28412,6.187282229965157,7.75,4.129032258064516,0.054008148995454974,0.006444101450883663,0.3025087730664809,99.85561184817311,0.08196739300001354,0.2969945170002575
chair/test/chair_0946.obj,32,252,28678,6.164660361134995,7.875,4.063492063492063,0.0545885194005764,0.0066968024808740055,0.32993899697107504,91.14815962241633,0.08647448300007454,0.23170935000007375
chair/test/chair_0947.obj,32,248,28415,6.187935540069686,7.75,4.129032258064516,0.029681530807387158,0.0019101060415912356,0.18746780747918265,94.51322507418362,0.09943383000018002,0.28234591000000364
chair/test/chair_0948.obj,32,244,28194,6.204665492957746,7.625,4.19672131147541,0.04675422084430447,0.004361713925976786,0.26121645632680196,93.54122402249865,0.19452455100008592,0.19549078199997894
chair/test/chair_0949.obj,32,246,28256,6.185639229422066,7.6875,4.162601626016261,0.0409446854131429,0.003370354924444128,0.25439505586558864,93.541927191068,0.12512206699966555,0.22130092899988085
chair/test/chair_0950.obj,32,250,28544,6.1676750216076055,7.8125,4.096,0.04667575326896924,0.00740530522992115,0.844835666328695,94.78308054143021,0.19323286500002723,0.2980110190001142
chair/test/chair_0951.obj,32,252,28729,6.191594827586207,7.875,4.063492063492063,0.03883293397219396,0.0031129583080687882,0.21556421774576823,103.53281093784855,0.2111307619998115,0.4773809610001081
chair/test/chair_0952.obj,32,246,28256,6.185639229422066,7.6875,4.162601626016261,0.03739977567477447,0.0030248026465936346,0.3006970440835812,87.21903179375045,0.25418003699996916,0.5623156550000203
chair/test/chair_0953.obj,32,248,28385,6.1814024390243905,7.75,4.129032258064516,0.031862421035007346,0.0023058508058201414,0.22164316357913302,92.52278643170726,0.12601014999972904,0.39419270299958953
chair/test/chair_0954.obj,32,252,28660,6.1607910576096305,7.875,4.063492063492063,0.04894611723299441,0.004717797973931137,0.2690918544585767,92.77861931451986,0.22252337100007935,0.32955823400016016
chair/test/chair_0955.obj,32,218,26419,6.22502356267672,6.8125,4.697247706422019,0.06384777251516363,0.008174854501954914,0.3226090135126501,88.98615839512884,0.1688518920000206,0.23563602199965317
chair/test/chair_0956.obj,32,250,28575,6.190424610051993,7.8125,4.096,0.06708955891244246,0.008901649838157827,0.3594815071434117,103.68196998276503,0.18956974000002447,0.5434495389999938
chair/test/chair_0957.obj,32,246,28284,6.175545851528384,7.6875,4.162601626016261,0.048405632699311904,0.004693246497046514,0.2753958103971488,101.25487298774665,0.13054361900003641,0.3506605210000089
chair/test/chair_0958.obj,32,252,28735,6.192887931034483,7.875,4.063492063492063,0.059022747769058276,0.006646328716006516,0.3250112920551444,100.72993754705385,0.1051331929998014,0.36813257299991164
chair/test/chair_0959.obj,32,248,28428,6.190766550522648,7.75,4.129032258064516,0.05305697808602969,0.005906140737212268,0.3026272630850367,98.95033831343727,0.17830447899996216,0.3417853359997025
chair/test/chair_0960.obj,32,246,28264,6.18739054290718,7.6875,4.162601626016261,0.043345412773497974,0.0036963346019259274,0.2314907502935334,90.73957196772163,0.1609979069999099,0.21302156899992042
chair/test/chair_0961.obj,32,250,28525,6.195699391833188,7.8125,4.096,0.0469549646777343,0.005626258789316636,0.32284618617858446,89.17239234750525,0.22311739799988572,0.5846089940000638
chair/test/chair_0962.obj,32,244,28218,6.193590869183494,7.625,4.19672131147541,0.04151409697237881,0.003936530954306445,0.2531784646210816,94.61661586619981,0.17578206000007413,0.25543300700019245
chair/test/chair_0963.obj,32,238,27758,6.1904549509366635,7.4375,4.302521008403361,0.047196123772495685,0.004323834758382136,0.2856174336949463,92.74434606450365,0.08308161499962807,0.1811393190000672
chair/test/chair_0964.obj,32,236,27602,6.1887892376681615,7.375,4.338983050847458,0.03523648813366399,0.0026391365452908353,0.20355917100374937,94.57556495698984,0.08881714600011037,0.1798447779997332
chair/test/chair_0965.obj,32,236,27663,6.21919964028777,7.375,4.338983050847458,0.046954076940392976,0.005006971038551612,0.3229931214780547,95.67795711308626,0.07735184300008768,0.4975814999997965
chair/test/chair_0966.obj,32,252,28712,6.187931034482759,7.875,4.063492063492063,0.04994172801889817,0.00495663921247169,0.3022811090871856,107.448932091573,0.18196059799993236,0.26438603899987356
chair/test/chair_0967.obj,32,228,27106,6.211274060494959,7.125,4.491228070175438,0.044261313737267646,0.0035954487137164724,0.1860820434028085,94.93627206425387,0.08762179299992567,0.5276173370002653
chair/test/chair_0968.obj,32,240,27916,6.225691347011597,7.5,4.266666666666667,0.06014432094125552,0.010566281831042069,0.6651874730492433,90.50714814796024,0.233697181000025,0.4440147259997502
chair/test/chair_0969.obj,32,252,28668,6.210571923743501,7.875,4.063492063492063,0.051387293626681034,0.00578232449956086,0.32321000811466966,93.22726276089425,0.19570290399997248,0.2866951229998449
chair/test/chair_0970.obj,32,248,28414,6.187717770034843,7.75,4.129032258064516,0.05314781587558839,0.0058716247632039425,0.2848094324153488,96.00351543477113,0.21606826800007184,0.33840606199964895
chair/test/chair_0971.obj,32,252,28663,6.177370689655173,7.875,4.063492063492063,0.04749405071100761,0.00450799792043504,0.305502720543205,95.53494601012623,0.16590322399997603,0.37007717999995293
chair/test/chair_0972.obj,32,246,28308,6.180786026200874,7.6875,4.162601626016261,0.06040617030664396,0.007112213240890509,0.4073342573413423,92.78073422270131,0.15460949399994206,0.4720381299998735
chair/test/chair_0973.obj,32,236,27571,6.181838565022422,7.375,4.338983050847458,0.041488233854215434,0.003121197730462678,0.21407043047630145,95.86941641654418,0.20160874800012607,0.33094061299971145
chair/test/chair_0974.obj,32,252,28625,6.153267411865865,7.875,4.063492063492063,0.05718005573446002,0.006996526720212323,0.6118166340129233,89.74765826638259,0.13735381200012853,0.28521099899990077
chair/test/chair_0975.obj,32,252,28685,6.182112068965517,7.875,4.063492063492063,0.04480912562344037,0.0038528358797928503,0.23258130117115883,87.22657500664944,0.17824244500025088,0.44047001399985675
chair/test/chair_0976.obj,32,246,28338,6.187336244541485,7.6875,4.162601626016261,0.03716858408021444,0.003011698366732112,0.22735507205677175,99.32184341307837,0.16470265799989647,0.2893266890000632
chair/test/chair_0977.obj,32,252,28716,6.188793103448276,7.875,4.063492063492063,0.048518193589862355,0.004775737757411231,0.2579310806661931,102.06739866519843,0.20685604299978877,0.5331837130001986
chair/test/chair_0978.obj,32,252,28686,6.182327586206896,7.875,4.063492063492063,0.05032616554749118,0.006217833747030656,0.3383886963190648,98.5292049450002,0.195099005999964,0.2751305020001382
chair/test/chair_0979.obj,32,248,28405,6.169635099913119,7.75,4.129032258064516,0.04985215307573476,0.005470571269483194,0.3238839055084958,89.35332479701987,0.10353565700006584,0.39838928299968757
chair/test/chair_0980.obj,32,250,28585,6.176534140017286,7.8125,4.096,0.07238167028626441,0.010952262086343385,0.4667448645890931,101.11644069991209,0.08807258600018031,0.41128321399992274
chair/test/chair_0981.obj,32,240,27932,6.245974955277281,7.5,4.266666666666667,0.03765655240800754,0.002919193095210376,0.239732650169728,94.85988173474928,0.41560593800022616,0.2386383999996724
chair/test/chair_0982.obj,32,236,27604,6.2227231740306586,7.375,4.338983050847458,0.034645581541073174,0.0024658984001882565,0.2181227196284155,93.6039270933558,0.39087514199991347,0.5044005459999426
chair/test/chair_0983.obj,32,246,28301,6.1954903677758315,7.6875,4.162601626016261,0.039247022437060464,0.0035375105364107914,0.26490330357620306,95.05497980378618,0.17889480299982097,0.48712159399974553
chair/test/chair_0984.obj,32,246,28264,6.17117903930131,7.6875,4.162601626016261,0.0336460024873725,0.0022715073216894905,0.1852855182906256,102.2702020029111,0.12452379999967889,0.3425181130000965
chair/test/chair_0985.obj,32,242,27975,6.222197508896797,7.5625,4.231404958677686,0.03868578807991801,0.003245808546444572,0.21950708267420713,90.93600542644671,0.1418137820000993,0.3554218139997829
chair/test/chair_0986.obj,32,242,28035,6.1860105913503975,7.5625,4.231404958677686,0.04178555338470039,0.003600409908084975,0.28806042039932706,93.5162012635119,0.2957667739997305,0.17561158600028648
chair/test/chair_0987.obj,32,248,28449,6.179192006950478,7.75,4.129032258064516,0.0701864583760272,0.009293365373599432,0.3956805436640237,92.62563003622178,0.20390686400014602,0.21723838699972475
chair/test/chair_0988.obj,32,250,28545,6.167891097666379,7.8125,4.096,0.06145545808632458,0.008461853084964362,0.4045360618447653,95.61006381886173,0.14201546499998585,0.2851245410001866
chair/test/chair_0989.obj,32,246,28258,6.169868995633188,7.6875,4.162601626016261,0.04325661673575367,0.003919212038512074,0.28701056132262426,96.65763048970521,0.15672672200025772,0.6060037199999897
cone/test/cone_0168.obj,32,252,28655,6.159716251074807,7.875,4.063492063492063,0.04768668854066488,0.004389434671073698,0.23806852202001502,98.8318171186658,0.18271235900010652,0.5643523310000091
cone/test/cone_0169.obj,32,252,28646,6.157781599312123,7.875,4.063492063492063,0.09340063367877942,0.037866220886561,1.2975208997473955,97.02944855382106,0.21240490599984696,0.2432686070001182
cone/test/cone_0170.obj,32,252,28641,6.1567067927773005,7.875,4.063492063492063,0.04726927517446816,0.005288036843978096,0.5865023096783583,95.53341148648059,0.19212684800004354,0.48776161200021306
cone/test/cone_0171.obj,32,252,28688,6.182758620689655,7.875,4.063492063492063,0.04908041727923319,0.004688113473130227,0.25322219664888,93.51366531897673,0.13500289300009172,0.45547055899987754
cone/test/cone_0172.obj,32,252,28708,6.187068965517241,7.875,4.063492063492063,0.04401016624077959,0.004016946575239943,0.23166915182811737,91.32961330792045,0.36964403299998594,0.4977039989998957
cone/test/cone_0173.obj,32,252,28655,6.159716251074807,7.875,4.063492063492063,0.04322282991336551,0.003122548961520374,0.1677428804893691,98.39700436859474,0.28154064499995,0.5224321880000389
cone/test/cone_0174.obj,32,252,28685,6.214254766031196,7.875,4.063492063492063,0.05104621734795188,0.0053106638421771294,0.5980604939217598,105.62466205733267,0.17964443399978336,0.3263649830000759
cone/test/cone_0175.obj,32,252,28639,6.156276870163371,7.875,4.063492063492063,0.0697635349281357,0.008636583769613852,0.3126048619889211,89.5559223218287,0.21802419400000872,0.4139825719998953
cone/test/cone_0176.obj,32,252,28694,6.184051724137931,7.875,4.063492063492063,0.03888088696462762,0.002915592048672952,0.24964326273731294,91.49018516800821,0.19418911599996136,0.30717739800002164
cone/test/cone_0177.obj,32,252,28699,6.169174548581255,7.875,4.063492063492063,0.06424961966423408,0.008608735212894705,0.35619060668398533,95.6671750883581,0.15180613800021092,0.41204646799997136
cone/test/cone_0178.obj,32,250,28527,6.16400172860847,7.8125,4.096,0.042449870775216954,0.003743766926584144,0.3302815541625288,93.45082393158071,0.15433640700030082,0.25380709099999876
cone/test/cone_0179.obj,32,252,28702,6.16981943250215,7.875,4.063492063492063,0.061974438165997695,0.007680389980180254,0.3533766539589892,95.83558721084111,0.2318370349998986,0.3910258400001112
cone/test/cone_0180.obj,32,252,28721,6.17390369733448,7.875,4.063492063492063,0.05055394058075725,0.005412180879152715,0.28478108659510226,107.61039368000834,0.10169874100029119,0.18725457699974868
cone/test/cone_0181.obj,32,252,28709,6.171324161650903,7.875,4.063492063492063,0.044741890195042225,0.004063150402143653,0.29050130087094533,97.02292223725148,0.20290656999986822,0.3658247940002184
cone/test/cone_0182.obj,32,252,28628,6.153912295786759,7.875,4.063492063492063,0.07223019020877686,0.008943669895192508,0.2902910520049748,100.01290862738955,0.14542392600014864,0.3677534299999934
cone/test/cone_0183.obj,32,252,28575,6.158405172413793,7.875,4.063492063492063,0.1380311541230818,0.061367989104195504,1.4599844564118625,87.77459625440368,0.09651798699997016,0.21491717300023083
cone/test/cone_0184.obj,32,252,28696,6.200518582541054,7.875,4.063492063492063,0.0355120066736802,0.0025477108081103554,0.18485239056288952,91.37735576772964,0.09547321299987743,0.24666904700006853
cone/test/cone_0185.obj,32,252,28592,6.162068965517242,7.875,4.063492063492063,0.09937331181682862,0.03301540795861913,1.1890402054240248,85.74486373530155,0.1535336100000677,0.3722400410001683
cone/test/cone_0186.obj,32,252,28716,6.172828890799656,7.875,4.063492063492063,0.06308138122362805,0.008306643829839316,0.34826760344649327,93.32438404814957,0.12036965199968108,0.37482546100000036
cone/test/cone_0187.obj,32,252,28567,6.140799656061909,7.875,4.063492063492063,0.05070799664821626,0.007908680753903675,0.821199781153723,89.44829181636055,0.1437211830002525,0.33923949400013953
cup/test/cup_0080.obj,32,250,28508,6.175909878682842,7.8125,4.096,0.057243771486302865,0.007241533827468097,0.3576532406095261,91.40549222610142,0.12035161400035577,0.42295555700002296
cup/test/cup_0081.obj,32,252,28673,6.163585554600172,7.875,4.063492063492063,0.04719314458030073,0.003892103082199308,0.18792661787930548,92.41723607908796,0.1706610709998131,0.24839862399994672
cup/test/cup_0082.obj,32,250,28517,6.161840968020743,7.8125,4.096,0.08311868331747674,0.01312465999194088,0.3615133830869953,83.42938704378786,0.10524904499970944,0.29151794700010214
cup/test/cup_0083.obj,32,252,28644,6.157351676698195,7.875,4.063492063492063,0.06779074616274544,0.010721362056621586,0.44514320292705084,87.50947220975968,0.08574145200009298,0.30071771399980207
cup/test/cup_0084.obj,32,252,28673,6.163585554600172,7.875,4.063492063492063,0.08951860817400883,0.014608598760248045,0.700495324975282,81.30043653736954,0.07659641700001885,0.2118007399999442
cup/test/cup_0085.obj,32,252,28653,6.159286328460877,7.875,4.063492063492063,0.037010344245782124,0.002578135934564931,0.2618294400797446,91.13289649183602,0.08132602400019096,0.17882846100019378
cup/test/cup_0086.obj,32,252,28627,6.169612068965518,7.875,4.063492063492063,0.0530609966329708,0.005644152384064006,0.2912202191649411,83.07887143618738,0.07761484800039398,0.167634573000214
cup/test/cup_0087.obj,32,252,28642,6.156921754084265,7.875,4.063492063492063,0.0726521600869155,0.011535275922643085,0.42921984668086827,89.34337808200632,0.07318902800034266,0.2507048779998513
cup/test/cup_0088.obj,32,252,28667,6.162295786758383,7.875,4.063492063492063,0.04793119529209584,0.00459711077674003,0.2663686953645576,89.30026521731247,0.09116735399993559,0.2805295190000834
cup/test/cup_0089.obj,32,250,28544,6.183708838821491,7.8125,4.096,0.06659792908836751,0.008510457543447624,0.37281070367451385,90.0843681351972,0.07439698700000008,0.3086543780000284
cup/test/cup_0090.obj,32,252,28618,6.151762682717111,7.875,4.063492063492063,0.08934997994057008,0.01927989716575766,0.7330413344684747,89.1419230002468,0.11107734299957883,0.2431969660001414
cup/test/cup_0091.obj,32,250,28482,6.154278305963699,7.8125,4.096,0.05603386531455057,0.007203748623033285,0.44590555491980943,89.3122647930445,0.11397665000004054,0.21885560800001258
cup/test/cup_0092.obj,32,252,28637,6.155846947549441,7.875,4.063492063492063,0.05908890096090299,0.007260845198452807,0.33774677236391687,90.29670332820648,0.2647842530000162,0.43071193499963556
cup/test/cup_0093.obj,32,250,28516,6.177642980935875,7.8125,4.096,0.046608465739877744,0.0037430434394001236,0.20633930986164345,91.46850983913575,0.09806111100033377,0.2958187219996944
cup/test/cup_0094.obj,32,250,28523,6.179159445407279,7.8125,4.096,0.05409413731537208,0.005690255267763598,0.2878508705538201,98.79841703297919,0.1878375539999979,0.42628410199995415
cup/test/cup_0095.obj,32,252,28647,6.157996560619089,7.875,4.063492063492063,0.042713110707875354,0.0034611344317770918,0.22886703553870416,90.72124759435368,0.5279932349999399,0.2990606779999325
cup/test/cup_0096.obj,32,250,28530,6.164649956784788,7.8125,4.096,0.04351262388041589,0.0033705494770268746,0.20358399229574137,91.13477009874697,0.09227011900020443,0.18927349600016896
cup/test/cup_0097.obj,32,252,28646,6.157781599312123,7.875,4.063492063492063,0.10653536444431884,0.023774428535403173,0.7897464947443892,84.12398580196708,0.1906325330000982,0.4317329260002225
cup/test/cup_0098.obj,32,250,28531,6.180892547660312,7.8125,4.096,0.04674642360376667,0.004889438490841626,0.27320848253863994,88.96100466799655,0.0971978150000723,0.398723814999812
cup/test/cup_0099.obj,32,250,28515,6.177426343154246,7.8125,4.096,0.0435569827542214,0.003681150010624435,0.23824366505225616,97.11596450302912,0.1359095630000411,0.34841995399983716
curtain/test/curtain_0139.obj,32,252,28689,6.167024935511608,7.875,4.063492063492063,0.040933798107014446,0.006269757154780686,0.7481022160609397,93.87920041919782,0.13518916700013506,0.3873724659997606
curtain/test/curtain_0140.obj,32,252,28736,6.177128116938951,7.875,4.063492063492063,0.055316298468121305,0.007259575619235208,0.6037366921197992,90.18545119434421,0.11161828800004514,0.29631912100012414
curtain/test/curtain_0141.obj,32,252,28778,6.18615649183147,7.875,4.063492063492063,0.06015362139109171,0.008880439028221679,0.517213145254174,88.4617504697581,0.33199936199980584,0.3684493929999917
curtain/test/curtain_0142.obj,32,252,28790,6.188736027515048,7.875,4.063492063492063,0.03249057151869595,0.002399837705127107,0.21310634476616427,94.58729736682575,0.29137397800013787,0.6141315579998263
curtain/test/curtain_0143.obj,32,252,28871,6.238331892826275,7.875,4.063492063492063,0.026130083613626436,0.0016859549456289687,0.19631453709978314,103.23696712798152,0.21029530899977544,0.5307811789998595
curtain/test/curtain_0144.obj,32,252,28699,6.201166810717372,7.875,4.063492063492063,0.03724419968063971,0.002351955045753572,0.23996097783447,105.83210751445208,0.33901071600030264,0.4179875730001186
curtain/test/curtain_0145.obj,32,252,28756,6.181427343078246,7.875,4.063492063492063,0.04872951235609539,0.0037670677363704575,0.24565988421042773,103.07643131411305,0.2587657170001876,0.5058418070002517
curtain/test/curtain_0146.obj,32,246,28343,6.188427947598253,7.6875,4.162601626016261,0.039788845277467344,0.003497288473788135,0.332095269770011,95.32473129468232,0.24632545800022854,1.3374624970001605
curtain/test/curtain_0147.obj,32,252,28706,6.202679343128781,7.875,4.063492063492063,0.05490572320394442,0.00357005312758184,0.25727233821054907,111.78158490288638,0.14688436000005822,0.43272028199999113
curtain/test/curtain_0148.obj,32,252,28716,6.188793103448276,7.875,4.063492063492063,0.11144789252853414,0.0401484383663113,1.169240070461987,92.34693822639008,0.3400326959999802,0.689502543999879
curtain/test/curtain_0149.obj,32,236,27621,6.19304932735426,7.375,4.338983050847458,0.028232423295779633,0.001765328651551751,0.1847262885103472,89.90774371866006,0.23365273999979763,0.56518437800014
curtain/test/curtain_0150.obj,32,252,28623,6.152837489251935,7.875,4.063492063492063,0.025661489729742096,0.0015144253224511387,0.191597067805697,109.39282589971438,0.18884103400023378,0.3022638420002295
curtain/test/curtain_0151.obj,32,252,28674,6.179741379310345,7.875,4.063492063492063,0.053115569172578564,0.003950858403205375,0.2588546582550326,71.80852964931819,0.1562109930000588,0.2759460949996537
curtain/test/curtain_0152.obj,32,252,28777,6.218020743301643,7.875,4.063492063492063,0.03919127412527145,0.002549324008630291,0.4050045455282903,94.74658835241786,0.13570740299974204,0.31220522100011294
curtain/test/curtain_0153.obj,32,252,28678,6.180603448275862,7.875,4.063492063492063,0.0566603571014989,0.005920906723268424,0.3696588350038575,121.61594329170954,0.22655568800018955,0.48490216100026373
curtain/test/curtain_0154.obj,32,242,28070,6.193733451015005,7.5625,4.231404958677686,0.04708718650857034,0.004948490371824775,0.33918061939694016,96.98807888766922,0.18625077800015788,0.5187099919999127
curtain/test/curtain_0155.obj,32,252,28771,6.2328856152513,7.875,4.063492063492063,0.03169105984789686,0.002007752937311913,0.21630123957990868,84.41252809524985,0.09683792899977561,0.23422683699982372
curtain/test/curtain_0156.obj,32,252,28768,6.2,7.875,4.063492063492063,0.04863699228365074,0.0031942551259293737,0.12916538414071568,90.64426446387945,0.19815605700023298,0.2309499110001525
curtain/test/curtain_0157.obj,32,252,28681,6.16530524505589,7.875,4.063492063492063,0.05281718074333887,0.003909268103648213,0.2601335230317794,67.12892747361289,0.08997802000021693,0.5090414260002945
curtain/test/curtain_0158.obj,32,252,28721,6.17390369733448,7.875,4.063492063492063,0.06704856378746862,0.02704031327555909,1.5541436625790588,97.3559146460041,0.319357442999717,0.5905980390002696
desk/test/desk_0201.obj,32,222,26640,6.206896551724138,6.9375,4.612612612612613,0.04531659877950822,0.004683125902056733,0.47613848082030663,91.41036373336625,0.15408720899995387,0.4436973560000297
desk/test/desk_0202.obj,32,252,28796,6.190025795356836,7.875,4.063492063492063,0.07694752089236923,0.016207039005151275,0.7369200025572926,99.68433623559328,0.10183113999983107,0.29863528399982897
desk/test/desk_0203.obj,32,246,28340,6.204028021015762,7.6875,4.162601626016261,0.032482421297841776,0.0026916659817352827,0.4136609863391324,94.15053099978502,0.3464314769998964,0.45664183999997476
desk/test/desk_0204.obj,32,226,26916,6.20184331797235,7.0625,4.530973451327434,0.04354112514193858,0.004206496654539066,0.29244081099379116,90.29881442964447,0.21267108399979406,0.4163273150002169
desk/test/desk_0205.obj,32,252,28738,6.209593777009507,7.875,4.063492063492063,0.12750610188130643,0.05642694403294319,1.565041687159459,87.27555509537572,0.14333603000022777,0.4452172989999781
desk/test/desk_0206.obj,32,248,28449,6.1953397212543555,7.75,4.129032258064516,0.029051658710645197,0.0018300383843008066,0.24963357659803623,92.45159215848153,0.2148102139999537,0.2561262279996299
desk/test/desk_0207.obj,32,252,28737,6.209377700950735,7.875,4.063492063492063,0.0718789344286628,0.011322761238922596,0.6127545843559514,95.38847409356464,0.08748169000000416,0.37767097999994803
desk/test/desk_0208.obj,32,252,28830,6.229472774416594,7.875,4.063492063492063,0.030142149788315465,0.0022207604197239422,0.3613119282571157,91.548400490187,0.14542557699996905,0.5137758470000335
desk/test/desk_0209.obj,32,252,28716,6.188793103448276,7.875,4.063492063492063,0.042535670459664006,0.005326745954107634,0.3776940897456066,96.08820133052876,0.11463611699991816,0.31711122600017916
desk/test/desk_0210.obj,32,244,28211,6.208406690140845,7.625,4.19672131147541,0.08119562017148962,0.022367024764237957,0.8311578041814035,91.0751655717738,0.1770902080002088,0.23808310899994467
desk/test/desk_0211.obj,32,252,28674,6.179741379310345,7.875,4.063492063492063,0.06599240526780477,0.01071166680615084,0.4025415843741979,98.71588034802674,0.1642720609997923,0.26169470200011347
desk/test/desk_0212.obj,32,246,28318,6.199211908931699,7.6875,4.162601626016261,0.04959665136773822,0.006240691753791703,0.6851416000645186,91.42482952847344,0.07961518699994485,0.18965753999964363
desk/test/desk_0213.obj,32,252,28725,6.174763542562339,7.875,4.063492063492063,0.058685291723065455,0.0068561783898080896,0.35451937836337694,96.65488162282347,0.11377696699992157,0.34631598299984034
desk/test/desk_0214.obj,32,252,28756,6.181427343078246,7.875,4.063492063492063,0.0739152035245925,0.014908404879452634,0.8651953320636789,96.32387338442132,0.14498031299990544,0.5592995759998303
desk/test/desk_0215.obj,32,252,28726,6.190948275862069,7.875,4.063492063492063,0.04576418449781753,0.004306430971187832,0.2987447219035987,93.920316647623,0.11980485499998395,0.4809709430001021
desk/test/desk_0216.obj,32,252,28800,6.206896551724138,7.875,4.063492063492063,0.04996788327819074,0.006632164213023147,0.6785422622822389,89.29439332474567,0.22175178399993456,0.4236009269998249
desk/test/desk_0217.obj,32,252,28738,6.17755803955288,7.875,4.063492063492063,0.03773361287801643,0.004729565287181796,0.7331671707817642,92.46414729027569,0.19505691699987437,0.34083706900037214
desk/test/desk_0218.obj,32,252,28724,6.174548581255374,7.875,4.063492063492063,0.08516021052147346,0.01712809713094675,0.7380115043373887,96.41362834994872,0.17213595999965037,0.32234622199985097
desk/test/desk_0219.obj,32,252,28656,6.159931212381771,7.875,4.063492063492063,0.04033585772498803,0.0036814295119571017,0.38235552235512515,89.19799062193391,0.21641337700020813,0.4979997230002482
desk/test/desk_0220.obj,32,252,28751,6.196336206896552,7.875,4.063492063492063,0.06135178045024412,0.008478351234758355,0.5982774457690723,93.2744953261535,0.2846400490002452,0.4213463950000005
desk/test/desk_0221.obj,32,230,27191,6.2307516040329975,7.1875,4.452173913043478,0.04135441239881289,0.004524362324690315,0.4746140377841364,93.11565752965076,0.1934167110002818,0.25707296499967924
desk/test/desk_0222.obj,32,242,28049,6.205530973451327,7.5625,4.231404958677686,0.05756955608542902,0.007155599471701481,0.37570062248373054,98.64297623410896,0.13747722300013265,0.3675766470000781
desk/test/desk_0223.obj,32,244,28186,6.186567164179104,7.625,4.19672131147541,0.05186520777527985,0.005658300932347504,0.3553856478555622,90.92052948678989,0.09142662000022028,0.230821539000317
desk/test/desk_0224.obj,32,240,27975,6.238849241748439,7.5,4.266666666666667,0.08077663676871663,0.03808497143532564,1.4778917454467162,88.28205687729562,0.07389132199978121,0.20045380000010482
desk/test/desk_0225.obj,32,252,28763,6.182932072226999,7.875,4.063492063492063,0.04450728099690465,0.0047443566785580725,0.31783936439656246,90.57815726105318,0.10423369099999036,0.27986246899990874
desk/test/desk_0226.obj,32,252,28692,6.199654278305964,7.875,4.063492063492063,0.027209407843444947,0.001968492652376943,0.22996786621699408,91.48426408298873,0.20386411900017265,0.28947203100005936
desk/test/desk_0227.obj,32,250,28590,6.2098175499565595,7.8125,4.096,0.04243942055017662,0.005488058012511687,0.6774420320086338,94.18716723856949,0.11505132999991474,0.2701999490000162
desk/test/desk_0228.obj,32,252,28742,6.242832319721981,7.875,4.063492063492063,0.06362599858232706,0.013451228813971492,1.1441646855027725,97.54884771192712,0.12877548699998442,0.28814029599971036
desk/test/desk_0229.obj,32,252,28745,6.195043103448276,7.875,4.063492063492063,0.06099473053095121,0.014462324162976388,1.1410584183524337,87.0368336168332,0.22893068199982736,0.7310269350000453
desk/test/desk_0230.obj,32,244,28223,6.227493380406002,7.625,4.19672131147541,0.03232943434887746,0.0026347500206952207,0.3589768135957915,87.48922940594395,0.13062078600023597,0.2655234720000408
desk/test/desk_0231.obj,32,252,28652,6.191011235955056,7.875,4.063492063492063,0.05935595779940102,0.007874091024950753,0.37269535399510656,98.09777456501824,0.15510023100023318,0.5203902230000494
desk/test/desk_0232.obj,32,252,28730,6.224003466204506,7.875,4.063492063492063,0.056108181225905746,0.01358892750046901,1.3015521166827966,91.39457537712605,0.14341012400018371,0.451525448999746
desk/test/desk_0233.obj,32,244,28164,6.19806338028169,7.625,4.19672131147541,0.05874401927575463,0.007884372732547846,0.6635058474003005,92.62221570449138,0.2049351629998455,0.4539526919998025
desk/test/desk_0234.obj,32,246,28297,6.178384279475982,7.6875,4.162601626016261,0.07779682033249721,0.013071088330969571,0.42391269134078946,92.86911993597735,0.20803395100028865,0.45580119400028707
desk/test/desk_0235.obj,32,252,28812,6.2255834053586865,7.875,4.063492063492063,0.038112730717066,0.005178787287101526,0.7160137931455454,86.09240543153324,0.23135611499992592,0.36310620899985224
desk/test/desk_0236.obj,32,248,28486,6.1872284969591655,7.75,4.129032258064516,0.03777474538614338,0.0042097174063824684,0.4001823972302429,98.44964434927348,0.18626451399995858,0.2552453680000326
desk/test/desk_0237.obj,32,252,28721,6.222053726169844,7.875,4.063492063492063,0.05025944325226571,0.006585346110146916,0.566441314856539,90.14245747510486,0.0890621819999069,0.2990121299999373
desk/test/desk_0238.obj,32,252,28757,6.229852686308492,7.875,4.063492063492063,0.05189229437000767,0.005556810497791933,0.338503036966691,94.28063415664563,0.15370662600025753,0.4088066070003151
desk/test/desk_0239.obj,32,246,28364,6.193013100436681,7.6875,4.162601626016261,0.033714628402233354,0.0026142731179161823,0.2432475293826602,89.07056648350556,0.21000702600031218,0.23191472600001362
desk/test/desk_0240.obj,32,252,28823,6.227960242005186,7.875,4.063492063492063,0.049818180489520664,0.005095048418864195,0.3854707392415194,94.94055447968415,0.13816100400026698,0.26190175600004295
desk/test/desk_0241.obj,32,252,28803,6.223638720829732,7.875,4.063492063492063,0.045175438013711516,0.0037766735087071948,0.25703131664576273,89.10894716558433,0.11092659099995217,0.4366077690001475
desk/test/desk_0242.obj,32,252,28717,6.173043852106621,7.875,4.063492063492063,0.09549163597235705,0.02025473226370575,0.6544265061390016,91.8448408704023,0.07486817400013024,0.34240673200019955
desk/test/desk_0243.obj,32,252,28737,6.193318965517242,7.875,4.063492063492063,0.036976941614195374,0.0035960979436186185,0.28743684494172306,85.05320603735385,0.15676094199989166,0.2851117499999418
desk/test/desk_0244.obj,32,252,28725,6.174763542562339,7.875,4.063492063492063,0.05968834300500879,0.007505927736033788,0.3436663562231916,95.56894301446583,0.18458683600010772,0.47446217300011995
desk/test/desk_0245.obj,32,248,28460,6.197735191637631,7.75,4.129032258064516,0.07805878537480901,0.01309794601553197,0.7950470761942062,93.5676320194425,0.3175773709999703,0.3755535109999073
desk/test/desk_0246.obj,32,252,28755,6.197198275862069,7.875,4.063492063492063,0.04819005097396666,0.005402132984790055,0.36317926023213065,96.27019904511599,0.22695347999979276,0.5243233159999363
desk/test/desk_0247.obj,32,252,28725,6.2067847882454625,7.875,4.063492063492063,0.04876840666462072,0.005103646393141861,0.4448775056846638,92.68631965919302,0.16769376499996724,0.3239932259998568
desk/test/desk_0248.obj,32,252,28775,6.2175885911840965,7.875,4.063492063492063,0.04854522748868375,0.0049986520103643415,0.2671933212087905,84.97749249405334,0.24310984199973973,0.2781580699997903
desk/test/desk_0249.obj,32,230,27239,6.207611668185962,7.1875,4.452173913043478,0.07511684768664781,0.01065114564314696,0.39817201324972934,96.78602040956352,0.26600888299981307,0.5910405879999416
desk/test/desk_0250.obj,32,248,28502,6.2231441048034934,7.75,4.129032258064516,0.060656258534737245,0.006754084693858211,0.3173650645626963,94.75490855377626,0.18718606799984627,0.5307997999998406
desk/test/desk_0251.obj,32,242,28025,6.200221238938053,7.5625,4.231404958677686,0.08833017409130467,0.01833416399551314,0.7237481371574728,97.93389830930494,0.2806139549998079,0.22355928699971628
desk/test/desk_0252.obj,32,250,28616,6.1993067590987865,7.8125,4.096,0.037350074489719484,0.002918072982271204,0.30048958250515306,95.75341557029176,0.2929997380001623,0.6909080250002262
desk/test/desk_0253.obj,32,252,28689,6.167024935511608,7.875,4.063492063492063,0.04219469825258862,0.005670713889499881,0.8185133938508238,81.99837992940225,0.1569746509999277,0.31803377300002467
desk/test/desk_0254.obj,32,252,28741,6.210242005185825,7.875,4.063492063492063,0.04162386901194681,0.004335666864422143,0.26240200863312824,86.73997208617432,0.3856255069999861,0.42925099200010663
desk/test/desk_0255.obj,32,252,28652,6.159071367153913,7.875,4.063492063492063,0.05360695228786383,0.00762294107309765,0.5693438461146082,92.61571624824202,0.16179374600005758,0.25063110900009633
desk/test/desk_0256.obj,32,252,28717,6.1890086206896555,7.875,4.063492063492063,0.03810644306415046,0.003118683755315169,0.23954454771031333,86.98957399869033,0.08923698999979024,0.24294411099981517
desk/test/desk_0257.obj,32,252,28699,6.169174548581255,7.875,4.063492063492063,0.03839166444005279,0.0032580562359599387,0.31266322456845447,93.82958561166384,0.11699581299990314,0.22327549300007377
desk/test/desk_0258.obj,32,252,28742,6.17841788478074,7.875,4.063492063492063,0.04592413110532628,0.004985330679678967,0.3464255842307978,97.78586810125242,0.2544991800000389,0.3386881389997143
desk/test/desk_0259.obj,32,252,28762,6.198706896551724,7.875,4.063492063492063,0.034528738736379204,0.0025711031950637806,0.27170018023193016,96.17939316886404,0.16189412600033393,0.34651598500022374
desk/test/desk_0260.obj,32,252,28800,6.190885640584694,7.875,4.063492063492063,0.062022274366301255,0.008287328978535673,0.48427832605274207,91.72148197614851,0.14150566199987225,0.31026650900003006
desk/test/desk_0261.obj,32,246,28275,6.173580786026201,7.6875,4.162601626016261,0.059241107909838754,0.01247910860903235,0.9265367627660943,91.30626373076365,0.10417477800001507,0.22920943799999804
desk/test/desk_0262.obj,32,252,28781,6.202801724137931,7.875,4.063492063492063,0.04087006041692736,0.0033150702732165764,0.28760536470631604,97.9224341893167,0.08944971600021745,0.6490265910001654
desk/test/desk_0263.obj,32,250,28575,6.2065595134665505,7.8125,4.096,0.05026813364985575,0.006144910266340071,0.4356399345572096,85.67456562635104,0.29939345000002504,0.32447055200009345
desk/test/desk_0264.obj,32,252,28806,6.208189655172414,7.875,4.063492063492063,0.034971563316652965,0.0027251247698163923,0.26733877220691477,98.38654944259832,0.22637049300010403,0.7082184709997819
desk/test/desk_0265.obj,32,250,28600,6.195840554592721,7.8125,4.096,0.10313570761402806,0.02834233141487065,1.4264444214043843,98.81279098950853,0.24552153600006932,0.37055463499973484
desk/test/desk_0266.obj,32,252,28708,6.187068965517241,7.875,4.063492063492063,0.0509973212406055,0.007423247497127562,0.7960866782490985,89.23553081692805,0.10346650899964516,0.1808628060002775
desk/test/desk_0267.obj,32,230,27202,6.199179580674567,7.1875,4.452173913043478,0.06605610626356395,0.009423906167682298,0.5264603729089863,98.68285696565255,0.09790711000005103,0.326197019999654
desk/test/desk_0268.obj,32,250,28606,6.1971403812824954,7.8125,4.096,0.06952242563682634,0.010391010547515884,0.5597911257902857,92.07752706865739,0.17191570000022693,0.3808838470004048
desk/test/desk_0269.obj,32,252,28844,6.248700173310225,7.875,4.063492063492063,0.06877247153904281,0.01511920156980119,1.2998388675364876,86.12187608623279,0.1384493619998466,0.17451084599997557
desk/test/desk_0270.obj,32,252,28810,6.193035253654342,7.875,4.063492063492063,0.05091267481504079,0.008679098056329335,0.7906995137570954,92.9693141228093,0.11139168999989124,0.5119971220001389
desk/test/desk_0271.obj,32,246,28293,6.177510917030568,7.6875,4.162601626016261,0.0457337376283882,0.005584993294224568,0.4688327755933107,88.56689236385319,0.24519235099978687,0.21628296500011857
desk/test/desk_0272.obj,32,250,28607,6.181287813310285,7.8125,4.096,0.06467677056958,0.010754341192116133,0.7376919257144474,97.7426400608522,0.12315038999986427,0.3989496379999764
desk/test/desk_0273.obj,32,252,28803,6.207543103448276,7.875,4.063492063492063,0.06059353308922426,0.009654675587359005,0.8118052834638992,93.4155809760743,0.12178995800013581,0.26105145800011087
desk/test/desk_0274.obj,32,252,28666,6.162080825451419,7.875,4.063492063492063,0.03713016339242212,0.0034078404706926893,0.3302515390468303,86.94432041903781,0.1439086599998518,0.313014141000167
desk/test/desk_0275.obj,32,236,27567,6.214382326420198,7.375,4.338983050847458,0.05202111767410686,0.0059810107057666675,0.4388410913367611,91.75460757829308,0.17695220199993855,0.26350922900019214
desk/test/desk_0276.obj,32,248,28464,6.182450043440486,7.75,4.129032258064516,0.04810002172448483,0.005387737300970786,0.6693724984695081,91.71125162116391,0.15766408899980888,0.24664555000026667
desk/test/desk_0277.obj,32,252,28779,6.234618717504333,7.875,4.063492063492063,0.04886997761561879,0.004688454722307942,0.3022107952567759,100.30023461492506,0.1673954739999317,0.3244720990001042
desk/test/desk_0278.obj,32,244,28180,6.185250219490781,7.625,4.19672131147541,0.05364122555421601,0.005323244918270621,0.36409096438664185,90.49497843606846,0.09679655499985529,0.48511700300014127
desk/test/desk_0279.obj,32,252,28781,6.186801375752364,7.875,4.063492063492063,0.05985726397210779,0.007055715010832502,0.34865126473126207,98.98370978204602,0.14021622199970807,0.40969371600021987
desk/test/desk_0280.obj,32,248,28432,6.175499565595135,7.75,4.129032258064516,0.07313385393104596,0.01202814004717818,0.6324719331185529,93.26875263277259,0.12824870400027066,0.23665898499984905
desk/test/desk_0281.obj,32,252,28787,6.236351819757366,7.875,4.063492063492063,0.05657982053514077,0.00653394714176664,0.610430912400329,103.12525804987399,0.10261604800007262,0.2649762930000179
desk/test/desk_0282.obj,32,252,28767,6.199784482758621,7.875,4.063492063492063,0.05982654626861228,0.0075789301888174124,0.41935481675338326,99.41562896839699,0.13939443199978996,0.6567788810002639
desk/test/desk_0283.obj,32,250,28502,6.2231441048034934,7.8125,4.096,0.05061357639140106,0.009708242752258978,0.9902037559336645,89.61815896889479,0.27998125600015555,0.42044284399980825
desk/test/desk_0284.obj,32,252,28741,6.210242005185825,7.875,4.063492063492063,0.06224119926716596,0.008395602119306343,0.6705475227020523,95.97881086840844,0.26069794600016394,0.40852924999990137
desk/test/desk_0285.obj,32,228,27106,6.211274060494959,7.125,4.491228070175438,0.060805113871236785,0.011148328543682078,0.7338940516169592,89.09523363044934,0.18407913400005782,0.19003055099983612
desk/test/desk_0286.obj,32,248,28477,6.185273675065161,7.75,4.129032258064516,0.05671209974911415,0.007800138645157076,0.5731216640157853,89.01221316226929,0.08577727600004437,0.196143253000173
door/test/door_0110.obj,32,252,28664,6.177586206896552,7.875,4.063492063492063,0.04102608400017779,0.0029419142782406045,0.2456550762664175,94.74279772703922,0.1020454829999835,0.24337941199974011
door/test/door_0111.obj,32,252,28664,6.177586206896552,7.875,4.063492063492063,0.0409189869408469,0.0029529496110138097,0.24351361062658922,94.74325860514384,0.09244734900039475,0.26423505200000363
door/test/door_0112.obj,32,252,28664,6.177586206896552,7.875,4.063492063492063,0.04074681531940369,0.0029311074332879113,0.24617159515351444,94.6795925713433,0.08027412699993874,0.3452820329998758
door/test/door_0113.obj,32,252,28643,6.189066551426102,7.875,4.063492063492063,0.042426985684870064,0.0028320264092653604,0.27193170167161057,93.89479301809547,0.19255377399986173,0.21666132899963486
door/test/door_0114.obj,32,252,28595,6.1468185726569216,7.875,4.063492063492063,0.06226476348757995,0.004472486701110851,0.2033330396367249,91.03994448182087,0.07502462899992679,0.2007383509999272
door/test/door_0115.obj,32,250,28467,6.183101650738489,7.8125,4.096,0.0631944428348151,0.004759467417570884,0.20719084454773692,102.2468101187869,0.1848096080002506,0.4881901850003487
door/test/door_0116.obj,32,252,28655,6.207755632582322,7.875,4.063492063492063,0.04279120304535998,0.003078006702424605,0.3097645647827143,116.11168074880038,0.16906247699989763,0.28448545800029024
door/test/door_0117.obj,32,252,28631,6.1864736387208294,7.875,4.063492063492063,0.041062376197407977,0.0027598981549896593,0.2992139103615754,85.22312077254101,0.163441375000275,0.28067391100012173
door/test/door_0118.obj,32,252,28673,6.244120209059234,7.875,4.063492063492063,0.03751933265190133,0.002422119131441472,0.311050629568267,83.63381459491481,0.17076261600004727,0.4420258559998729
door/test/door_0119.obj,32,252,28790,6.204741379310345,7.875,4.063492063492063,0.0287361024709823,0.0016131709504769946,0.22161509457423226,100.17257385587193,0.23454704999994647,0.22487381699966136
door/test/door_0120.obj,32,252,28667,6.162295786758383,7.875,4.063492063492063,0.05206377593554788,0.004611603557665092,0.3378132009011856,94.6393955940259,0.10957264300031966,0.21857998699988457
door/test/door_0121.obj,32,252,28566,6.140584694754944,7.875,4.063492063492063,0.05332813619177143,0.004999412889517446,0.4098951192593829,96.64944842430086,0.08478753500003222,0.30021104100023877
door/test/door_0122.obj,32,252,28711,6.171754084264832,7.875,4.063492063492063,0.033819306275722244,0.0018109592734680264,0.2581049500804165,102.43576010388975,0.27864101599971036,0.4934145769998395
door/test/door_0123.obj,32,252,28677,6.164445399828031,7.875,4.063492063492063,0.04253714907561018,0.002648074644321218,0.2135379425510408,116.66157662467504,0.11451286300007268,0.38625808000006145
door/test/door_0124.obj,32,252,28661,6.176939655172414,7.875,4.063492063492063,0.045194388478713904,0.003499953559432784,0.23814611957434673,100.48210946124016,0.23296146499978931,0.3787300349999896
door/test/door_0125.obj,32,252,28854,6.2346585998271395,7.875,4.063492063492063,0.04600873866706492,0.004173954829346209,0.29766061557693785,93.17042827431061,0.23943631800011644,0.4796775960003288
door/test/door_0126.obj,32,252,28709,6.203327571305099,7.875,4.063492063492063,0.049846898485644456,0.003989660880788632,0.29151747629283536,103.46425306296797,0.20039864800037321,0.40385716299988417
door/test/door_0127.obj,32,252,28676,6.1961970613656,7.875,4.063492063492063,0.04615516473900628,0.0032615641115876937,0.2478341403583704,94.04200492491702,0.24134215300000506,0.49279534799961766
door/test/door_0128.obj,32,252,28688,6.1987899740708725,7.875,4.063492063492063,0.05896784151247769,0.006561113472716904,0.32058733764107067,76.79599684597547,0.22787282199988113,0.35411356499980684
door/test/door_0129.obj,32,252,28660,6.192739844425238,7.875,4.063492063492063,0.040549795168689,0.002457638697095377,0.17272721897836418,112.42348005575494,0.09504678099983721,0.17836095100028615
dresser/test/dresser_0201.obj,32,252,28773,6.201077586206897,7.875,4.063492063492063,0.10720766698284893,0.02861867195124281,1.299009609353285,108.89642698430887,0.1306327419997615,0.20447773700016114
dresser/test/dresser_0202.obj,32,252,28729,6.207649092480553,7.875,4.063492063492063,0.08424778292707431,0.02389351448302099,1.3355221683654968,93.10685802572792,0.4213379990001158,0.3182950569998866
dresser/test/dresser_0203.obj,32,252,28815,6.25868809730669,7.875,4.063492063492063,0.07325648354414399,0.011298589770228254,0.7030634263243909,90.26879020964213,0.13469225900007586,0.28311553000003187
dresser/test/dresser_0204.obj,32,252,28833,6.230121002592913,7.875,4.063492063492063,0.06692841220833094,0.01558157891062789,1.2720171428633829,101.28300831777409,0.20755869200002053,0.5011560140001166
dresser/test/dresser_0205.obj,32,252,28833,6.1979793637145315,7.875,4.063492063492063,0.062244331093214866,0.007446853096157539,0.5343772817807848,100.50319767528319,0.17630233099998804,0.3972057450000648
dresser/test/dresser_0206.obj,32,252,28844,6.232497839239413,7.875,4.063492063492063,0.09255029680128456,0.0157563092150714,0.7012773883035626,86.97207157781806,0.2666976049999903,0.7401201480001873
dresser/test/dresser_0207.obj,32,252,28714,6.253048780487805,7.875,4.063492063492063,0.05371916725602213,0.007139879883581726,0.71927549873933,91.39910830202942,0.17742904600027032,0.3352195689999462
dresser/test/dresser_0208.obj,32,252,28710,6.203543647363872,7.875,4.063492063492063,0.053544367718659135,0.005596489096362685,0.4773572487608501,89.36053052523289,0.09944154599998001,0.34667806900006326
dresser/test/dresser_0209.obj,32,252,28790,6.220829732065687,7.875,4.063492063492063,0.09765585237195382,0.027921329763124753,1.5138339401571634,94.18339733020463,0.06809443799966175,0.22468958899980862
dresser/test/dresser_0210.obj,32,252,28844,6.232497839239413,7.875,4.063492063492063,0.0989418085927431,0.02499157460986909,1.1223707231054239,101.53055084464927,0.078624690000197,0.2978337409999767
dresser/test/dresser_0211.obj,32,252,28828,6.212931034482758,7.875,4.063492063492063,0.08455071505415729,0.013202703439104619,0.6410454218905689,101.44342450590905,0.10238679900021452,0.3699152729996058
dresser/test/dresser_0212.obj,32,252,28790,6.204741379310345,7.875,4.063492063492063,0.0757083254195416,0.012787316140662674,0.6760912922034357,104.00604009594693,0.13515819800022655,0.4277295779997985
dresser/test/dresser_0213.obj,32,252,28783,6.219317199654278,7.875,4.063492063492063,0.06681581657275375,0.010553852380690166,0.6419417026481815,102.62569829304451,0.1701007629999367,0.345508730000347
dresser/test/dresser_0214.obj,32,252,28782,6.20301724137931,7.875,4.063492063492063,0.056815126532237414,0.00684796004634305,0.7279350961108237,101.42556448433848,0.16709235999996963,0.29460575899975083
dresser/test/dresser_0215.obj,32,252,28787,6.204094827586207,7.875,4.063492063492063,0.11301750169772343,0.04647736345515111,1.4422031783585056,90.88499274931146,0.09001351899996735,0.1758111919998555
dresser/test/dresser_0216.obj,32,252,28808,6.208620689655173,7.875,4.063492063492063,0.08385056779609237,0.013000765156003253,0.7226926323980828,99.19580783376801,0.0866084829999636,0.17063999400033936
dresser/test/dresser_0217.obj,32,252,28833,6.214008620689655,7.875,4.063492063492063,0.0804869433400437,0.011707197409675348,0.4881912170986401,99.19968359236489,0.09934710999959862,0.16233321900017472
dresser/test/dresser_0218.obj,32,252,28808,6.257167680278019,7.875,4.063492063492063,0.06213276843926699,0.008237638497739523,0.6299683035121668,99.90991450676563,0.07327133000035246,0.1646835380001903
dresser/test/dresser_0219.obj,32,252,28737,6.177343078245916,7.875,4.063492063492063,0.14911921947141704,0.08314457247488169,1.747278070818204,89.04387752185661,0.23401166600024226,0.18497993899973153
dresser/test/dresser_0220.obj,32,252,28782,6.2352686308492205,7.875,4.063492063492063,0.05201950531696557,0.0073466526007974755,0.7476763861403463,112.73516746975514,0.10730136400025003,0.2724062990000675
dresser/test/dresser_0221.obj,32,252,28814,6.209913793103448,7.875,4.063492063492063,0.08105002833586217,0.013923012545377356,0.8066990484590711,98.74657276546658,0.1504948950000653,0.2339138750003258
dresser/test/dresser_0222.obj,32,252,28813,6.225799481417459,7.875,4.063492063492063,0.053519208467383596,0.006552122528615549,0.7532332577122148,91.34438572548902,0.11693887699993866,0.43658451000010245
dresser/test/dresser_0223.obj,32,252,28802,6.2234226447709595,7.875,4.063492063492063,0.11591845989844252,0.03324734874776672,1.657760742560761,89.13355575797183,0.07153508900000816,0.19441288100006204
dresser/test/dresser_0224.obj,32,252,28755,6.197198275862069,7.875,4.063492063492063,0.10103727830166334,0.03181683890994064,1.7402838171140498,94.08176147446542,0.083875019000061,0.3421948360000897
dresser/test/dresser_0225.obj,32,252,28754,6.229202772963605,7.875,4.063492063492063,0.07140187730009816,0.009395005645310569,0.6090396486999928,88.81392693420855,0.12085398599992914,0.24588226299965754
dresser/test/dresser_0226.obj,32,252,28832,6.22990492653414,7.875,4.063492063492063,0.05041167541182534,0.004845153510118511,0.4067373511911039,89.3115523823067,0.12395707500036224,0.1924784309999268
dresser/test/dresser_0227.obj,32,252,28737,6.241746307558644,7.875,4.063492063492063,0.11679658424489515,0.05267056787015471,1.5198510090326376,92.37495277116864,0.10508282199998575,0.16489069699991887
dresser/test/dresser_0228.obj,32,252,28789,6.220613656006915,7.875,4.063492063492063,0.08517138500282175,0.015355858968136111,0.7296840892873969,87.8860206057005,0.07049991599978966,0.23524104099988108
dresser/test/dresser_0229.obj,32,252,28751,6.212402765773552,7.875,4.063492063492063,0.065202079081183,0.021872997263816425,1.4383420830529066,93.67461772212864,0.15046572900018873,0.3887093690000256
dresser/test/dresser_0230.obj,32,252,28719,6.205488331892826,7.875,4.063492063492063,0.06220586889226014,0.008527085862345827,0.6259978974164653,101.03956854915981,0.07842570000002524,0.216784700000062
dresser/test/dresser_0231.obj,32,252,28814,6.209913793103448,7.875,4.063492063492063,0.08505397064514907,0.013822786896582296,0.7323403631587586,100.94092131140776,0.07664013800012981,0.45157444400001623
dresser/test/dresser_0232.obj,32,252,28742,6.17841788478074,7.875,4.063492063492063,0.03117331887097763,0.0026850200340252693,0.45720209293610603,87.81700796482986,0.12132160300006944,0.2733384550001574
dresser/test/dresser_0233.obj,32,252,28769,6.2002155172413795,7.875,4.063492063492063,0.05501526422493313,0.006627413259219938,0.5958963204199812,93.13194972893712,0.15013916399993832,0.21230072700018354
dresser/test/dresser_0234.obj,32,252,28790,6.204741379310345,7.875,4.063492063492063,0.13764069795949097,0.0515758874183652,1.2753376730165333,94.14326930699397,0.16898570300008942,0.18384097399984967
dresser/test/dresser_0235.obj,32,252,28772,6.200862068965518,7.875,4.063492063492063,0.09320677745451093,0.016492917344238505,0.8310883630078211,97.7167274292754,0.1156254360003004,0.3268686810001782
dresser/test/dresser_0236.obj,32,252,28774,6.217372515125324,7.875,4.063492063492063,0.10082218071922786,0.024219451516258286,1.04810658727739,94.25255691474715,0.14283970599990425,0.2719989369998075
dresser/test/dresser_0237.obj,32,252,28729,6.207649092480553,7.875,4.063492063492063,0.08604228548645647,0.029158102857705072,1.7626097000652179,86.48766555679262,0.08827122799993958,0.2603701979996913
dresser/test/dresser_0238.obj,32,252,28849,6.233578219533276,7.875,4.063492063492063,0.04262655544360516,0.003455998137440291,0.25167080626456734,97.64637474629475,0.16155753200018808,0.31239785900015704
dresser/test/dresser_0239.obj,32,252,28781,6.202801724137931,7.875,4.063492063492063,0.09156119554407532,0.0232065034190578,1.1711649080217492,93.40419598963908,0.19116083200015055,0.31746209599987196
dresser/test/dresser_0240.obj,32,252,28795,6.189810834049871,7.875,4.063492063492063,0.08281162622301402,0.01540348152332966,0.8848351787374179,97.02115298035343,0.08820539200041821,0.31098020299987184
dresser/test/dresser_0241.obj,32,252,28754,6.21305099394987,7.875,4.063492063492063,0.07651071002782958,0.01066252227980485,0.6496841209271331,91.79016412746788,0.07296659500025271,0.21184087399979035
dresser/test/dresser_0242.obj,32,252,28754,6.229202772963605,7.875,4.063492063492063,0.06581318879283182,0.008174666835608888,0.29341529295444263,106.72156036280607,0.09369672999991963,0.1962195010000869
dresser/test/dresser_0243.obj,32,252,28717,6.237402258905299,7.875,4.063492063492063,0.09068193822225512,0.033043633801464564,1.290487361185918,92.58971812635184,0.07198422000010396,0.29294002500000715
dresser/test/dresser_0244.obj,32,252,28714,6.204407951598963,7.875,4.063492063492063,0.04409992360418065,0.003778037962510584,0.3531024660000885,98.53644819785242,0.3501498239998,0.20540820599990184
dresser/test/dresser_0245.obj,32,252,28814,6.226015557476232,7.875,4.063492063492063,0.0658771618088562,0.009509366085271606,0.6563577275289542,94.08413487228064,0.15337667099993268,0.4171043420001297
dresser/test/dresser_0246.obj,32,252,28712,6.220103986135182,7.875,4.063492063492063,0.08879025661115911,0.016138882147830158,0.7578616050095026,78.68057289217678,0.14802035100001376,0.38278628800026127
dresser/test/dresser_0247.obj,32,252,28840,6.231633535004321,7.875,4.063492063492063,0.06722911136798526,0.008461335093475828,0.7090464589904599,89.35729192761328,0.11176211000019975,0.48248207500000717
dresser/test/dresser_0248.obj,32,252,28767,6.215859982713916,7.875,4.063492063492063,0.09044380805543659,0.01483620013177351,0.6154607254577033,93.69377807705388,0.0866676020000341,0.41971691200024
dresser/test/dresser_0249.obj,32,252,28802,6.2234226447709595,7.875,4.063492063492063,0.05134559110284459,0.004714949420304693,0.24394293871249184,101.99961539851034,0.25755339499983165,0.36687006100009967
dresser/test/dresser_0250.obj,32,252,28801,6.223206568712187,7.875,4.063492063492063,0.11965503142520999,0.03995944979834455,1.3920187911600073,81.09624567508294,0.15284338999981628,0.3810150229996907
dresser/test/dresser_0251.obj,32,252,28775,6.2175885911840965,7.875,4.063492063492063,0.08220039067349011,0.013736877452484591,0.8076616583197855,98.09963672465486,0.1357813059998989,0.19988970600024913
dresser/test/dresser_0252.obj,32,252,28870,6.2219827586206895,7.875,4.063492063492063,0.09442397611340203,0.023386551962282825,1.1522476040741556,96.21184162761088,0.10596576999978424,0.18540363800002524
dresser/test/dresser_0253.obj,32,252,28737,6.241746307558644,7.875,4.063492063492063,0.13468410106945575,0.058479977982141274,1.7932191222975153,87.44104678159961,0.08782958099982352,0.243039790000239
dresser/test/dresser_0254.obj,32,252,28695,6.1842672413793105,7.875,4.063492063492063,0.06554077920264864,0.01027396156028154,0.7129502540021481,97.50923996355657,0.08696759199983717,0.17230112000015652
dresser/test/dresser_0255.obj,32,252,28774,6.2012931034482754,7.875,4.063492063492063,0.07640325320810742,0.01286298323117793,0.7469512762164336,85.50129764459916,0.10918621600012557,0.20391232599968134
dresser/test/dresser_0256.obj,32,252,28803,6.207543103448276,7.875,4.063492063492063,0.06814190261250683,0.008317185418052101,0.3176393695867564,91.51892113044312,0.1252456480001456,0.216453325999737
dresser/test/dresser_0257.obj,32,252,28777,6.218020743301643,7.875,4.063492063492063,0.05965517833437303,0.007826954595882965,0.6614360574175301,92.8795264864919,0.06936223299999256,0.2213994570001887
dresser/test/dresser_0258.obj,32,252,28817,6.242850953206239,7.875,4.063492063492063,0.06466874961267963,0.007512273642205709,0.47898130356183827,82.04058166658439,0.1781716260002213,0.19486791799999992
dresser/test/dresser_0259.obj,32,252,28781,6.186801375752364,7.875,4.063492063492063,0.07418642811313433,0.011742847183371487,0.6470053464678319,103.50515187330393,0.10005736600032833,0.222876436000206
dresser/test/dresser_0260.obj,32,252,28774,6.2012931034482754,7.875,4.063492063492063,0.09711453449459964,0.019027664656768136,0.9599219941426921,90.59650017247367,0.06913923199999772,0.18404755600022327
dresser/test/dresser_0261.obj,32,252,28814,6.226015557476232,7.875,4.063492063492063,0.085409699538231,0.03225113431829929,1.5736726442462576,97.57667647899163,0.09236779899993053,0.19757233299969812
dresser/test/dresser_0262.obj,32,252,28725,6.239139878366638,7.875,4.063492063492063,0.08315477041859165,0.02325183614560233,1.3161221180691065,86.4454120473867,0.07242412599998715,0.23663975899989964
dresser/test/dresser_0263.obj,32,252,28734,6.176698194325022,7.875,4.063492063492063,0.08483860489848905,0.04790652977955999,2.061621334697365,89.68780007429388,0.2071306679999907,0.22849697299989202
dresser/test/dresser_0264.obj,32,252,28759,6.198060344827586,7.875,4.063492063492063,0.07895409145507357,0.01132182766766903,0.6375462342219288,96.84790968045542,0.08745349900027577,0.30719946899989736
dresser/test/dresser_0265.obj,32,252,28757,6.197629310344827,7.875,4.063492063492063,0.04923748835966468,0.006229137215240544,0.760045034783089,102.36411729068615,0.10609287399984169,0.16539764799972545
dresser/test/dresser_0266.obj,32,252,28823,6.195829750644884,7.875,4.063492063492063,0.06240862755666892,0.01149831405877801,1.252676230665761,107.60046772895898,0.12908607300005315,0.37549733000014385
dresser/test/dresser_0267.obj,32,252,28811,6.225367329299914,7.875,4.063492063492063,0.07244433305518641,0.01686183738247146,1.1047851196096012,88.7868385556728,0.06874812700016264,0.22034672599966143
dresser/test/dresser_0268.obj,32,252,28793,6.221477960242005,7.875,4.063492063492063,0.055256306457275445,0.005551308378275543,0.2911391463262441,98.89638896413332,0.10763883200024793,0.2645870169999398
dresser/test/dresser_0269.obj,32,252,28808,6.192605331040412,7.875,4.063492063492063,0.10968706224354559,0.03985607073245675,1.6111009585036482,91.932007679149,0.06936282300011953,0.19233930099971985
dresser/test/dresser_0270.obj,32,252,28757,6.1816423043852105,7.875,4.063492063492063,0.0861962381058209,0.017756216961644394,1.1152405912242898,91.39669996654803,0.09299367300036465,0.29897585199978494
dresser/test/dresser_0271.obj,32,252,28808,6.240901213171577,7.875,4.063492063492063,0.0771190948869526,0.01748325226432666,1.223833486989933,84.1015686385513,0.09848968200003583,0.37442434700005833
dresser/test/dresser_0272.obj,32,252,28780,6.21866897147796,7.875,4.063492063492063,0.148523995521295,0.06206632855281296,1.2202262365429986,90.49242256484385,0.07045371599997452,0.18400808000023972
dresser/test/dresser_0273.obj,32,252,28770,6.184436801375752,7.875,4.063492063492063,0.0899996518411845,0.018461809361211296,0.6681414067441344,98.6321601671331,0.1312323950000973,0.28226718099995196
dresser/test/dresser_0274.obj,32,252,28813,6.209698275862069,7.875,4.063492063492063,0.0792536890310054,0.014850886400032945,1.0166893128390326,109.00499478114372,0.15189460900000995,0.36482010400004583
dresser/test/dresser_0275.obj,32,252,28738,6.225736568457539,7.875,4.063492063492063,0.07217401847652521,0.011569862629947854,0.840131096503202,79.2377480136178,0.1870901569996022,0.32443351099982465
dresser/test/dresser_0276.obj,32,252,28789,6.204525862068966,7.875,4.063492063492063,0.0614146468167554,0.0067474585351344814,0.5060951070247544,92.8497495439727,0.17215802200007602,0.31053700999973444
dresser/test/dresser_0277.obj,32,252,28775,6.2175885911840965,7.875,4.063492063492063,0.09057477179109848,0.023009412989728393,1.1576204501936875,95.54438665340048,0.12133866200019838,0.21117073599998548
dresser/test/dresser_0278.obj,32,252,28779,6.234618717504333,7.875,4.063492063492063,0.13908592760384333,0.05931019880188698,1.4537343278552581,95.00643652480564,0.08288399100001698,0.19140236800012644
dresser/test/dresser_0279.obj,32,252,28845,6.216594827586207,7.875,4.063492063492063,0.07361403115452114,0.009098195500149647,0.24436151149841615,101.06325826910967,0.08150911099983205,0.23362787199994273
dresser/test/dresser_0280.obj,32,252,28762,6.198706896551724,7.875,4.063492063492063,0.09029032227188676,0.016241018406728695,0.9122861327114347,93.04389525771043,0.20714095799985444,0.3530406079999011
dresser/test/dresser_0281.obj,32,252,28844,6.248700173310225,7.875,4.063492063492063,0.10543648034406336,0.02345022845794943,1.10162598707041,94.06375123656949,0.17841545800001768,0.2515801059998921
dresser/test/dresser_0282.obj,32,252,28785,6.219749351771823,7.875,4.063492063492063,0.08278536829793676,0.012651810170924427,0.5875654269639455,91.41593615232122,0.07262768200007486,0.3453759059998447
dresser/test/dresser_0283.obj,32,252,28703,6.21815424610052,7.875,4.063492063492063,0.10570623512214547,0.04510931950200031,1.6927000352194084,96.78630073721867,0.07722214499972324,0.20430628299982345
dresser/test/dresser_0284.obj,32,252,28779,6.218452895419188,7.875,4.063492063492063,0.14265031703819753,0.07929828900639417,1.57844901945879,101.78422207579818,0.06915536199994676,0.3463994920002733
dresser/test/dresser_0285.obj,32,252,28835,6.198409286328461,7.875,4.063492063492063,0.07358470296988376,0.011274673357737141,0.6085525353624475,108.58017722982143,0.08964656699981788,0.2115818870001931
dresser/test/dresser_0286.obj,32,252,28730,6.207865168539326,7.875,4.063492063492063,0.04816778857986513,0.006455753600899548,0.6917495094786902,99.55230051597633,0.08398783599977833,0.4599696239997684
flower_pot/test/flower_pot_0150.obj,32,252,28681,6.16530524505589,7.875,4.063492063492063,0.040146419263200235,0.0029451394546081496,0.19190170105195073,87.15815205531771,0.07722680500000934,0.178979272000106
flower_pot/test/flower_pot_0151.obj,32,232,27232,6.172257479601088,7.25,4.413793103448276,0.0486052213532664,0.004928654251977909,0.3034125307641158,86.81833900386133,0.06946512400008942,0.16269415599981585
flower_pot/test/flower_pot_0152.obj,32,252,28621,6.152407566638005,7.875,4.063492063492063,0.07605463520032657,0.009894315598911164,0.32665335076033886,89.61733314813998,0.11493057000006957,0.3457340579998345
flower_pot/test/flower_pot_0153.obj,32,252,28644,6.157351676698195,7.875,4.063492063492063,0.0720806566809889,0.009712614505725983,0.35938389630769124,90.65206100481886,0.08036869100033073,0.16727328699971622
flower_pot/test/flower_pot_0154.obj,32,234,27405,6.194620253164557,7.3125,4.3760683760683765,0.027539694574875196,0.0015417019946150773,0.16912237047806333,91.10532172887426,0.11973346600007062,0.27764897099996233
flower_pot/test/flower_pot_0155.obj,32,252,28636,6.155631986242477,7.875,4.063492063492063,0.08724649536391321,0.014839744155172392,0.4211325175487667,90.48294527148532,0.12120005599990691,0.2805044370002179
flower_pot/test/flower_pot_0156.obj,32,248,28422,6.1733275412684625,7.75,4.129032258064516,0.07544856342735955,0.009266873756628036,0.29652258325797026,91.17574529940909,0.16708931799985294,0.3233589809997284
flower_pot/test/flower_pot_0157.obj,32,228,27112,6.212648945921173,7.125,4.491228070175438,0.055436477566315964,0.005676969171819468,0.24118169781432078,86.74014558890902,0.16038718100026017,0.4199404210003195
flower_pot/test/flower_pot_0158.obj,32,250,28523,6.16313742437338,7.8125,4.096,0.058778344333763916,0.00610122826009443,0.2585245485982655,83.99504100511469,0.19128645599994343,0.44594650199996977
flower_pot/test/flower_pot_0159.obj,32,252,28654,6.159501289767841,7.875,4.063492063492063,0.03399387786964987,0.0021801080182208468,0.15310350352926108,90.06293095808849,0.13078711800017118,0.25069908500017846
flower_pot/test/flower_pot_0160.obj,32,252,28622,6.1526225279449696,7.875,4.063492063492063,0.04243611283984626,0.003708424346140704,0.3468438275661188,85.19855841288935,0.19202474100029576,0.2238403820001622
flower_pot/test/flower_pot_0161.obj,32,230,27174,6.192798541476755,7.1875,4.452173913043478,0.034168639643796295,0.0023455626634167003,0.1721607785385084,90.89683743496603,0.0903916370002662,0.17013711400022657
flower_pot/test/flower_pot_0162.obj,32,240,27869,6.182120674356699,7.5,4.266666666666667,0.06808090260830048,0.010021659432980232,0.38727305657414923,90.58673189235446,0.21661008299997775,0.19796118900012516
flower_pot/test/flower_pot_0163.obj,32,252,28646,6.157781599312123,7.875,4.063492063492063,0.049150838746291406,0.004449537413797992,0.23528735733572032,92.82936476923395,0.07288537800013728,0.18479316000002655
flower_pot/test/flower_pot_0164.obj,32,250,28471,6.1519014693172,7.8125,4.096,0.08896761109239607,0.012105106892431265,0.2874525518751222,82.35499488965709,0.14330879099998128,0.1690386939999371
flower_pot/test/flower_pot_0165.obj,32,228,27044,6.214154411764706,7.125,4.491228070175438,0.03916157015947477,0.003190496659113348,0.25741478362356474,95.37662627851566,0.10082886300006066,0.16053263699996023
flower_pot/test/flower_pot_0166.obj,32,252,28661,6.161006018916595,7.875,4.063492063492063,0.06783816837391433,0.007595670816574224,0.2727148884216418,84.10370464444416,0.15649833800034685,0.18969736300005025
flower_pot/test/flower_pot_0167.obj,32,252,28634,6.155202063628547,7.875,4.063492063492063,0.03544525412922148,0.003002733860497312,0.28021428623483013,94.47843815163323,0.1502359810001508,0.3141416729999946
flower_pot/test/flower_pot_0168.obj,32,244,28138,6.176031606672519,7.625,4.19672131147541,0.03917431271200272,0.0024841496492674286,0.15672575192012494,95.12710599974011,0.1510001070000726,0.17452232200002982
flower_pot/test/flower_pot_0169.obj,32,240,27842,6.192615658362989,7.5,4.266666666666667,0.025427343096658138,0.0013741536684792703,0.16517304209533204,90.11130702644495,0.15400520899993353,0.24119692100020984
glass_box/test/glass_box_0172.obj,32,252,28764,6.231369150779896,7.875,4.063492063492063,0.0318947429848204,0.0021926723779051435,0.23549937280237734,84.99471070584165,0.25584378400026253,0.27765424300014274
glass_box/test/glass_box_0173.obj,32,252,28762,6.2309358752166375,7.875,4.063492063492063,0.05055180649959101,0.006263809101823512,0.6317898558982581,77.37409357996788,0.12003008500005308,0.20162630899994838
glass_box/test/glass_box_0174.obj,32,252,28789,6.204525862068966,7.875,4.063492063492063,0.06793278041743983,0.010019726377441526,0.6763361642393497,87.24672592241325,0.08438154400027997,0.2547205109999595
glass_box/test/glass_box_0175.obj,32,252,28786,6.203879310344828,7.875,4.063492063492063,0.03585853060801845,0.0027568042387752546,0.241866889192476,83.72266864054876,0.07930377799993948,0.35912201000019195
glass_box/test/glass_box_0176.obj,32,252,28816,6.226447709593777,7.875,4.063492063492063,0.057483201090462635,0.006545682806902651,0.4994860694817709,89.45054686213993,0.12324078900019231,0.45838489800007665
glass_box/test/glass_box_0177.obj,32,252,28728,6.20743301642178,7.875,4.063492063492063,0.08589014065400774,0.017816847622851316,0.8584336214764264,80.9618214365931,0.1515043870003865,0.2661558600002536
glass_box/test/glass_box_0178.obj,32,252,28749,6.211970613656007,7.875,4.063492063492063,0.040379232176411414,0.0036108198740240727,0.4149079504244415,89.69705935766251,0.10704995900005088,0.19364309999991747
glass_box/test/glass_box_0179.obj,32,252,28684,6.197925669835782,7.875,4.063492063492063,0.09376402299321565,0.01793279677567248,0.8686704528120773,81.88349601934374,0.12127220000002126,0.28915165000034904
glass_box/test/glass_box_0180.obj,32,252,28713,6.20419187554019,7.875,4.063492063492063,0.05119829472162962,0.006218450335448645,0.5292627504542506,86.3952686781015,0.2006220299999768,0.2828065579997201
glass_box/test/glass_box_0181.obj,32,252,28741,6.242615117289314,7.875,4.063492063492063,0.03839651327217507,0.0034742332367650036,0.5256691326092167,84.18754611814981,0.15691433000029065,0.18731632299977719
glass_box/test/glass_box_0182.obj,32,252,28730,6.207865168539326,7.875,4.063492063492063,0.04944863827678003,0.0034187129709220138,0.1872314802370542,109.30493023313524,0.12460204400031216,0.2178352599999016
glass_box/test/glass_box_0183.obj,32,252,28727,6.272270742358079,7.875,4.063492063492063,0.1284740296941959,0.03314319566653165,0.864856742926919,81.20090193939957,0.14137724400006846,0.40287218599996777
glass_box/test/glass_box_0184.obj,32,252,28750,6.2121866897147795,7.875,4.063492063492063,0.0723716566396112,0.011249148058884273,0.5106825817292956,73.36175630668647,0.10594264399969688,0.283563748999768
glass_box/test/glass_box_0185.obj,32,252,28750,6.2121866897147795,7.875,4.063492063492063,0.0727366740103528,0.011083036343061639,0.4993373829175824,72.62839136307124,0.1740037630002007,0.4782581310000751
glass_box/test/glass_box_0186.obj,32,252,28747,6.243918331885317,7.875,4.063492063492063,0.07723154882616612,0.012004276791275144,0.6745689125028485,81.79652842496412,0.12857818500015128,0.4509062829997674
glass_box/test/glass_box_0187.obj,32,252,28738,6.209593777009507,7.875,4.063492063492063,0.07987347611910091,0.012889676778219668,0.6410834253002052,79.8992683170859,0.0893926730000203,0.23507371300001978
glass_box/test/glass_box_0188.obj,32,252,28703,6.202031114952463,7.875,4.063492063492063,0.06502116112610076,0.0082687251074747,0.5989295103662315,84.33485635965525,0.09009333400035757,0.33234850200005894
glass_box/test/glass_box_0189.obj,32,252,28715,6.204624027657736,7.875,4.063492063492063,0.0873747181454276,0.015927418871064816,0.6728193719860317,85.31989999093997,0.09421417299972745,0.34676520799985155
glass_box/test/glass_box_0190.obj,32,252,28712,6.187931034482759,7.875,4.063492063492063,0.1978016946510227,0.1270913680832575,1.7124447473318152,79.44327702623283,0.13877907400001277,0.2399745940001594
glass_box/test/glass_box_0191.obj,32,252,28737,6.241746307558644,7.875,4.063492063492063,0.06084452713848373,0.008729073659853091,0.7253747743261144,82.21437328718099,0.14716436999970028,0.18211363699992944
glass_box/test/glass_box_0192.obj,32,252,28777,6.185941530524506,7.875,4.063492063492063,0.12392323126823965,0.03796719462424105,1.2561800636073395,79.08287283097933,0.07609171900003275,0.2255565230002503
glass_box/test/glass_box_0193.obj,32,252,28721,6.205920484010371,7.875,4.063492063492063,0.12995022697244163,0.03572760437126261,0.8079437938737726,78.9921366435143,0.18628614499994,0.3351961140001549
glass_box/test/glass_box_0194.obj,32,252,28753,6.212834917891097,7.875,4.063492063492063,0.12164127810789546,0.03450528907333224,1.0686425571498765,76.97831578883692,0.08958047899977828,0.1828003189998526
glass_box/test/glass_box_0195.obj,32,252,28782,6.219101123595506,7.875,4.063492063492063,0.10916481547189434,0.03545208506828702,1.262664369140949,84.10658487361698,0.1012606119998054,0.41919418299994504
glass_box/test/glass_box_0196.obj,32,252,28728,6.20743301642178,7.875,4.063492063492063,0.08480680666152858,0.014580801383026535,0.6298075028687263,82.57577447936671,0.11270878200002699,0.2847880709996389
glass_box/test/glass_box_0197.obj,32,252,28716,6.188793103448276,7.875,4.063492063492063,0.0443966437843768,0.0038303149857859082,0.26614425539311487,87.5783229445353,0.15686264399982974,0.20490130400003181
glass_box/test/glass_box_0198.obj,32,252,28721,6.205920484010371,7.875,4.063492063492063,0.12945933289493283,0.035930932192419884,0.7918856031905588,77.60061013988624,0.0899990580001031,0.31533136500002
glass_box/test/glass_box_0199.obj,32,252,28738,6.209593777009507,7.875,4.063492063492063,0.08037165986587644,0.012963179896375226,0.6349793458220646,79.53475767385684,0.07503209299966329,0.27556917000038084
glass_box/test/glass_box_0200.obj,32,252,28708,6.187068965517241,7.875,4.063492063492063,0.06179243207596995,0.011981934506148085,0.9719853210820649,83.85227093466281,0.1270723990000988,0.17311381999979858
glass_box/test/glass_box_0201.obj,32,252,28738,6.19353448275862,7.875,4.063492063492063,0.08668842405423413,0.01751647875576541,0.7566693883094572,82.06937078798205,0.10071557900027983,0.2263094629997795
glass_box/test/glass_box_0202.obj,32,252,28703,6.234361424847958,7.875,4.063492063492063,0.1327154940496566,0.05128897505675786,1.3606780847311135,81.28455326169653,0.2314824480004063,0.6017732319996867
glass_box/test/glass_box_0203.obj,32,252,28725,6.174763542562339,7.875,4.063492063492063,0.03569687044836416,0.004076299875713535,0.5827235296236032,89.15413006809824,0.2011504319998494,0.45971390600016093
glass_box/test/glass_box_0204.obj,32,252,28715,6.204624027657736,7.875,4.063492063492063,0.06148166260614063,0.008277471976137794,0.5354455715774807,84.89942163461373,0.23583399799963445,0.5559383049999269
glass_box/test/glass_box_0205.obj,32,252,28763,6.198922413793103,7.875,4.063492063492063,0.0827148828162132,0.016360212888421464,0.941669841006659,89.09785133192419,0.11497429300015938,0.16928924400008327
glass_box/test/glass_box_0206.obj,32,252,28687,6.1985738980121,7.875,4.063492063492063,0.16838509251529976,0.08669443392320399,1.3973005195525992,87.78515604211887,0.20679058899986558,0.2786012619999383
glass_box/test/glass_box_0207.obj,32,252,28719,6.2216204506065855,7.875,4.063492063492063,0.04142745107083835,0.003932675702211102,0.35621381114740813,89.71371085140498,0.1846010969998133,0.24327879800011942
glass_box/test/glass_box_0208.obj,32,252,28715,6.204624027657736,7.875,4.063492063492063,0.06185390872099901,0.008459484609351878,0.5325673537119312,85.69040115863943,0.09759367099968586,0.39819935500008796
glass_box/test/glass_box_0209.obj,32,252,28723,6.206352636127917,7.875,4.063492063492063,0.09973188762375387,0.02370948510844229,0.762908267225462,80.46738824904486,0.15179829499993502,0.2963086179997845
glass_box/test/glass_box_0210.obj,32,252,28770,6.232668977469671,7.875,4.063492063492063,0.05580299060342879,0.006269155456679522,0.3295608145417747,86.76970024925217,0.22824537999986205,0.4229762400000254
glass_box/test/glass_box_0211.obj,32,252,28760,6.2143474503025065,7.875,4.063492063492063,0.0800898467595822,0.014184491032844995,0.693536144498364,88.9530681253076,0.2820640270001604,0.4383009039997887
glass_box/test/glass_box_0212.obj,32,252,28755,6.181212381771281,7.875,4.063492063492063,0.06524520136642037,0.010079771562652752,0.5108550846747858,90.1003416148124,0.30000455199979115,0.3121619529997588
glass_box/test/glass_box_0213.obj,32,252,28724,6.222703639514731,7.875,4.063492063492063,0.08192163639012433,0.02287577950250113,1.2229403682925009,91.11463921013666,0.10870004799971866,0.32006584500004465
glass_box/test/glass_box_0214.obj,32,252,28770,6.232668977469671,7.875,4.063492063492063,0.039288884383381614,0.0034608131492340592,0.40714236612642796,84.8410945978392,0.1365372400000524,0.21646652199979144
glass_box/test/glass_box_0215.obj,32,252,28749,6.211970613656007,7.875,4.063492063492063,0.08265377458517903,0.014625686398913894,0.6426700452868176,80.80305409863402,0.23268794800014803,0.3149138390003827
glass_box/test/glass_box_0216.obj,32,252,28746,6.24370112945265,7.875,4.063492063492063,0.07887711920241373,0.02195814388508002,1.0927451268787323,83.13716057328321,0.09850764899965725,0.19588271499969778
glass_box/test/glass_box_0217.obj,32,252,28731,6.192025862068966,7.875,4.063492063492063,0.05858278583428899,0.006828965775466229,0.5299767363251319,93.02342164388217,0.14453120799998942,0.3562523560003683
glass_box/test/glass_box_0218.obj,32,252,28746,6.211322385479689,7.875,4.063492063492063,0.061214531118613226,0.007907750358329062,0.4526413242836359,84.40431381220822,0.07752500800006601,0.17584413599979598
glass_box/test/glass_box_0219.obj,32,252,28786,6.203879310344828,7.875,4.063492063492063,0.0621146860881332,0.007796475382318844,0.31049103352916285,93.29728133397381,0.08979247700017368,0.21560391100001652
glass_box/test/glass_box_0220.obj,32,252,28642,6.172844827586207,7.875,4.063492063492063,0.04760214495925659,0.013925569809670165,1.2219310040314264,91.02426644437267,0.13987477099999523,0.24340893599992341
glass_box/test/glass_box_0221.obj,32,252,28781,6.235051993067591,7.875,4.063492063492063,0.04878422395293035,0.004916920946639187,0.24402092625661478,85.98521335398345,0.132154754000112,0.18285270400019726
glass_box/test/glass_box_0222.obj,32,252,28718,6.237619461337967,7.875,4.063492063492063,0.09759128955150374,0.022375299892659566,1.083797537607785,75.08688810593135,0.11188209500005541,0.2692031930000667
glass_box/test/glass_box_0223.obj,32,252,28781,6.235051993067591,7.875,4.063492063492063,0.048050032716190724,0.004813950185967898,0.24266939556981915,85.97386957293185,0.26293041399958383,0.2341501029995925
glass_box/test/glass_box_0224.obj,32,252,28761,6.214563526361279,7.875,4.063492063492063,0.039826493150032075,0.0036943680868991424,0.5407908788332136,88.06733305927294,0.18950031299982584,0.3257937230000607
glass_box/test/glass_box_0225.obj,32,252,28719,6.2216204506065855,7.875,4.063492063492063,0.048525160111926216,0.005661046997090499,0.64001784451292,80.7429244497144,0.1607470359999752,0.20861521200004063
glass_box/test/glass_box_0226.obj,32,252,28723,6.206352636127917,7.875,4.063492063492063,0.09991600481879057,0.023855246748545923,0.7733069433258478,80.15428906247345,0.07284887900004833,0.23750017800011847
glass_box/test/glass_box_0227.obj,32,252,28770,6.232668977469671,7.875,4.063492063492063,0.0561301889786949,0.006251481494785488,0.3261211746131536,86.5270323070337,0.08516224499999225,0.3768669669998417
glass_box/test/glass_box_0228.obj,32,252,28754,6.21305099394987,7.875,4.063492063492063,0.11275232730279033,0.029269525099390816,1.0729733145592655,79.4756625470273,0.14725752499998634,0.30490939699984665
glass_box/test/glass_box_0229.obj,32,252,28763,6.198922413793103,7.875,4.063492063492063,0.08285313555564797,0.016495059940219527,0.9577546270536353,89.14365555460982,0.15171813699998893,0.4370502330002637
glass_box/test/glass_box_0230.obj,32,252,28725,6.174763542562339,7.875,4.063492063492063,0.03593737365059254,0.004137104691343635,0.5697733886186426,88.78478104915543,0.2736931879999247,0.36721801500016227
glass_box/test/glass_box_0231.obj,32,252,28736,6.177128116938951,7.875,4.063492063492063,0.050503504109432315,0.0050563146863893465,0.3063520502749647,85.72587708184426,0.08535059199994066,0.29447663700011617
glass_box/test/glass_box_0232.obj,32,252,28786,6.203879310344828,7.875,4.063492063492063,0.06245545146114706,0.007804398495803077,0.3105115372093927,93.05447677586227,0.15917230200011545,0.4094785580000462
glass_box/test/glass_box_0233.obj,32,252,28762,6.214779602420052,7.875,4.063492063492063,0.03441371857236393,0.0026402578378744634,0.41283423760537646,81.39867256318654,0.14555752800015398,0.3792885779998869
glass_box/test/glass_box_0234.obj,32,252,28770,6.232668977469671,7.875,4.063492063492063,0.055600714804410194,0.006320690240135358,0.33060987400466374,86.89948518988129,0.1765227139999297,0.29622198000015487
glass_box/test/glass_box_0235.obj,32,252,28782,6.219101123595506,7.875,4.063492063492063,0.07564073891160308,0.013179152961987625,0.6642633264772103,88.63774028083802,0.18195546999959333,0.45553752200021336
glass_box/test/glass_box_0236.obj,32,252,28733,6.257186411149826,7.875,4.063492063492063,0.03657209631474247,0.0030552238969119507,0.3612661809835715,80.81553572346553,0.10743845799970586,0.4071435079999901
glass_box/test/glass_box_0237.obj,32,252,28706,6.170679277730009,7.875,4.063492063492063,0.03548562536732757,0.0028456652112630342,0.57788570471999,92.7877168679742,0.26835251700003937,0.35932641099998364
glass_box/test/glass_box_0238.obj,32,252,28733,6.257186411149826,7.875,4.063492063492063,0.0367051841060556,0.0030214081831289943,0.3614428821218546,80.91310572951181,0.07789416400009941,0.16307421900000918
glass_box/test/glass_box_0239.obj,32,252,28782,6.219101123595506,7.875,4.063492063492063,0.07631286838899881,0.013197001637992953,0.6500410624928551,88.27061554644676,0.1630102609997266,0.2267319210000096
glass_box/test/glass_box_0240.obj,32,252,28760,6.198275862068965,7.875,4.063492063492063,0.07474058010620364,0.011804478490412417,0.6573894514096614,91.33609276555171,0.12227615900019373,0.4276945669998895
glass_box/test/glass_box_0241.obj,32,252,28721,6.205920484010371,7.875,4.063492063492063,0.11390593855458878,0.03245886254377681,1.132707664533662,79.22835466067717,0.15819899500002066,0.24003941199998735
glass_box/test/glass_box_0242.obj,32,252,28808,6.224719101123595,7.875,4.063492063492063,0.06046722945718274,0.00844947560010792,0.6855044438805893,82.35061984341328,0.07295950800016726,0.1750232720000895
glass_box/test/glass_box_0243.obj,32,252,28624,6.1689655172413795,7.875,4.063492063492063,0.10285598608198179,0.029346109593941246,1.2019639494858807,93.26215821702337,0.07712541000000783,0.2546632389999104
glass_box/test/glass_box_0244.obj,32,252,28670,6.194900605012965,7.875,4.063492063492063,0.12957494367990305,0.03848691219949887,1.1121589234586302,87.21695444951538,0.12080839800000831,0.1734357820000696
glass_box/test/glass_box_0245.obj,32,252,28642,6.172844827586207,7.875,4.063492063492063,0.04916057638881867,0.01421081637752175,1.232603854108635,90.50420716149662,0.10925479200022892,0.27619507800000065
glass_box/test/glass_box_0246.obj,32,252,28793,6.221477960242005,7.875,4.063492063492063,0.059279569939433535,0.008443715599741589,0.407172596219939,88.64551762757307,0.27678089400023964,0.3674907540003005
glass_box/test/glass_box_0247.obj,32,252,28761,6.214563526361279,7.875,4.063492063492063,0.04016673964660521,0.0038012502245757013,0.538515380043024,87.52522667160798,0.21583835599994927,0.3538205499999094
glass_box/test/glass_box_0248.obj,32,252,28653,6.175215517241379,7.875,4.063492063492063,0.07356672154477248,0.024887067561911808,1.248550030296802,93.25422025511489,0.14501528800019514,0.2863739549998172
glass_box/test/glass_box_0249.obj,32,252,28738,6.19353448275862,7.875,4.063492063492063,0.07878178380864019,0.0168140086471015,1.1523237801643735,82.58437403103692,0.1252440849998493,0.254361735999737
glass_box/test/glass_box_0250.obj,32,252,28690,6.199222126188419,7.875,4.063492063492063,0.02899412747443926,0.0022140123444286523,0.31927938325127564,86.98110795090832,0.1212021339997591,0.2507103630000529
glass_box/test/glass_box_0251.obj,32,252,28716,6.188793103448276,7.875,4.063492063492063,0.04461409865339736,0.0038573705496784414,0.24984812912067875,87.77418313381054,0.07675294699993174,0.2512986420001653
glass_box/test/glass_box_0252.obj,32,252,28761,6.214563526361279,7.875,4.063492063492063,0.04569491368949309,0.004191541665812659,0.29097813121974236,89.5131756676426,0.09470948700027293,0.39291299299975435
glass_box/test/glass_box_0253.obj,32,252,28812,6.2417677642980935,7.875,4.063492063492063,0.05867093070779013,0.007567620366010549,0.46947669865189895,92.24574898881221,0.21426309300022695,0.31868930999962686
glass_box/test/glass_box_0254.obj,32,252,28733,6.208513396715644,7.875,4.063492063492063,0.035196504452682215,0.002676005242485316,0.3023293216904775,80.71640052600492,0.1557190730000002,0.31003371199994945
glass_box/test/glass_box_0255.obj,32,252,28710,6.171539122957868,7.875,4.063492063492063,0.06388024547797351,0.018698802158468756,1.4452498377618324,88.98899709630922,0.12612650000028225,0.3470526380001502
glass_box/test/glass_box_0256.obj,32,252,28721,6.205920484010371,7.875,4.063492063492063,0.1291528132298928,0.035583663240235784,0.7768124674357119,79.37729835398085,0.15234310200003165,0.2674016239998309
glass_box/test/glass_box_0257.obj,32,252,28725,6.22292027729636,7.875,4.063492063492063,0.04640991036334283,0.006285128388875502,0.6915546839740115,87.07260186441329,0.19177875300010783,0.3814799930000845
glass_box/test/glass_box_0258.obj,32,252,28746,6.211322385479689,7.875,4.063492063492063,0.06094697829702371,0.008043325634210315,0.4448088897483443,84.80897218651285,0.08644350099984877,0.3410568340000282
glass_box/test/glass_box_0259.obj,32,252,28699,6.201166810717372,7.875,4.063492063492063,0.14649267111116254,0.06371090162743023,1.4951697876638845,88.9508783521508,0.14611563499965996,0.4240707949998068
glass_box/test/glass_box_0260.obj,32,252,28724,6.238922675933971,7.875,4.063492063492063,0.15139902854978235,0.05686818402275076,1.3396205895548952,86.8485519685508,0.148812091000309,0.3373781569998755
glass_box/test/glass_box_0261.obj,32,252,28702,6.234144222415291,7.875,4.063492063492063,0.0831096465842265,0.0170549684680723,1.2485571247101448,97.59469004865103,0.12832234199959203,0.30305927799963683
glass_box/test/glass_box_0262.obj,32,252,28693,6.183836206896552,7.875,4.063492063492063,0.14869682020811378,0.06008678214445885,1.5361897477620359,85.81271984491211,0.07799524799975188,0.17419054499987396
glass_box/test/glass_box_0263.obj,32,252,28761,6.214563526361279,7.875,4.063492063492063,0.03218055693922141,0.0023065203773376675,0.2228473607906317,84.1937376042804,0.07969213000023956,0.3526476530000764
glass_box/test/glass_box_0264.obj,32,252,28736,6.225303292894281,7.875,4.063492063492063,0.07931036790502934,0.012719947196742312,0.6109990668738843,76.2856123082908,0.09000003500023013,0.24464472299996487
glass_box/test/glass_box_0265.obj,32,252,28751,6.196336206896552,7.875,4.063492063492063,0.08143673824734682,0.012746961199810674,0.7674632416978676,87.65195942594599,0.07357115600007091,0.28425362300004053
glass_box/test/glass_box_0266.obj,32,252,28757,6.197629310344827,7.875,4.063492063492063,0.09397115622911117,0.02022609879637329,0.6589758326512137,87.49203135862285,0.09887948100003996,0.18619244899991827
glass_box/test/glass_box_0267.obj,32,250,28524,6.211672473867596,7.8125,4.096,0.07191530905968802,0.019364248267791644,1.0589340331087072,89.92197636445661,0.14488731300025393,0.2229987489999985
glass_box/test/glass_box_0268.obj,32,252,28789,6.204525862068966,7.875,4.063492063492063,0.06858487102860161,0.009995303832316393,0.7031470517371519,86.75253301406146,0.1263888470002712,0.3516994080000586
glass_box/test/glass_box_0269.obj,32,252,28757,6.197629310344827,7.875,4.063492063492063,0.09439514650086639,0.020297753490437435,0.6559404960367045,87.33285619368591,0.09309667100023944,0.2582225370001652
glass_box/test/glass_box_0270.obj,32,252,28712,6.187931034482759,7.875,4.063492063492063,0.19902803156963503,0.12751812526865045,1.7174531015584027,79.56725795548643,0.18817010400016443,0.25991456500014465
glass_box/test/glass_box_0271.obj,32,252,28738,6.225736568457539,7.875,4.063492063492063,0.04185144368895985,0.0033434929128073115,0.2836201797449794,79.38871508654606,0.158287028000359,0.28839909499993155
guitar/test/guitar_0156.obj,32,252,28636,6.155631986242477,7.875,4.063492063492063,0.023926277139432347,0.0014033492912238197,0.15664326922837057,92.26033413385362,0.25219646799996553,0.4849369260000458
guitar/test/guitar_0157.obj,32,252,28701,6.201598962834918,7.875,4.063492063492063,0.023509499502604773,0.0011600189951049172,0.12981389247012654,107.60103045949987,0.17524619699997857,0.18749387000025308
guitar/test/guitar_0158.obj,32,252,28658,6.176293103448276,7.875,4.063492063492063,0.028567416549344082,0.0018841230967577556,0.17771855994298713,92.51580476823713,0.12831542300000365,0.21015777100001287
guitar/test/guitar_0159.obj,32,252,28614,6.150902837489252,7.875,4.063492063492063,0.06364698977117939,0.004765884122817058,0.1626170699918231,81.3376609555016,0.14435742200021195,0.2934165550000216
guitar/test/guitar_0160.obj,32,252,28681,6.18125,7.875,4.063492063492063,0.014977497099133567,0.0006127636700870557,0.14658392759134775,83.78568112439017,0.15699810399974012,0.4295661209998798
guitar/test/guitar_0161.obj,32,252,28643,6.157136715391229,7.875,4.063492063492063,0.01960963144130305,0.0010737666227232886,0.1530814503301039,99.9256201512482,0.21515436199979376,0.2707362880000801
guitar/test/guitar_0162.obj,32,250,28543,6.167458945548833,7.8125,4.096,0.06572601327176673,0.005159094096828279,0.156035086859511,85.76558083631488,0.08205332900024587,0.26027823200001876
guitar/test/guitar_0163.obj,32,252,28686,6.182327586206896,7.875,4.063492063492063,0.037087034970592445,0.0025365258177383046,0.15689587854060053,86.9880950233775,0.13873165499990137,0.2606779180000558
guitar/test/guitar_0164.obj,32,250,28529,6.1644338807260155,7.8125,4.096,0.033219059527623815,0.0020588752678692593,0.14882247535618232,105.5617321513177,0.2759069840003576,0.28000621000001047
guitar/test/guitar_0165.obj,32,250,28489,6.171793760831889,7.8125,4.096,0.023110404895474067,0.0012082715661899208,0.15512371707163444,85.36752348205681,0.20753175999971063,0.22960577300000296
guitar/test/guitar_0166.obj,32,252,28618,6.199740034662045,7.875,4.063492063492063,0.02677287358751488,0.0015930782081823441,0.1572956653496865,99.56468972100812,0.23103976800030068,0.3127590220001366
guitar/test/guitar_0167.obj,32,252,28634,6.155202063628547,7.875,4.063492063492063,0.03274293117215794,0.0021422713035970146,0.16132501231230736,103.81569388369485,0.16598768099993322,0.5753244060001634
guitar/test/guitar_0168.obj,32,248,28408,6.170286707211121,7.75,4.129032258064516,0.02452936214625783,0.001299337124005773,0.15488752030715422,90.01578245986276,0.13296509000019796,0.1915041749998636
guitar/test/guitar_0169.obj,32,252,28669,6.162725709372313,7.875,4.063492063492063,0.06542603092489133,0.005149299971161389,0.16315956719414926,85.31271806355619,0.10258004199977222,0.2269288620000225
guitar/test/guitar_0170.obj,32,250,28445,6.146283491789109,7.8125,4.096,0.02516184677277166,0.0014176724573244006,0.16150662411988267,92.80018684505595,0.07870817799994256,0.24178177500016318
guitar/test/guitar_0171.obj,32,252,28662,6.161220980223559,7.875,4.063492063492063,0.011955536800454098,0.0005556681997245514,0.15568115694937307,87.7509035666967,0.14633711499982383,0.46759903100019073
guitar/test/guitar_0172.obj,32,252,28676,6.1642304385210664,7.875,4.063492063492063,0.03449028253089189,0.0023760533511711303,0.18245362862345152,90.91564124042816,0.16107298299994,0.2414233479998984
guitar/test/guitar_0173.obj,32,248,28381,6.164422241529105,7.75,4.129032258064516,0.025022729018665122,0.0013674775161443982,0.14279684725417974,97.4231578041853,0.13865073199986,0.23883156499960023
guitar/test/guitar_0174.obj,32,252,28658,6.160361134995701,7.875,4.063492063492063,0.01906289896667978,0.0009167040700379799,0.15122554483447517,85.34693094201684,0.28476764400011234,0.5268135829996936
guitar/test/guitar_0175.obj,32,252,28656,6.159931212381771,7.875,4.063492063492063,0.03015063718213931,0.0018029341805138493,0.14439553085113183,97.319043030644,0.2075041439998131,0.3224326839999776
guitar/test/guitar_0176.obj,32,248,28393,6.167028670721112,7.75,4.129032258064516,0.01813583754516799,0.0009215601564325604,0.17547174094019471,89.33093763576943,0.28273128399996494,0.1860653500002627
guitar/test/guitar_0177.obj,32,252,28647,6.173922413793103,7.875,4.063492063492063,0.01885809359571186,0.00101803558786165,0.1621269882316961,93.11072351689445,0.08043027400026403,0.23736415100029262
guitar/test/guitar_0178.obj,32,252,28701,6.185560344827586,7.875,4.063492063492063,0.027378391581460503,0.0015114136953834328,0.15160726530211963,91.5713992386676,0.12581411300016043,0.40494824899997184
guitar/test/guitar_0179.obj,32,250,28462,6.1499567847882455,7.8125,4.096,0.030823199274074613,0.001967387485977047,0.17184126338456526,103.83009558867927,0.08700042700002086,0.2960989029998018
guitar/test/guitar_0180.obj,32,252,28630,6.1543422184006875,7.875,4.063492063492063,0.029803040087591597,0.001962154753690566,0.17821775242564022,73.77530433768634,0.3031710700001895,0.5941656210002293
guitar/test/guitar_0181.obj,32,252,28597,6.147248495270851,7.875,4.063492063492063,0.01784552302483341,0.0008399182425430629,0.15360115868355634,81.05441442507939,0.17874142700020457,0.4201131169998007
guitar/test/guitar_0182.obj,32,252,28603,6.1485382631126395,7.875,4.063492063492063,0.014745933030494329,0.0006240332690858706,0.12515627130715895,93.02134189488027,0.072185922999779,0.42872814600013953
guitar/test/guitar_0183.obj,32,252,28697,6.200734658599827,7.875,4.063492063492063,0.016481744485553323,0.0007557814005239318,0.1348305640834421,79.5115262322685,0.18397149200018248,0.24411130499993305
guitar/test/guitar_0184.obj,32,250,28514,6.1611927398444255,7.8125,4.096,0.03475361554480061,0.002378540715677545,0.16374700010540788,96.03244216833798,0.08701938200010773,0.6265748840000924
guitar/test/guitar_0185.obj,32,246,28213,6.17622591943958,7.6875,4.162601626016261,0.02883689504892037,0.00163839372113549,0.13222809072844974,94.74654873493324,0.16676827900028002,0.3498435380001865
guitar/test/guitar_0186.obj,32,252,28625,6.153267411865865,7.875,4.063492063492063,0.025757590872123044,0.0015023423442793531,0.16831305043849745,101.2520717285966,0.19204088400010733,0.27740849700012404
guitar/test/guitar_0187.obj,32,252,28626,6.153482373172829,7.875,4.063492063492063,0.029116263460565953,0.001732306708784435,0.17099348806862102,90.67717783157158,0.09338406799997756,0.27689458400027434
guitar/test/guitar_0188.obj,32,250,28524,6.179376083188908,7.8125,4.096,0.05855910528986871,0.0043162373491402,0.1417578099921709,77.27033275927458,0.09813329700000395,0.34635678799986636
guitar/test/guitar_0189.obj,32,252,28704,6.170249355116079,7.875,4.063492063492063,0.019768285101128286,0.0010542582484919826,0.1728051546241895,83.5071064669567,0.14350962799971967,0.270168131000446
guitar/test/guitar_0190.obj,32,252,28690,6.183189655172414,7.875,4.063492063492063,0.021647822684756804,0.001177942250288545,0.1676126626840625,77.79688833633821,0.14010286600023392,0.3846640030001254
guitar/test/guitar_0191.obj,32,248,28442,6.1776715899218075,7.75,4.129032258064516,0.023343894481279413,0.0013849456371033187,0.1443136105835775,94.02259556433165,0.1338704059999145,0.4139723380003488
guitar/test/guitar_0192.obj,32,252,28647,6.157996560619089,7.875,4.063492063492063,0.027406029464829618,0.0015889377414098124,0.1673209136491492,101.74967485732137,0.1942077909998261,0.40996478099987144
guitar/test/guitar_0193.obj,32,252,28703,6.1700343938091144,7.875,4.063492063492063,0.023751748294307515,0.0013754029055138201,0.19919915843043318,81.13399813285086,0.08063875400011966,0.18127966199972434
guitar/test/guitar_0194.obj,32,252,28674,6.163800515907137,7.875,4.063492063492063,0.02806490080955177,0.0017947256181674435,0.18709160730333035,94.55301741481131,0.15872178500012524,0.26761431700015237
guitar/test/guitar_0195.obj,32,252,28785,6.187661220980224,7.875,4.063492063492063,0.022575885584536746,0.0012573150724788742,0.13462611149928022,84.38057669773582,0.22679825100021844,0.2734982989995842
guitar/test/guitar_0196.obj,32,252,28630,6.186257562662057,7.875,4.063492063492063,0.0175861839805298,0.0008953090360170591,0.1545917647968524,87.37347645703619,0.3514939570000024,0.45503405399995245
guitar/test/guitar_0197.obj,32,252,28599,6.147678417884781,7.875,4.063492063492063,0.019822220686839524,0.0010216326123261685,0.14091481616501822,80.39714881825515,0.11690735499996663,0.4150011049996465
guitar/test/guitar_0198.obj,32,252,28599,6.163577586206896,7.875,4.063492063492063,0.013724346709800148,0.0005602325774621592,0.1292370872020454,83.30196729743174,0.35171179899998606,0.48475162900012947
guitar/test/guitar_0199.obj,32,252,28672,6.163370593293207,7.875,4.063492063492063,0.025584783055389138,0.0013522193843689026,0.15660328296898854,98.59017687909905,0.1368433699999514,0.3954134069999782
guitar/test/guitar_0200.obj,32,252,28705,6.170464316423044,7.875,4.063492063492063,0.030475076124834116,0.0019327431493989982,0.16077719466605223,89.2177271279397,0.2376445730001251,0.5576603049998994
guitar/test/guitar_0201.obj,32,252,28716,6.172828890799656,7.875,4.063492063492063,0.03050187024020041,0.0020063584641637246,0.16049261310495652,86.35318263513419,0.23577834199977588,0.47971851700003754
guitar/test/guitar_0202.obj,32,252,28617,6.151547721410147,7.875,4.063492063492063,0.02781585608352783,0.001591527099323365,0.17138315987774827,102.10810713640336,0.13549641000008705,0.23402236299989454
guitar/test/guitar_0203.obj,32,252,28665,6.177801724137931,7.875,4.063492063492063,0.015027521924928802,0.0006539386185461029,0.16619405773091864,98.79807612676215,0.10290123800041329,0.29924086500022895
guitar/test/guitar_0204.obj,32,252,28623,6.152837489251935,7.875,4.063492063492063,0.017025256907705223,0.0008088804547267699,0.16495218402936637,90.71665359000002,0.0926324309998563,0.29989517100011653
guitar/test/guitar_0205.obj,32,252,28619,6.151977644024075,7.875,4.063492063492063,0.02803488430743182,0.0016803058989904502,0.15104624983094547,95.35711941589116,0.12076144799993926,0.33308989200031647
guitar/test/guitar_0206.obj,32,252,28644,6.189282627484874,7.875,4.063492063492063,0.022928491753249174,0.0012132770211478565,0.14492700162822345,103.03994874356383,0.13121042100010527,0.3092881809998289
guitar/test/guitar_0207.obj,32,252,28688,6.166809974204643,7.875,4.063492063492063,0.022829509123797866,0.0012940227676595997,0.16057573468333625,91.94685463620544,0.18697517900000094,0.32789446400011
guitar/test/guitar_0208.obj,32,252,28727,6.175193465176268,7.875,4.063492063492063,0.023813603727635545,0.0014149119769329142,0.13488970022460298,98.96620757911026,0.09012196300000141,0.23012911600017105
guitar/test/guitar_0209.obj,32,252,28718,6.173258813413586,7.875,4.063492063492063,0.034467339037039246,0.0024245820753383703,0.19770216699734808,90.94380624117352,0.12708442899975125,0.2359423370003242
guitar/test/guitar_0210.obj,32,252,28659,6.160576096302665,7.875,4.063492063492063,0.020039327430428345,0.0010145804464024644,0.18581293195080748,86.83375927050413,0.11027077600010671,0.32625655000038023
guitar/test/guitar_0211.obj,32,252,28607,6.165301724137931,7.875,4.063492063492063,0.016129207201302814,0.0006913610585913836,0.1374054071869661,90.46617291140524,0.09741900800008807,0.39037690199984354
guitar/test/guitar_0212.obj,32,252,28620,6.152192605331041,7.875,4.063492063492063,0.028911126483144797,0.0017591242316737446,0.17106937084997395,102.89022147728345,0.2974110830000427,0.3572798049999619
guitar/test/guitar_0213.obj,32,252,28664,6.161650902837489,7.875,4.063492063492063,0.029603274326498202,0.0017605884566649368,0.14494025248757778,89.39754367471971,0.17102200399995127,0.4181438900000103
guitar/test/guitar_0214.obj,32,252,28603,6.1485382631126395,7.875,4.063492063492063,0.025523917881453122,0.0014170833478384243,0.14820994247929178,91.27413033722087,0.18908314600002996,0.34255080799994175
guitar/test/guitar_0215.obj,32,252,28661,6.176939655172414,7.875,4.063492063492063,0.059638339219938226,0.004528540280757869,0.15887069551068045,84.22287596785708,0.23122835599997416,0.39124231599998893
guitar/test/guitar_0216.obj,32,252,28697,6.168744625967326,7.875,4.063492063492063,0.03324824852491351,0.0021644831931136553,0.15745798862166416,81.45097268737173,0.1597368269999606,0.31869388099994467
guitar/test/guitar_0217.obj,32,252,28652,6.175,7.875,4.063492063492063,0.025789996135638864,0.0015365851626801081,0.1700055482863837,92.08797934046734,0.11319997600003262,0.2523447900002793
guitar/test/guitar_0218.obj,32,252,28703,6.202031114952463,7.875,4.063492063492063,0.0261261069095956,0.0014786451925625995,0.15070909746810274,104.48692124479831,0.13464095600011206,0.42682905999981813
guitar/test/guitar_0219.obj,32,252,28716,6.188793103448276,7.875,4.063492063492063,0.021349993938136084,0.001125894401244518,0.13458290465065043,94.83688854651143,0.17147904400007974,0.3477301670000088
guitar/test/guitar_0220.obj,32,252,28653,6.175215517241379,7.875,4.063492063492063,0.06157262995585848,0.004788581669123179,0.16988840030107788,91.99069844788528,0.08457317599959424,0.1683609950000573
guitar/test/guitar_0221.obj,32,252,28733,6.208513396715644,7.875,4.063492063492063,0.023082100812841094,0.001223762675571046,0.1249155335695939,99.69538983547807,0.09299834499961435,0.42065792999983387
guitar/test/guitar_0222.obj,32,252,28671,6.163155631986243,7.875,4.063492063492063,0.0239626802253394,0.0017155634052072465,0.23298695237025902,83.96531817496982,0.3918065329999081,0.3114785640000264
guitar/test/guitar_0223.obj,32,252,28669,6.178663793103448,7.875,4.063492063492063,0.018126000573682945,0.0007635387155398294,0.1468950984606727,80.57181353051791,0.09716538100019534,0.27069767300008607
guitar/test/guitar_0224.obj,32,248,28451,6.179626411815812,7.75,4.129032258064516,0.022996749099333986,0.0012289859326254332,0.17985630451006954,83.83317608476142,0.07959258799974123,0.23694706100013718
guitar/test/guitar_0225.obj,32,246,28289,6.176637554585152,7.6875,4.162601626016261,0.01669796308954169,0.0007703946837135595,0.19251175854066596,92.73177830263367,0.1102380649999759,0.24280612700022175
guitar/test/guitar_0226.obj,32,252,28608,6.181503889369058,7.875,4.063492063492063,0.02705498186836976,0.0014759536965213047,0.15273751092865884,99.89208511894533,0.28549143100008223,0.2770523949998278
guitar/test/guitar_0227.obj,32,252,28644,6.157351676698195,7.875,4.063492063492063,0.028194835423783066,0.001736795092214403,0.15895770557089417,92.17682395564516,0.17683274000000893,0.47944559300003675
guitar/test/guitar_0228.obj,32,252,28686,6.182327586206896,7.875,4.063492063492063,0.0226871671354383,0.0014460745022804892,0.19677059176955095,81.16189638406519,0.1353001279999262,0.5743778830001247
guitar/test/guitar_0229.obj,32,252,28637,6.187770095073466,7.875,4.063492063492063,0.02910126973690482,0.0017491157091825624,0.1557788933164637,98.74511831308557,0.4193254980000347,0.585275184999773
guitar/test/guitar_0230.obj,32,252,28696,6.200518582541054,7.875,4.063492063492063,0.01683948741538276,0.0006655632973408098,0.15949007770446152,85.81217937706106,0.33481874900007824,0.4264989680000326
guitar/test/guitar_0231.obj,32,246,28253,6.1687772925764195,7.6875,4.162601626016261,0.019603327633592585,0.001016608765007106,0.1969447898967649,96.60290685858874,0.1617667209998217,0.28537558500011073
guitar/test/guitar_0232.obj,32,252,28586,6.144883920894239,7.875,4.063492063492063,0.013017830293850584,0.0004733079383379561,0.10976074101154905,90.25449542909143,0.15559936099998595,0.29164471100011724
guitar/test/guitar_0233.obj,32,252,28574,6.142304385210662,7.875,4.063492063492063,0.014159444568873948,0.0005910462284786158,0.13697783483928205,85.95056588789895,0.19019755199997235,0.5240054010000676
guitar/test/guitar_0234.obj,32,252,28612,6.166379310344827,7.875,4.063492063492063,0.026302499589243043,0.001551125596739774,0.16329946297094672,91.5115256405449,0.21358323999993445,0.2211678710000342
guitar/test/guitar_0235.obj,32,252,28654,6.1754310344827585,7.875,4.063492063492063,0.02329354200012078,0.001302940430310328,0.15721071970308204,73.75851624179194,0.09276900899976681,0.20901616800028933
guitar/test/guitar_0236.obj,32,252,28655,6.175646551724138,7.875,4.063492063492063,0.018987787629483898,0.0009809636540908657,0.22030681990546805,77.31515428784328,0.2557899059997908,0.39876293899988013
guitar/test/guitar_0237.obj,32,252,28675,6.164015477214101,7.875,4.063492063492063,0.022139074110185366,0.0014766154416403548,0.2253353931141478,88.23170736703655,0.09131901999990077,0.2743147420001151
guitar/test/guitar_0238.obj,32,252,28689,6.182974137931034,7.875,4.063492063492063,0.020486718004929294,0.001066977218641819,0.20112833744923475,75.56157323684198,0.09948096300013276,0.4612108290002652
guitar/test/guitar_0239.obj,32,250,28610,6.181936041486603,7.8125,4.096,0.026676083267007794,0.0015768290329464803,0.15320312269312242,90.15753953261975,0.5506340060001094,0.7427729000000909
guitar/test/guitar_0240.obj,32,252,28628,6.169827586206897,7.875,4.063492063492063,0.019130207637523065,0.0008882917900653936,0.14374415257486958,86.24764395198142,0.24186830200005716,0.3949975740001719
guitar/test/guitar_0241.obj,32,252,28645,6.173491379310345,7.875,4.063492063492063,0.021368157977211883,0.0012711471847098054,0.18574064723771436,80.24925210664179,0.36498627699984354,0.3869477819998792
guitar/test/guitar_0242.obj,32,252,28693,6.167884780739467,7.875,4.063492063492063,0.017833569094928222,0.0009057032242725684,0.18099494623451007,87.70832913525663,0.16528237700003956,0.4086690730000555
guitar/test/guitar_0243.obj,32,252,28631,6.170474137931034,7.875,4.063492063492063,0.015466003693055381,0.0006085980260973672,0.1273369726786394,76.3335716453839,0.22089128200013874,0.3323503299998265
guitar/test/guitar_0244.obj,32,250,28504,6.1590319792566985,7.8125,4.096,0.016898077111013547,0.000756096316384655,0.13116804359484696,90.67176308461384,0.16034633099980056,0.40954753699998037
guitar/test/guitar_0245.obj,32,252,28597,6.147248495270851,7.875,4.063492063492063,0.017051512279520124,0.0008167963537017553,0.1738943393530382,75.08809034929959,0.1250456170000689,0.4299860810001519
guitar/test/guitar_0246.obj,32,252,28697,6.168744625967326,7.875,4.063492063492063,0.023810962576914115,0.0013573357341737362,0.15847225421386676,87.78241518390783,0.11534866700003477,0.1728685640000549
guitar/test/guitar_0247.obj,32,252,28686,6.182327586206896,7.875,4.063492063492063,0.018530067829270025,0.0008750784528176526,0.13872822632241597,89.34755534791653,0.0759125459999268,0.3019672959999298
guitar/test/guitar_0248.obj,32,252,28603,6.1485382631126395,7.875,4.063492063492063,0.02614249028732516,0.0014130317389817917,0.14179665240875589,88.11430293801536,0.1585798999999497,0.268562514000223
guitar/test/guitar_0249.obj,32,252,28723,6.2387054735013034,7.875,4.063492063492063,0.019654632504210786,0.00105486009608142,0.1541735638975985,79.65785213467765,0.19091413300020577,0.33186387400019157
guitar/test/guitar_0250.obj,32,252,28707,6.170894239036973,7.875,4.063492063492063,0.015420566780132958,0.0006627222357079687,0.1407931798265226,79.22176415412318,0.1301510549997147,0.2658383400003004
guitar/test/guitar_0251.obj,32,252,28709,6.2194540727902945,7.875,4.063492063492063,0.06837436197971306,0.005250240242325633,0.1377670119709286,89.15644394738496,0.09262459499996112,0.5291567439999199
guitar/test/guitar_0252.obj,32,252,28687,6.182543103448276,7.875,4.063492063492063,0.027442567860554018,0.001627269455095085,0.15100342219486265,99.10946635656498,0.15318471499995212,0.47022907099972144
guitar/test/guitar_0253.obj,32,250,28523,6.195264986967854,7.8125,4.096,0.014351987978199384,0.0005501437163828878,0.12079655034273384,96.81988792540258,0.16436161699994045,0.6620316980001917
guitar/test/guitar_0254.obj,32,252,28675,6.212088388214904,7.875,4.063492063492063,0.020278198790332838,0.001172314922417186,0.20312993341846358,89.45751532265078,0.1878225890000067,0.3290936309999779
guitar/test/guitar_0255.obj,32,252,28655,6.159716251074807,7.875,4.063492063492063,0.02793937051511523,0.0016154891917641925,0.16570902292815531,106.4187115074111,0.12772719899976437,0.2491447639999933
keyboard/test/keyboard_0146.obj,32,252,28734,6.176698194325022,7.875,4.063492063492063,0.0184716743843777,0.0007755667206811514,0.13668966722015558,99.23592338387024,0.19564555200031464,0.4671043089997511
keyboard/test/keyboard_0147.obj,32,252,28681,6.197277441659464,7.875,4.063492063492063,0.033119325597575355,0.007300800079323285,0.8025055981516249,81.16912507438167,0.25753296299990325,0.5833558899998934
keyboard/test/keyboard_0148.obj,32,252,28631,6.170474137931034,7.875,4.063492063492063,0.012948248073457843,0.0006060627872659242,0.1979134281949824,87.81756147511653,0.38028428799998437,0.4307790009997916
keyboard/test/keyboard_0149.obj,32,252,28677,6.196413137424373,7.875,4.063492063492063,0.02193749773885846,0.0012002592277301773,0.3511243724533201,87.57361842437868,0.15365360900023006,0.5620704959997056
keyboard/test/keyboard_0150.obj,32,252,28618,6.183664649956785,7.875,4.063492063492063,0.09248399156510599,0.05214041126917497,1.363091982796589,75.28478720603971,0.16218259600009333,0.7164990230003241
keyboard/test/keyboard_0151.obj,32,252,28635,6.155417024935511,7.875,4.063492063492063,0.015264759369404312,0.0006008958793186212,0.10344210094562702,88.48937009152573,0.16417520899994997,0.2618282299999919
keyboard/test/keyboard_0152.obj,32,252,28683,6.165735167669819,7.875,4.063492063492063,0.02208315767033904,0.0025360730181607947,0.6271289524087599,77.31033199928541,0.1003161599996929,0.20688696900015202
keyboard/test/keyboard_0153.obj,32,252,28698,6.2009507346585995,7.875,4.063492063492063,0.019996177780084477,0.0012413535922564702,0.38791102673290306,81.3566952040936,0.089763020999726,0.4882733989998087
keyboard/test/keyboard_0154.obj,32,252,28579,6.143379191745486,7.875,4.063492063492063,0.01632649266852678,0.000688067007635094,0.20659082972016138,68.6593477366944,0.11224046300003465,0.35507416700011163
keyboard/test/keyboard_0155.obj,32,252,28742,6.194396551724138,7.875,4.063492063492063,0.019314090784608176,0.000925028101710771,0.12329592885035887,79.22487550360353,0.10222462999990967,0.26505186800022784
keyboard/test/keyboard_0156.obj,32,252,28652,6.175,7.875,4.063492063492063,0.025744448317140362,0.0019882740890436092,0.4398587689895831,76.93320522012601,0.11383937100026742,0.5625732120001885
keyboard/test/keyboard_0157.obj,32,252,28671,6.179094827586207,7.875,4.063492063492063,0.026214036145687472,0.003614867727097501,0.7522510655283856,80.96244800112464,0.15338901499990243,0.473491637999814
keyboard/test/keyboard_0158.obj,32,252,28667,6.162295786758383,7.875,4.063492063492063,0.015586466287181508,0.0005652146183515908,0.14847016542184202,79.63620309014362,0.2200479580001229,0.3846035269998538
keyboard/test/keyboard_0159.obj,32,252,28629,6.2508733624454145,7.875,4.063492063492063,0.03376201860836582,0.006838603983697518,0.9250963101336827,75.8298291155842,0.15404281000019182,0.3586773980000544
keyboard/test/keyboard_0160.obj,32,252,28669,6.21078856152513,7.875,4.063492063492063,0.0253432167064659,0.0018316148212529286,0.37550763488526384,69.0117530795012,0.3245248010002797,0.393123623000065
keyboard/test/keyboard_0161.obj,32,252,28621,6.216550825369244,7.875,4.063492063492063,0.04795673933625347,0.027790614957164984,1.417205683013591,67.57298470386378,0.1725092480000967,0.2744642410002598
keyboard/test/keyboard_0162.obj,32,252,28575,6.142519346517627,7.875,4.063492063492063,0.032852321720243015,0.009530171624500304,1.0156460445250128,81.01425138727724,0.2306152959999963,1.19852509500015
keyboard/test/keyboard_0163.obj,32,252,28623,6.16875,7.875,4.063492063492063,0.01433153387807316,0.0005529758876849828,0.26252986729683875,84.47956601111417,0.1841074789999766,0.6765508180001234
keyboard/test/keyboard_0164.obj,32,252,28586,6.160775862068966,7.875,4.063492063492063,0.021211199215333966,0.0025882209117520875,0.6612077569631827,73.73209452699126,0.17125677100011671,0.4772890130002452
keyboard/test/keyboard_0165.obj,32,252,28636,6.155631986242477,7.875,4.063492063492063,0.020325548921129068,0.0008989171220281291,0.12119938639435185,68.14060545333093,0.23733067000011943,0.47603970299996945
lamp/test/lamp_0125.obj,32,246,28229,6.16353711790393,7.6875,4.162601626016261,0.09359756450433829,0.01573023628649378,0.39574381128599423,80.87721288805434,0.2694036719999531,0.3912745239999822
lamp/test/lamp_0126.obj,32,250,28521,6.162705272255834,7.8125,4.096,0.03470068936553534,0.0023693420039962313,0.22848043676751964,94.81889522069807,0.2608007029998589,0.4355646569997589
lamp/test/lamp_0127.obj,32,252,28675,6.164015477214101,7.875,4.063492063492063,0.07780486235314693,0.009536144276741092,0.2819082191532296,94.3942506526871,0.1421384710001803,0.24573048599995673
lamp/test/lamp_0128.obj,32,250,28521,6.178726169844021,7.8125,4.096,0.09545479969669085,0.016014159105240497,0.37268615410933437,92.78240596719638,0.28908868400003485,0.33387317200003963
lamp/test/lamp_0129.obj,32,252,28648,6.174137931034482,7.875,4.063492063492063,0.04486198550452994,0.004046692598062328,0.3318759898881379,88.30349325467567,0.1871918399997412,0.24983387399970525
lamp/test/lamp_0130.obj,32,252,28706,6.2188041594454075,7.875,4.063492063492063,0.047990516028206975,0.006567955910549712,0.7634077596059206,83.26985899616315,0.09610184799976196,0.18313179899996612
lamp/test/lamp_0131.obj,32,252,28643,6.157136715391229,7.875,4.063492063492063,0.03739603795437735,0.002983841021690699,0.25715968255497385,90.4734784143601,0.09741651800004547,0.5302074409996749
lamp/test/lamp_0132.obj,32,252,28643,6.1730603448275865,7.875,4.063492063492063,0.04603782051072228,0.003955503621976783,0.242051359811906,89.47479145187391,0.13554507800017745,0.39572298200027944
lamp/test/lamp_0133.obj,32,250,28522,6.162921348314606,7.8125,4.096,0.03463968999437875,0.0022553931802802847,0.13427599360418035,87.54121054683617,0.16663174699988303,0.3281034980000186
lamp/test/lamp_0134.obj,32,250,28553,6.16961970613656,7.8125,4.096,0.030370072887182978,0.001822738523027822,0.10370214681249858,82.16293555070072,0.19405462199983958,0.18851134200031083
lamp/test/lamp_0135.obj,32,250,28477,6.1691941074523395,7.8125,4.096,0.038448305595057096,0.002703421374661461,0.2101797703852548,90.19395165526565,0.15262676400016062,0.28918927899985647
lamp/test/lamp_0136.obj,32,252,28689,6.167024935511608,7.875,4.063492063492063,0.046689576895373744,0.0038954374005541518,0.20319258556876765,93.60537400090377,0.16868198399970424,0.42135422199999084
lamp/test/lamp_0137.obj,32,250,28534,6.165514261019879,7.8125,4.096,0.03535340561935841,0.002441140135046249,0.16175793615549383,96.81136981786642,0.19457799499969042,0.35781838500042795
lamp/test/lamp_0138.obj,32,244,28155,6.196082746478873,7.625,4.19672131147541,0.032544202305535286,0.0022391603173325552,0.2283302013606959,91.70224889986721,0.16534660800016354,0.5045243340000525
lamp/test/lamp_0139.obj,32,250,28495,6.173093587521664,7.8125,4.096,0.036987345161731716,0.002563849856977476,0.27824020219622375,88.50787293539058,0.12208766300000207,0.21199756399983016
lamp/test/lamp_0140.obj,32,250,28536,6.165946413137425,7.8125,4.096,0.05248342074896104,0.005227551881423936,0.22323692421464236,94.0391524880954,0.10369278400003168,0.26721705800036943
lamp/test/lamp_0141.obj,32,246,28310,6.181222707423581,7.6875,4.162601626016261,0.05782944468966753,0.004615804485782915,0.20783507959532305,93.92051456232139,0.1454802899997958,0.4253086799999437
lamp/test/lamp_0142.obj,32,250,28535,6.181759098786828,7.8125,4.096,0.0797494782854288,0.011430995860866055,0.2884711449980824,96.14865927454545,0.17293061100008345,0.43029247799995574
lamp/test/lamp_0143.obj,32,252,28670,6.162940670679277,7.875,4.063492063492063,0.040301810448153355,0.003344237827982089,0.2296808801279769,99.81000052109454,0.14194572299993524,0.3001637719999053
lamp/test/lamp_0144.obj,32,252,28677,6.164445399828031,7.875,4.063492063492063,0.08052858442041498,0.013861860349599128,0.3735611006815506,87.68758064847279,0.12167340600035459,0.39504294500011383
laptop/test/laptop_0150.obj,32,252,28635,6.187337942955921,7.875,4.063492063492063,0.09031697034334965,0.05723064228167247,1.6220704241746398,81.87248958601896,0.18838506500014773,0.2678202679999231
laptop/test/laptop_0151.obj,32,252,28691,6.183405172413793,7.875,4.063492063492063,0.07816512867084467,0.02824351806096247,1.2728118043070198,102.08331935863652,0.07888214900003732,0.1948903029997382
laptop/test/laptop_0152.obj,32,252,28650,6.190579083837511,7.875,4.063492063492063,0.05547874095567345,0.010547098134967113,0.7276753417327201,84.77536757483657,0.07731595199993535,0.18554395000001023
laptop/test/laptop_0153.obj,32,252,28686,6.198357821953327,7.875,4.063492063492063,0.0427604084232186,0.012836135223045948,1.0478700641041898,78.6243271726199,0.08231204000003345,0.23070274200017593
laptop/test/laptop_0154.obj,32,252,28624,6.1689655172413795,7.875,4.063492063492063,0.030852880339980522,0.00246865252975122,0.30364047753560997,79.06854194927695,0.08360406900010275,0.23536688800004413
laptop/test/laptop_0155.obj,32,252,28697,6.168744625967326,7.875,4.063492063492063,0.05513045242447403,0.013998728997560227,1.061524612295187,87.72781560469329,0.190607258,0.20845872200015947
laptop/test/laptop_0156.obj,32,250,28495,6.157087294727744,7.8125,4.096,0.08890351503462013,0.03598497056715717,1.2254582306866044,89.55895166880381,0.1539494410003499,0.1765791029997672
laptop/test/laptop_0157.obj,32,252,28674,6.179741379310345,7.875,4.063492063492063,0.0971748773805979,0.03157420848206921,1.24296649352121,99.05331941158371,0.23573489299997163,0.30127225999967777
laptop/test/laptop_0158.obj,32,252,28722,6.190086206896551,7.875,4.063492063492063,0.05541342180862367,0.007093454767110982,0.5379772803301164,86.38038521562459,0.13105195500020272,0.32097100300006787
laptop/test/laptop_0159.obj,32,252,28671,6.227410947002606,7.875,4.063492063492063,0.05365206951605291,0.00996913385654782,0.9668010210968432,83.1804460545996,0.15018175199975303,0.5205881060001047
laptop/test/laptop_0160.obj,32,252,28686,6.166380051590713,7.875,4.063492063492063,0.0721126910086438,0.03401300581340222,1.5431627996805724,83.33444268779843,0.18382169799997428,0.4606724789996406
laptop/test/laptop_0161.obj,32,252,28686,6.166380051590713,7.875,4.063492063492063,0.0430133778221757,0.004728855045388972,0.544565791028349,89.80487687099557,0.17368285800012018,0.31525774900001124
laptop/test/laptop_0162.obj,32,252,28624,6.1689655172413795,7.875,4.063492063492063,0.08044298246779458,0.03071000572624701,1.395523234736938,80.39137276422245,0.10877021399983278,0.18060694799987687
laptop/test/laptop_0163.obj,32,252,28598,6.179343128781331,7.875,4.063492063492063,0.034123084308416554,0.003556722652728721,0.5580246092991564,83.90658090857474,0.1603274330000204,0.2027976449999187
laptop/test/laptop_0164.obj,32,252,28673,6.227845351867941,7.875,4.063492063492063,0.07571794992437028,0.023969542124055443,1.0699948784468205,81.0711569098081,0.10759238600030585,0.28136054900005547
laptop/test/laptop_0165.obj,32,252,28697,6.184698275862069,7.875,4.063492063492063,0.09677955060286064,0.023234099295318243,0.7019286885752389,89.75053130385058,0.1916006430001289,0.29086851200008823
laptop/test/laptop_0166.obj,32,252,28714,6.188362068965517,7.875,4.063492063492063,0.06898759815610085,0.02157641999864475,1.2852243309715181,95.28685537429817,0.10004237500015734,0.3513284699997712
laptop/test/laptop_0167.obj,32,252,28673,6.1955488331892825,7.875,4.063492063492063,0.04961595686309546,0.013789905321790438,1.0147429519185032,81.07797742843354,0.1677645790000497,0.268541735999861
laptop/test/laptop_0168.obj,32,252,28741,6.1782029234737745,7.875,4.063492063492063,0.07791086167592033,0.014930682936669486,0.43621649096973647,101.07856297872218,0.2078128870002729,0.47103797199997643
laptop/test/laptop_0169.obj,32,252,28615,6.231489547038327,7.875,4.063492063492063,0.08282064879511616,0.02690234612101152,1.41806046495142,96.95434043093677,0.23276036100014608,0.4023813590001737
mantel/test/mantel_0285.obj,32,252,28780,6.21866897147796,7.875,4.063492063492063,0.11760091738399214,0.029420485982310927,1.1168799553434732,100.68315081593315,0.16048779499988086,0.22268870900006732
mantel/test/mantel_0286.obj,32,252,28705,6.170464316423044,7.875,4.063492063492063,0.04587609525096513,0.0043487183198710234,0.274396739092482,97.27692811120488,0.1100302949998877,0.3455451769996216
mantel/test/mantel_0287.obj,32,248,28405,6.185757839721254,7.75,4.129032258064516,0.03203016104400878,0.002624172566256594,0.4585401767078369,90.74248372134196,0.20318641600033516,0.4877016079999521
mantel/test/mantel_0288.obj,32,252,28677,6.196413137424373,7.875,4.063492063492063,0.03685218302422073,0.0031262000044133048,0.2527291376687527,88.35842845710374,0.2289720160001707,0.24985021900010906
mantel/test/mantel_0289.obj,32,248,28407,6.186193379790941,7.75,4.129032258064516,0.060342970761302225,0.01132257140734631,0.9251100399773753,92.07970372376624,0.2120404040001631,0.2902024119998714
mantel/test/mantel_0290.obj,32,252,28699,6.201166810717372,7.875,4.063492063492063,0.04544510886664496,0.005627898983619501,0.5315569432408451,89.73627050213373,0.2517182099995807,0.24129536100008409
mantel/test/mantel_0291.obj,32,252,28698,6.2009507346585995,7.875,4.063492063492063,0.04103729411875197,0.005005544676153483,0.6590663088759178,93.18312029333316,0.09187001600002986,0.27179533100024855
mantel/test/mantel_0292.obj,32,252,28762,6.214779602420052,7.875,4.063492063492063,0.06838091041949124,0.011226131629325422,0.3443460387894984,98.38722195588488,0.0766020840001147,0.21143811399997503
mantel/test/mantel_0293.obj,32,252,28750,6.196120689655173,7.875,4.063492063492063,0.06452253439949769,0.010339208116351306,0.35136028516801576,94.11880154582522,0.13358667600004992,0.39428148200022406
mantel/test/mantel_0294.obj,32,252,28780,6.21866897147796,7.875,4.063492063492063,0.09652697637248522,0.022363308111194816,0.960812379641649,90.70025247506263,0.20103353199965568,0.3539803019998544
mantel/test/mantel_0295.obj,32,252,28751,6.228552859618717,7.875,4.063492063492063,0.058375541959152746,0.0066237740372725885,0.49351378617569935,103.534721707942,0.23866761799990854,0.39680738600009136
mantel/test/mantel_0296.obj,32,252,28733,6.224653379549394,7.875,4.063492063492063,0.047240912786237925,0.005085251687806554,0.5387880424540828,91.43111949858525,0.09785695600021427,0.23566697300020678
mantel/test/mantel_0297.obj,32,252,28735,6.225086655112651,7.875,4.063492063492063,0.04648357394346549,0.004538700705596345,0.6206116535897978,93.63955263181714,0.07846519799977614,0.28190218599957007
mantel/test/mantel_0298.obj,32,248,28449,6.179192006950478,7.75,4.129032258064516,0.0356216914110042,0.0030670323055083633,0.4230997644353819,94.57609596674973,0.17632059000015943,0.2792107639997994
mantel/test/mantel_0299.obj,32,248,28413,6.1875,7.75,4.129032258064516,0.03575055468038274,0.0033391879328822493,0.5689061759939945,89.46481039643179,0.19951636199994027,0.36682650100010505
mantel/test/mantel_0300.obj,32,252,28825,6.212284482758621,7.875,4.063492063492063,0.05749871047891654,0.006306640778583412,0.35474007883345743,103.59229965635802,0.1303423159997692,0.405496229000164
mantel/test/mantel_0301.obj,32,252,28710,6.1875,7.875,4.063492063492063,0.043801098934439384,0.004634785440464413,0.424595682125385,92.11717522843131,0.07705429199995706,0.2085651469997174
mantel/test/mantel_0302.obj,32,252,28723,6.206352636127917,7.875,4.063492063492063,0.05217671130308446,0.005762783562619101,0.6387458700485482,92.53820908550867,0.08314178799992078,0.27407920199993896
mantel/test/mantel_0303.obj,32,252,28705,6.170464316423044,7.875,4.063492063492063,0.021557658650795244,0.0009840624804024014,0.12065780775768319,98.45837366038617,0.07439924699974654,0.23351726800001416
mantel/test/mantel_0304.obj,32,252,28757,6.197629310344827,7.875,4.063492063492063,0.09447155411096032,0.01731251247900892,0.7964045383162857,99.12550035535368,0.08314134399961404,0.3006248570000025
mantel/test/mantel_0305.obj,32,252,28731,6.176053310404127,7.875,4.063492063492063,0.07449177152321845,0.014815167376845581,0.6173712644994552,94.27881024857051,0.26545309999983147,0.5612290480003139
mantel/test/mantel_0306.obj,32,250,28595,6.178694900605013,7.8125,4.096,0.033753657422413416,0.0029005694402808773,0.2998737920576898,96.75920376855103,0.20231231199977628,0.5229861880002318
mantel/test/mantel_0307.obj,32,252,28748,6.22790294627383,7.875,4.063492063492063,0.081322661620907,0.026621464171023873,1.2656767556282444,92.04717513217821,0.11070308099988324,0.4214346429998841
mantel/test/mantel_0308.obj,32,252,28736,6.1931034482758625,7.875,4.063492063492063,0.04947435578613646,0.004533175532409572,0.2576225740512768,99.32335624895322,0.19961984200017469,0.371428331000061
mantel/test/mantel_0309.obj,32,252,28755,6.229419410745234,7.875,4.063492063492063,0.06478306172563762,0.011331138240297214,0.7873905863866066,94.37357021051878,0.3443448200000603,0.4463295890000154
mantel/test/mantel_0310.obj,32,252,28754,6.21305099394987,7.875,4.063492063492063,0.08475416447514725,0.013600114985501222,0.5941394717877309,94.6606655991369,0.09333613099988725,0.35349274400005015
mantel/test/mantel_0311.obj,32,250,28594,6.210686359687228,7.8125,4.096,0.07258708742837953,0.01221532402093703,0.7767769225031769,90.10718278686659,0.2867696559997057,0.32912510699998165
mantel/test/mantel_0312.obj,32,250,28592,6.2264808362369335,7.8125,4.096,0.061174360112203674,0.00819536726185969,0.633663410371122,94.76996564493068,0.21683831400014242,0.5088948090001395
mantel/test/mantel_0313.obj,32,250,28565,6.2043874891398785,7.8125,4.096,0.060876327248058706,0.007527150296246669,0.5241595347387579,90.27375136025918,0.13146098600009282,0.24630484199997227
mantel/test/mantel_0314.obj,32,250,28537,6.182192374350087,7.8125,4.096,0.12255406330442715,0.03532470340896753,0.9154075524539771,90.74057753499304,0.09440828300012072,0.18306717799987382
mantel/test/mantel_0315.obj,32,250,28576,6.2229965156794425,7.8125,4.096,0.055967979959794745,0.005739820835468617,0.3108271553875474,100.80673632768713,0.08533407400000215,0.28857516400012173
mantel/test/mantel_0316.obj,32,252,28764,6.199137931034483,7.875,4.063492063492063,0.10982381739455904,0.03115312737078007,1.352521164609082,95.14093928503098,0.2737147110001388,0.45491750099972705
mantel/test/mantel_0317.obj,32,252,28788,6.236568457538994,7.875,4.063492063492063,0.0685705301854388,0.013655271203123633,1.064231263193406,96.91971902134725,0.22437075800007733,0.36483554799997364
mantel/test/mantel_0318.obj,32,252,28678,6.164660361134995,7.875,4.063492063492063,0.04314094781336169,0.00463097949037937,0.36892004079379626,92.94774276618602,0.10982740800000101,0.3281704460000583
mantel/test/mantel_0319.obj,32,252,28693,6.183836206896552,7.875,4.063492063492063,0.04414997372917838,0.004772458466764912,0.46005342579791625,89.26349123613474,0.27255899400006456,0.7249927770003524
mantel/test/mantel_0320.obj,32,250,28619,6.183880726015557,7.8125,4.096,0.04797211938004997,0.005627688022655553,0.6289342967842103,94.9586845291849,0.20888212699992437,0.3036973520001993
mantel/test/mantel_0321.obj,32,252,28688,6.166809974204643,7.875,4.063492063492063,0.09073707204067655,0.02540829281105197,0.9856794381042655,89.4381797247245,0.08912884800020038,0.3934302239999852
mantel/test/mantel_0322.obj,32,252,28738,6.17755803955288,7.875,4.063492063492063,0.04731448856827432,0.005366144953709718,0.5412386875706586,96.50828797625869,0.16166052500011574,0.4434801550000884
mantel/test/mantel_0323.obj,32,252,28728,6.175408426483233,7.875,4.063492063492063,0.056502384454975935,0.0073236308479409495,0.3407191454267816,94.61719749064437,0.10701307299996188,0.4039089940001759
mantel/test/mantel_0324.obj,32,252,28711,6.187715517241379,7.875,4.063492063492063,0.052889602006449654,0.007392039605515541,0.3984633568302672,93.62574103954192,0.23608323200005543,0.5503401670002859
mantel/test/mantel_0325.obj,32,252,28714,6.204407951598963,7.875,4.063492063492063,0.041828241039448835,0.004506386832174369,0.46354351933419674,91.64630337399342,0.20411325299983218,0.4098889940000845
mantel/test/mantel_0326.obj,32,250,28532,6.165082108902333,7.8125,4.096,0.025326766963257148,0.0014882384001389947,0.2892075779347185,95.6568067698924,0.1402685860002748,0.3094091240000125
mantel/test/mantel_0327.obj,32,252,28777,6.234185441941075,7.875,4.063492063492063,0.08619324595153918,0.013774199140089871,0.6748536999327952,104.10082194890049,0.13107566400003634,0.35982246000003215
mantel/test/mantel_0328.obj,32,248,28420,6.189024390243903,7.75,4.129032258064516,0.07777958948833733,0.01677100511256395,0.7665238334728108,88.29296361781084,0.15025580300016372,0.5170050500000798
mantel/test/mantel_0329.obj,32,252,28747,6.179492691315563,7.875,4.063492063492063,0.149423849201835,0.05901038965518748,1.2558306361699396,93.77767098192368,0.11582107599997471,0.5090026930001841
mantel/test/mantel_0330.obj,32,252,28766,6.215643906655143,7.875,4.063492063492063,0.0812421929912741,0.013643500864093832,0.8559378727292597,108.26492892635989,0.2757168839998485,0.33653751399970133
mantel/test/mantel_0331.obj,32,252,28766,6.1995689655172415,7.875,4.063492063492063,0.048552475007560804,0.0043533974511871815,0.43931853985305097,100.59605141493266,0.24189485599981708,0.3015095619998647
mantel/test/mantel_0332.obj,32,252,28726,6.174978503869304,7.875,4.063492063492063,0.043849179420269904,0.004113615079608644,0.5497708774482771,92.30875024887351,0.23336878800000704,0.2700982540000041
mantel/test/mantel_0333.obj,32,252,28707,6.202895419187554,7.875,4.063492063492063,0.03596306546509914,0.0025318212649548134,0.20480723898919498,90.7682409679379,0.09270701100012957,0.17922969300025215
mantel/test/mantel_0334.obj,32,252,28675,6.212088388214904,7.875,4.063492063492063,0.045380024787599865,0.004693154492109016,0.5062910613492252,92.87845958432354,0.08535705599979337,0.21752547400001276
mantel/test/mantel_0335.obj,32,252,28785,6.187661220980224,7.875,4.063492063492063,0.08675362651062712,0.01467201684529755,0.879121562647968,103.54952223908973,0.25918456899989906,0.47561094000002413
mantel/test/mantel_0336.obj,32,252,28729,6.207649092480553,7.875,4.063492063492063,0.050780943772994726,0.005920583808354628,0.6223243992950825,91.36081840405882,0.26654750999978205,0.3592734050002946
mantel/test/mantel_0337.obj,32,252,28742,6.17841788478074,7.875,4.063492063492063,0.08421456721126437,0.017510969683052012,0.7905829398552163,92.8219028662953,0.22135543800004598,0.44102807500030394
mantel/test/mantel_0338.obj,32,252,28723,6.190301724137931,7.875,4.063492063492063,0.05297277895309059,0.00706082354837808,0.6743609853862602,96.91836551460247,0.2161229660000572,0.6217353490001187
mantel/test/mantel_0339.obj,32,252,28672,6.163370593293207,7.875,4.063492063492063,0.037405720960467,0.0031600290602466254,0.2573866873171573,93.96962882807449,0.2644572019999032,0.3921600479998233
mantel/test/mantel_0340.obj,32,252,28763,6.214995678478824,7.875,4.063492063492063,0.09579483614997056,0.020426697186846487,1.0127378095971922,98.41512875446304,0.22064128099964364,0.3772235639999053
mantel/test/mantel_0341.obj,32,252,28693,6.167884780739467,7.875,4.063492063492063,0.04988708461082175,0.005334020437410859,0.4377689091846049,93.81023849568203,0.2173626419998982,0.3592845549997037
mantel/test/mantel_0342.obj,32,252,28769,6.216292134831461,7.875,4.063492063492063,0.07925211062098655,0.012545094168709778,0.5083416802874021,106.6643213258715,0.13244574500004092,0.23812814399980198
mantel/test/mantel_0343.obj,32,252,28765,6.2154278305963695,7.875,4.063492063492063,0.07847066812881462,0.012756565253985176,0.7244869419125296,104.15041068706006,0.21524574399973062,0.23042416599992066
mantel/test/mantel_0344.obj,32,252,28686,6.182327586206896,7.875,4.063492063492063,0.0333534874585804,0.0026618696293897962,0.2955107847669915,93.65370769209538,0.10448765899991486,0.3868292339998334
mantel/test/mantel_0345.obj,32,252,28639,6.156276870163371,7.875,4.063492063492063,0.03410016408628756,0.0023982062316267147,0.3084350346804463,97.91229354580521,0.09076942999990933,0.32313158299984934
mantel/test/mantel_0346.obj,32,252,28697,6.168744625967326,7.875,4.063492063492063,0.05012330696690799,0.00703432058029182,0.5709336178628047,91.91089110835779,0.10873530199978632,0.36307708799995453
mantel/test/mantel_0347.obj,32,252,28689,6.167024935511608,7.875,4.063492063492063,0.04605032634344858,0.004929862657970249,0.3429061273958837,89.67336160863802,0.3148067130000527,0.32182946800003265
mantel/test/mantel_0348.obj,32,252,28784,6.203448275862069,7.875,4.063492063492063,0.09089774583972646,0.021695504718737612,1.0356618868178622,99.18522962614168,0.1293605910000224,0.2609593839997615
mantel/test/mantel_0349.obj,32,252,28713,6.172184006878762,7.875,4.063492063492063,0.040536603556727696,0.003729013366230806,0.2224010241931185,95.24291614952497,0.07925589899969054,0.30833807199996954
mantel/test/mantel_0350.obj,32,252,28663,6.1933880726015555,7.875,4.063492063492063,0.039413192889773796,0.0037842563737175115,0.26630977964959796,87.60384340092155,0.19573437799999738,0.39851893600007315
mantel/test/mantel_0351.obj,32,252,28769,6.232452339688042,7.875,4.063492063492063,0.07333719862087695,0.009265972189743434,0.3780850140075677,100.64944481501473,0.2869778799999949,0.27676798099992084
mantel/test/mantel_0352.obj,32,252,28760,6.23050259965338,7.875,4.063492063492063,0.0740194330658158,0.010575395684650789,0.7532269419615286,91.99799376340118,0.16080795900006706,0.32686062699985996
mantel/test/mantel_0353.obj,32,252,28754,6.21305099394987,7.875,4.063492063492063,0.12035317617223554,0.042324346155086935,1.1159966272468564,93.39824642346157,0.16519950499969127,0.25219347299980654
mantel/test/mantel_0354.obj,32,252,28709,6.2194540727902945,7.875,4.063492063492063,0.05304651742789455,0.007639308980739602,0.622309287262603,89.1896734593046,0.278952849000234,0.2508790759998192
mantel/test/mantel_0355.obj,32,250,28625,6.201256499133449,7.8125,4.096,0.03691898843096954,0.0036383549980921,0.5282869728782191,94.33005617824881,0.21002374899990173,0.5861084680000204
mantel/test/mantel_0356.obj,32,252,28709,6.203327571305099,7.875,4.063492063492063,0.046479962400658256,0.0053719837723098145,0.3724262141673693,96.13024884373962,0.20139819299993178,0.5245363130002261
mantel/test/mantel_0357.obj,32,250,28596,6.1789109766637855,7.8125,4.096,0.03493187206514194,0.0029912065801632167,0.3372472832846673,95.66618052247446,0.25302986499991675,0.2664685240001745
mantel/test/mantel_0358.obj,32,252,28734,6.192672413793104,7.875,4.063492063492063,0.045543734388479244,0.004643695046439352,0.2811683947595875,96.29196901578788,0.22001815399971747,0.26783926999996766
mantel/test/mantel_0359.obj,32,252,28678,6.180603448275862,7.875,4.063492063492063,0.03866641123188768,0.0033508163732018023,0.7076852343904743,105.1996475168359,0.1711195040002167,0.3817755790000774
mantel/test/mantel_0360.obj,32,250,28588,6.193240901213172,7.8125,4.096,0.06402545693502132,0.008448412501585232,0.6714036346959525,91.689972475875,0.1315895550001187,0.49235081300003003
mantel/test/mantel_0361.obj,32,252,28774,6.233535528596187,7.875,4.063492063492063,0.09416265314876923,0.01780571664284794,0.6979700747920209,97.11183388786272,0.14108371299971623,0.1775798910002777
mantel/test/mantel_0362.obj,32,252,28699,6.169174548581255,7.875,4.063492063492063,0.044802273056082885,0.003923774413469446,0.3237893344537768,99.43646528747252,0.0935030839996216,0.3727813700002116
mantel/test/mantel_0363.obj,32,252,28709,6.171324161650903,7.875,4.063492063492063,0.0642742061532484,0.008950616259160373,0.31836502668977523,99.19254444685436,0.10064594300001772,0.42184386600001744
mantel/test/mantel_0364.obj,32,252,28772,6.2331022530329285,7.875,4.063492063492063,0.07281964233910967,0.012474536625991097,0.4067157023024157,92.39053717098423,0.14847824199978277,0.17531712900017737
mantel/test/mantel_0365.obj,32,252,28686,6.182327586206896,7.875,4.063492063492063,0.04952589110288923,0.006693531132486893,0.38038092606331164,87.2478794319286,0.07353055599969593,0.19586656100000255
mantel/test/mantel_0366.obj,32,252,28654,6.191443388072601,7.875,4.063492063492063,0.12988323827727508,0.03509797352516877,1.0373747589845685,83.35042880040814,0.1140350320001744,0.7497770820000369
mantel/test/mantel_0367.obj,32,250,28622,6.216768027801911,7.8125,4.096,0.10265567401961964,0.027363785109829012,0.9980312450088467,91.0326132665041,0.10703845800026102,0.3528773859998182
mantel/test/mantel_0368.obj,32,252,28772,6.216940363007779,7.875,4.063492063492063,0.0656003826130188,0.008721399801247164,0.5363663079427441,100.36572569321196,0.09048253300034048,0.33327658899997914
mantel/test/mantel_0369.obj,32,252,28749,6.195905172413793,7.875,4.063492063492063,0.07353372215204704,0.014173227580303743,0.7525591336573868,95.92311454956379,0.36955344099987997,0.3580257500002517
mantel/test/mantel_0370.obj,32,252,28744,6.178847807394669,7.875,4.063492063492063,0.04324680379631554,0.00329499500349824,0.3332189646081194,94.4272755159054,0.1369510659997104,0.4470812920003482
mantel/test/mantel_0371.obj,32,252,28786,6.203879310344828,7.875,4.063492063492063,0.09369566561345441,0.02247412279907719,0.9285795647109715,96.60973933074175,0.1461503040000025,0.39566994999995586
mantel/test/mantel_0372.obj,32,252,28703,6.1700343938091144,7.875,4.063492063492063,0.04919143977684254,0.006226963634799679,0.385398752017861,88.14322961848072,0.10357130200009124,0.38104279399976804
mantel/test/mantel_0373.obj,32,250,28530,6.229257641921397,7.8125,4.096,0.06102806997422653,0.012381698421027177,1.0936261556912448,93.8405289711548,0.2854723970003761,0.393177175999881
mantel/test/mantel_0374.obj,32,234,27507,6.217676311030742,7.3125,4.3760683760683765,0.03999053384317798,0.0036948726169234117,0.2554135981408017,89.21856636764534,0.08475078799983748,0.19529196800021964
mantel/test/mantel_0375.obj,32,250,28590,6.19367417677643,7.8125,4.096,0.05192713086682016,0.005425869971323277,0.32023206988417646,85.58810536730968,0.07675562499980515,0.38427311800023745
mantel/test/mantel_0376.obj,32,252,28732,6.208297320656871,7.875,4.063492063492063,0.05727421007494321,0.00806729967674508,0.6086215067297098,91.12762887353662,0.07719722800038653,0.44293222800024523
mantel/test/mantel_0377.obj,32,248,28433,6.1918554006968645,7.75,4.129032258064516,0.02792434374290191,0.001732683728465594,0.25059757474073163,91.17464074319545,0.1431777890002195,0.32604802200012273
mantel/test/mantel_0378.obj,32,252,28712,6.171969045571797,7.875,4.063492063492063,0.04463139495366431,0.0043555654673005486,0.4352842799892613,90.35555034654797,0.2670697769999606,0.4023310049997235
mantel/test/mantel_0379.obj,32,252,28761,6.198491379310345,7.875,4.063492063492063,0.06407200520543264,0.011403727209589296,0.8387693065305769,107.45043290381628,0.1763126160003594,0.30464077400029055
mantel/test/mantel_0380.obj,32,250,28596,6.1789109766637855,7.8125,4.096,0.15337105906233936,0.06284309496728857,1.3534785828482812,89.95348880717486,0.17522619200008194,0.4809926469997663
mantel/test/mantel_0381.obj,32,250,28614,6.215030408340573,7.8125,4.096,0.10520821346298367,0.028029714991955702,1.0308039530693078,92.02839392399869,0.17591195000022708,0.44638950799981103
mantel/test/mantel_0382.obj,32,252,28676,6.1642304385210664,7.875,4.063492063492063,0.04090758199190059,0.0038658115230836487,0.35449130835251824,88.06656176104366,0.33415701900003114,0.278800978000163
mantel/test/mantel_0383.obj,32,252,28690,6.183189655172414,7.875,4.063492063492063,0.041332478016491606,0.003927819005531154,0.3885955872890595,87.2066338530914,0.20377469000004567,0.20233833299971593
mantel/test/mantel_0384.obj,32,250,28547,6.184358752166378,7.8125,4.096,0.07002767070763011,0.011491610104848522,0.5963504157877323,91.80780032274308,0.09343251600012081,0.4763538570000492
monitor/test/monitor_0466.obj,32,252,28710,6.171539122957868,7.875,4.063492063492063,0.047884021843024524,0.005105115966984407,0.46240741727127155,93.20514816415604,0.163617314000021,0.2840963040002862
monitor/test/monitor_0467.obj,32,250,28530,6.196785403996524,7.8125,4.096,0.11977506305806418,0.030256792170041392,0.6574676117783707,82.84399268042407,0.18806192900001406,0.3166875209999489
monitor/test/monitor_0468.obj,32,252,28714,6.204407951598963,7.875,4.063492063492063,0.04551182800448916,0.005679234476803313,0.5545307954649902,91.33920233590395,0.24125775099992097,0.2917990410001039
monitor/test/monitor_0469.obj,32,250,28531,6.180892547660312,7.8125,4.096,0.04418185083461941,0.005041657401487893,0.6845088516486925,86.97786753211399,0.2173437430001286,0.3118355800002064
monitor/test/monitor_0470.obj,32,252,28665,6.177801724137931,7.875,4.063492063492063,0.05590819334679112,0.006134662051814086,0.3932553323959245,87.62616001839085,0.19793083000013212,0.22803991799992218
monitor/test/monitor_0471.obj,32,252,28644,6.157351676698195,7.875,4.063492063492063,0.0900978110768356,0.033539389933576656,1.079984122398839,92.52461747302978,0.1860263240000677,0.27072386999998344
monitor/test/monitor_0472.obj,32,252,28703,6.1700343938091144,7.875,4.063492063492063,0.07948351631892667,0.011234388732302588,0.3339215431536044,83.91220261314525,0.12510236000025543,0.30607146700003796
monitor/test/monitor_0473.obj,32,252,28639,6.156276870163371,7.875,4.063492063492063,0.05231308987765193,0.005688239462780896,0.3308403140513815,90.91979804100922,0.15911352000011902,0.440752018999774
monitor/test/monitor_0474.obj,32,250,28479,6.153630077787382,7.8125,4.096,0.054449095918159635,0.007874425066081518,0.7721528506066693,87.58220522763143,0.16182050299994444,0.4838539639999908
monitor/test/monitor_0475.obj,32,252,28651,6.190795159896283,7.875,4.063492063492063,0.08026762159436693,0.019655165335356183,0.9278789092650698,85.59112563517188,0.2032498410003427,0.24434174799989705
monitor/test/monitor_0476.obj,32,252,28654,6.159501289767841,7.875,4.063492063492063,0.05101038798166524,0.008095866499908917,0.8104290475890348,89.25396946013846,0.20320859299999938,0.3077859160002845
monitor/test/monitor_0477.obj,32,252,28651,6.158856405846947,7.875,4.063492063492063,0.0475630428991426,0.0062437837561279555,0.5144701641729384,84.63736499868335,0.14037858900019273,0.3221869509998214
monitor/test/monitor_0478.obj,32,252,28690,6.183189655172414,7.875,4.063492063492063,0.07651923185942218,0.021303715975774264,0.905330953532479,91.6403019071237,0.08861870500004443,0.2977473330001885
monitor/test/monitor_0479.obj,32,252,28660,6.1607910576096305,7.875,4.063492063492063,0.04493862622931799,0.004100259407632012,0.3910784209355365,85.70419194735996,0.15375282100012555,0.18574357399984365
monitor/test/monitor_0480.obj,32,250,28600,6.195840554592721,7.8125,4.096,0.04844888975563763,0.0054920251567715855,0.31997897029821604,86.94376834654355,0.1515443520002009,0.2933201820001159
monitor/test/monitor_0481.obj,32,252,28682,6.213604852686308,7.875,4.063492063492063,0.06101335335858836,0.010141665452461868,0.9867178568122513,89.08346748954963,0.08723665199977404,0.3317303969997738
monitor/test/monitor_0482.obj,32,252,28649,6.1584264832330184,7.875,4.063492063492063,0.04668046468357263,0.006446781970477474,0.6777898583917626,95.61821718368998,0.22652431200003775,0.28570082199985336
monitor/test/monitor_0483.obj,32,252,28611,6.166163793103448,7.875,4.063492063492063,0.08247652879486837,0.018079272841724774,0.9300326054755897,89.16824796411069,0.1997827199998028,0.2877060410000922
monitor/test/monitor_0484.obj,32,252,28645,6.157566638005159,7.875,4.063492063492063,0.06170653379635814,0.011647004304393086,0.767331067578729,97.0527649697371,0.08891424500006906,0.3178860849998273
monitor/test/monitor_0485.obj,32,252,28657,6.160146173688736,7.875,4.063492063492063,0.07291457872613774,0.016903045943333705,0.8471896092790541,85.14982946124317,0.22389086000021052,0.4128267659998528
monitor/test/monitor_0486.obj,32,252,28628,6.169827586206897,7.875,4.063492063492063,0.05092877558286156,0.005534358155267155,0.37533060711269944,85.65158607957653,0.08347222999964288,0.42428409800004374
monitor/test/monitor_0487.obj,32,252,28646,6.18971477960242,7.875,4.063492063492063,0.08981991875231198,0.02769084324592465,1.0298711513309602,88.74245890024935,0.0940126830000736,0.4199390039998434
monitor/test/monitor_0488.obj,32,252,28686,6.198357821953327,7.875,4.063492063492063,0.07673679912994205,0.01162233857197694,0.6451578347149872,77.46616602259954,0.19413076799992268,0.41927298700011306
monitor/test/monitor_0489.obj,32,252,28665,6.177801724137931,7.875,4.063492063492063,0.07217697402294174,0.01217999369619884,0.708621360843926,87.8031332282131,0.11924094400001195,0.19719631599991772
monitor/test/monitor_0490.obj,32,250,28501,6.158383751080381,7.8125,4.096,0.05029022253712584,0.006959261828938747,0.7551710277891417,92.2154027997441,0.07406530100024611,0.23322139399988373
monitor/test/monitor_0491.obj,32,252,28675,6.179956896551724,7.875,4.063492063492063,0.11271280986741322,0.028368313029492033,0.7353543168188242,83.91910324707362,0.1034710140002062,0.3247472440002639
monitor/test/monitor_0492.obj,32,252,28613,6.150687876182287,7.875,4.063492063492063,0.06126261630245724,0.013489949698541158,0.9324114533235548,96.16468069493041,0.11868512000000919,0.3093924380000317
monitor/test/monitor_0493.obj,32,252,28665,6.209922010398613,7.875,4.063492063492063,0.05539817623775818,0.0061516132561379375,0.3851560483076965,84.75375579342602,0.11077593800018803,0.3431114019999768
monitor/test/monitor_0494.obj,32,252,28608,6.149613069647463,7.875,4.063492063492063,0.044606729339890204,0.0039847579119297325,0.26553546893833835,80.74494093723442,0.23865434400022423,0.46268813999995473
monitor/test/monitor_0495.obj,32,252,28679,6.180818965517242,7.875,4.063492063492063,0.1667046642902993,0.0687218557562809,0.9064404690843305,99.02108024174447,0.1420046690000163,0.5977585829996315
monitor/test/monitor_0496.obj,32,252,28707,6.186853448275862,7.875,4.063492063492063,0.10893225490993741,0.03506692009458651,1.2630668470307023,89.25211061970273,0.15781332100004875,0.38115316199991867
monitor/test/monitor_0497.obj,32,252,28717,6.237402258905299,7.875,4.063492063492063,0.07174860259610044,0.009723368298562254,0.3698101972186766,78.74275468237293,0.24421717899986106,0.3267059889999473
monitor/test/monitor_0498.obj,32,252,28677,6.164445399828031,7.875,4.063492063492063,0.04468037090868968,0.003808840752639764,0.278227480678668,82.97018727367993,0.10507900499987954,0.3236074470000858
monitor/test/monitor_0499.obj,32,252,28664,6.161650902837489,7.875,4.063492063492063,0.03321950648404983,0.0024776365290777704,0.26322698285503854,90.35168383111316,0.16956060700022135,0.33547315399982836
monitor/test/monitor_0500.obj,32,252,28603,6.1964904679376085,7.875,4.063492063492063,0.08442561308236626,0.0291889669155068,1.1246063050665795,83.65092551688454,0.16423663299974578,0.5759429919999093
monitor/test/monitor_0501.obj,32,252,28639,6.156276870163371,7.875,4.063492063492063,0.05467846033155914,0.0067054015017532055,0.6140013333580142,89.98826210704443,0.12114471099994262,0.2722832429999471
monitor/test/monitor_0502.obj,32,252,28684,6.197925669835782,7.875,4.063492063492063,0.08955973513094759,0.017032050807387233,0.7349199673727453,88.66970547818096,0.19248557499986418,0.2464808500003528
monitor/test/monitor_0503.obj,32,252,28607,6.213509991311903,7.875,4.063492063492063,0.05937161909371821,0.012158046187423525,0.7968868027066754,76.41351081199525,0.0883239780000622,0.3028330439997262
monitor/test/monitor_0504.obj,32,252,28610,6.150042992261393,7.875,4.063492063492063,0.06027533403750692,0.010188925541215975,0.8395531150148587,94.19181827607885,0.1838848299998972,0.2964497560001291
monitor/test/monitor_0505.obj,32,252,28649,6.190363007778738,7.875,4.063492063492063,0.04043433021329035,0.0034701892242840187,0.326193913213572,87.3472552607162,0.18366545900016717,0.1983306789998096
monitor/test/monitor_0506.obj,32,252,28701,6.201598962834918,7.875,4.063492063492063,0.07635677736285006,0.01498412252593301,1.0220668314224841,84.01455749459521,0.17040480400009983,0.30025470999999015
monitor/test/monitor_0507.obj,32,250,28499,6.157951598962835,7.8125,4.096,0.051977085318033474,0.008147594457845245,0.6649417444493673,95.30681550672092,0.18203723599981458,0.19711521099998208
monitor/test/monitor_0508.obj,32,252,28663,6.161435941530525,7.875,4.063492063492063,0.06205638242316025,0.009285150730710526,0.733135668961207,95.41544324782586,0.12981205999994927,0.45911686099998406
monitor/test/monitor_0509.obj,32,250,28539,6.1665946413137425,7.8125,4.096,0.08964604784365435,0.02789099157053427,1.0508232326602425,89.0944579075623,0.16956841599994732,0.35676413400005913
monitor/test/monitor_0510.obj,32,252,28629,6.1700431034482754,7.875,4.063492063492063,0.0467321212360081,0.004453923253798753,0.3135970030482691,85.50061893026401,0.1735851729999922,0.22839683199981664
monitor/test/monitor_0511.obj,32,252,28641,6.204722703639515,7.875,4.063492063492063,0.06709155280917639,0.01886688355958536,1.0321073005757926,83.24547842665828,0.1078144540001631,0.535868135000328
monitor/test/monitor_0512.obj,32,252,28669,6.162725709372313,7.875,4.063492063492063,0.06626565500013783,0.009783388232681812,0.783917158793264,89.43596435224535,0.0813298630000645,0.30025701700014906
monitor/test/monitor_0513.obj,32,252,28673,6.163585554600172,7.875,4.063492063492063,0.06334398735974117,0.01635895273419027,1.1396354964655122,94.03436274071056,0.1443769250004152,0.4735998229998586
monitor/test/monitor_0514.obj,32,252,28618,6.151762682717111,7.875,4.063492063492063,0.06264548613472136,0.010502479931247786,0.8552704042510295,84.26531923790373,0.14709410099976594,0.31347634099984134
monitor/test/monitor_0515.obj,32,250,28501,6.158383751080381,7.8125,4.096,0.09755198469465451,0.027838101573319785,0.8628564133633408,84.20913340618941,0.13048173400011365,0.26977128199996514
monitor/test/monitor_0516.obj,32,252,28754,6.180997420464316,7.875,4.063492063492063,0.054467825886440335,0.00928395654029599,1.0043232691649884,77.64330471507377,0.17116370599978836,0.46970531199986
monitor/test/monitor_0517.obj,32,252,28677,6.164445399828031,7.875,4.063492063492063,0.04912126670302029,0.005454804834626208,0.5642500421438921,87.93296374879483,0.15437328299958608,0.23913768200009144
monitor/test/monitor_0518.obj,32,252,28692,6.215771230502599,7.875,4.063492063492063,0.044296820296858365,0.004871795623586444,0.39488774798307735,83.36033276543253,0.09561654000026465,0.22894751700005145
monitor/test/monitor_0519.obj,32,252,28664,6.161650902837489,7.875,4.063492063492063,0.09368206431647133,0.01579754650995572,0.38713529764202337,82.42763730151583,0.16420029399978375,0.23682859800010192
monitor/test/monitor_0520.obj,32,252,28666,6.2101386481802425,7.875,4.063492063492063,0.06662494623814849,0.01244349381019823,0.7023890722341943,89.99722816647329,0.12733244500032015,0.3575141349997466
monitor/test/monitor_0521.obj,32,252,28712,6.171969045571797,7.875,4.063492063492063,0.061560546358041306,0.021762415311450702,1.1953257517225475,92.81004068812175,0.09620506100009152,0.20284720199970252
monitor/test/monitor_0522.obj,32,244,28150,6.178665496049166,7.625,4.19672131147541,0.057898143180173806,0.008033464914005145,0.5185984880506155,88.69547479521226,0.11564922599973215,0.28827538099994854
monitor/test/monitor_0523.obj,32,252,28706,6.170679277730009,7.875,4.063492063492063,0.14571507134400802,0.04872773576869179,0.7548917910400536,86.75359464071849,0.11776552499986792,0.27989809900009277
monitor/test/monitor_0524.obj,32,252,28655,6.159716251074807,7.875,4.063492063492063,0.056785444084017804,0.007705483164043058,0.707329822525135,92.06435510726277,0.14711940400002277,0.3832491470002424
monitor/test/monitor_0525.obj,32,252,28644,6.2215464813205905,7.875,4.063492063492063,0.058192345546250066,0.01001247857298845,0.7370656568791595,81.33202872278898,0.20351395699981367,0.27450251900017975
monitor/test/monitor_0526.obj,32,252,28654,6.1754310344827585,7.875,4.063492063492063,0.06594663635005005,0.01168610983051762,0.6748025583700169,83.09540202609723,0.1320545690000472,0.18978707699989172
monitor/test/monitor_0527.obj,32,250,28539,6.1665946413137425,7.8125,4.096,0.0349256415203152,0.004037511644872415,0.5626538538868006,87.38383953155335,0.08189846499999476,0.45344264100003784
monitor/test/monitor_0528.obj,32,252,28656,6.159931212381771,7.875,4.063492063492063,0.0655861703044073,0.014154455560291625,0.9055527092656283,87.05010327350496,0.09520637900004658,0.3164496659996985
monitor/test/monitor_0529.obj,32,252,28655,6.175646551724138,7.875,4.063492063492063,0.04930925422255297,0.004668409159861632,0.26425322106820454,90.06558414246675,0.12524950500028353,0.23551873199994589
monitor/test/monitor_0530.obj,32,252,28678,6.196629213483146,7.875,4.063492063492063,0.05147500069777404,0.00612785278142677,0.5941268060617917,81.86711503234696,0.2065233220000664,0.34264932699989004
monitor/test/monitor_0531.obj,32,252,28620,6.216333622936577,7.875,4.063492063492063,0.07790457020204673,0.010951459823352131,0.36180443631057535,90.07018014774324,0.2364750700003242,0.27777373599974453
monitor/test/monitor_0532.obj,32,252,28715,6.188577586206897,7.875,4.063492063492063,0.07116632811385384,0.014693332322408553,0.9093195690774223,93.64161801372346,0.14110976699976163,0.279772616000173
monitor/test/monitor_0533.obj,32,252,28705,6.186422413793103,7.875,4.063492063492063,0.05592324129402339,0.006083122806403585,0.33640103889181233,84.44614018759218,0.18039626900008443,0.2422433850001653
monitor/test/monitor_0534.obj,32,252,28607,6.181287813310285,7.875,4.063492063492063,0.06952331984791886,0.020720472669578213,1.1785958128186709,93.55846637831625,0.26665344700040805,0.355884006999986
monitor/test/monitor_0535.obj,32,250,28584,6.192374350086655,7.8125,4.096,0.06762557366558529,0.011781273803583178,0.7795241491885246,84.43274782949126,0.12900369899989528,0.2280967819997386
monitor/test/monitor_0536.obj,32,252,28709,6.187284482758621,7.875,4.063492063492063,0.044128568726760804,0.005305331171842856,0.7842187948684777,94.58866400608188,0.07689390499990623,0.29471634899982746
monitor/test/monitor_0537.obj,32,252,28641,6.172629310344828,7.875,4.063492063492063,0.04643446292337695,0.004949509961799102,0.5139944135643515,85.67528616647725,0.1503998540001703,0.4845033299998249
monitor/test/monitor_0538.obj,32,252,28643,6.157136715391229,7.875,4.063492063492063,0.07534238499877316,0.016388857249138057,0.7940607916552918,85.71628795378908,0.10890955800005031,0.35972047799987195
monitor/test/monitor_0539.obj,32,252,28647,6.173922413793103,7.875,4.063492063492063,0.06013073516481411,0.007433784697475971,0.39073782201923013,91.29281244017704,0.11082447099988713,0.2965862390001348
monitor/test/monitor_0540.obj,32,252,28738,6.225736568457539,7.875,4.063492063492063,0.050630427332287245,0.005708711900189222,0.49896132013628075,84.03419384140159,0.09377707000021474,0.18567028699999355
monitor/test/monitor_0541.obj,32,252,28633,6.170905172413793,7.875,4.063492063492063,0.04940121834481445,0.006267280068086127,0.7352821245328498,93.55554652381687,0.09018977699997777,0.3441996760002439
monitor/test/monitor_0542.obj,32,252,28642,6.156921754084265,7.875,4.063492063492063,0.07645448188840942,0.017434686280896665,0.9904477211295459,96.36390265714962,0.08820376400035457,0.3717132310002853
monitor/test/monitor_0543.obj,32,250,28497,6.157519446845289,7.8125,4.096,0.08017765327154552,0.021217181978559624,0.8373139744958699,89.57888709042095,0.18307511300008628,0.5689700259999881
monitor/test/monitor_0544.obj,32,252,28660,6.1607910576096305,7.875,4.063492063492063,0.07407089830934255,0.01899625295270708,0.9229232663782289,82.98466648140572,0.13777880199995707,0.2066513530003249
monitor/test/monitor_0545.obj,32,252,28677,6.164445399828031,7.875,4.063492063492063,0.04891005186849057,0.004991474543516312,0.28653408681213255,93.42543743479546,0.10791120799967757,0.26344206400017356
monitor/test/monitor_0546.obj,32,252,28650,6.158641444539983,7.875,4.063492063492063,0.07546358334026822,0.028643108298792824,1.1909479233827385,96.70251280355686,0.1763653970001542,0.2581098569999085
monitor/test/monitor_0547.obj,32,252,28647,6.157996560619089,7.875,4.063492063492063,0.04825477614469144,0.005017710539798211,0.44995030759121907,82.40950730387857,0.15935076200003095,0.23089468899979693
monitor/test/monitor_0548.obj,32,250,28557,6.202649869678541,7.8125,4.096,0.08191285508651512,0.015542045332941807,0.5712393446111773,83.77202161526125,0.2693121809998047,0.3669474419998551
monitor/test/monitor_0549.obj,32,250,28532,6.165082108902333,7.8125,4.096,0.13261519529982058,0.048500931496970434,0.9082100708858534,89.45792565136479,0.08374543299987636,0.4268981779996466
monitor/test/monitor_0550.obj,32,252,28647,6.189930855661193,7.875,4.063492063492063,0.0517508171936618,0.005604479292315955,0.3412637976604242,87.2586401680689,0.22498231800000212,0.3452241610002602
monitor/test/monitor_0551.obj,32,248,28442,6.1776715899218075,7.75,4.129032258064516,0.06506568655824754,0.008875021246771397,0.622050335856236,91.14686609706808,0.13367831300001853,0.3486001579999538
monitor/test/monitor_0552.obj,32,252,28649,6.1584264832330184,7.875,4.063492063492063,0.09112000138735186,0.030312010208366373,1.340141738436559,91.25492651031202,0.11990029899970978,0.3568063349998738
monitor/test/monitor_0553.obj,32,250,28556,6.170267934312879,7.8125,4.096,0.04722245358287647,0.006273901991993567,0.7041160364302833,94.2599054012826,0.1302442589999373,0.23898587600024257
monitor/test/monitor_0554.obj,32,250,28497,6.173526863084922,7.8125,4.096,0.05072149637193915,0.006673767349381831,0.7430898587359269,91.31640138146048,0.12820100400040246,0.32565065100016
monitor/test/monitor_0555.obj,32,252,28760,6.182287188306105,7.875,4.063492063492063,0.03686215813293054,0.003830487073515105,0.7337126196720118,85.47571687216103,0.13980787399987094,0.23441247999971893
monitor/test/monitor_0556.obj,32,252,28667,6.162295786758383,7.875,4.063492063492063,0.07347941737201827,0.010478797982885403,0.3970290603589038,95.4647726715622,0.15894310499970743,0.24473122900008093
monitor/test/monitor_0557.obj,32,250,28564,6.171996542783059,7.8125,4.096,0.043382289517285566,0.003816478223732954,0.24458795097882993,86.34703023019941,0.08321730799980287,0.3355334499997298
monitor/test/monitor_0558.obj,32,250,28557,6.170484010371651,7.8125,4.096,0.04323727962330011,0.004440544841223156,0.4396168332733846,85.01186523677141,0.1119882839998354,0.3530968310001299
monitor/test/monitor_0559.obj,32,252,28657,6.160146173688736,7.875,4.063492063492063,0.06772910511905292,0.011875000411182158,0.8797633570184765,83.05245598804453,0.16704533999973137,0.28647017999992386
monitor/test/monitor_0560.obj,32,252,28647,6.157996560619089,7.875,4.063492063492063,0.0787762920403047,0.020541756445045325,0.9808817075925976,94.34696212411097,0.09245499100006782,0.27684300700002495
monitor/test/monitor_0561.obj,32,248,28381,6.164422241529105,7.75,4.129032258064516,0.0478153348091088,0.004711898405550086,0.30569887878615787,83.07389302654255,0.08744620600009512,0.2055052569999134
monitor/test/monitor_0562.obj,32,252,28678,6.180603448275862,7.875,4.063492063492063,0.08580763807333695,0.013950877295930628,0.5735383549691395,86.26372790960308,0.13344717100017078,0.258508649000305
monitor/test/monitor_0563.obj,32,252,28631,6.170474137931034,7.875,4.063492063492063,0.07005506799108115,0.014032974274479672,0.847852391350027,85.68544932529292,0.1322304189998249,0.36134986299975935
monitor/test/monitor_0564.obj,32,252,28703,6.1859913793103445,7.875,4.063492063492063,0.046484838822556086,0.0074873395992043745,0.7645634893761178,80.20421813091903,0.19301899499987485,0.48434167499999603
monitor/test/monitor_0565.obj,32,252,28656,6.159931212381771,7.875,4.063492063492063,0.055320080559657744,0.007046767914441744,0.48166445902745736,88.15554808264352,0.13873572000011336,0.21062614999982543
night_stand/test/night_stand_0201.obj,32,246,28344,6.204903677758319,7.6875,4.162601626016261,0.06839772870107279,0.0088262933300065,0.46779832873312904,97.8011843685182,0.1660084770001049,0.23070337899980586
night_stand/test/night_stand_0202.obj,32,252,28809,6.224935177182368,7.875,4.063492063492063,0.12138208466398902,0.03831082214695099,1.5827344504379128,96.22149010012564,0.22010134899983314,0.35889921799980584
night_stand/test/night_stand_0203.obj,32,240,27868,6.18189884649512,7.5,4.266666666666667,0.09430836767486515,0.03899696466573612,1.4708068542924875,89.55861590499731,0.09730270899990501,0.3811672609999732
night_stand/test/night_stand_0204.obj,32,252,28723,6.206352636127917,7.875,4.063492063492063,0.09980258535168277,0.0351432836006834,1.607782893261757,91.84011412066859,0.12109277400031715,0.3834823070001221
night_stand/test/night_stand_0205.obj,32,246,28349,6.205998248686515,7.6875,4.162601626016261,0.05263057112083204,0.005886320203298527,0.5613706516008459,91.86134237266208,0.1277193780001653,0.34263277700028993
night_stand/test/night_stand_0206.obj,32,252,28776,6.201724137931034,7.875,4.063492063492063,0.06501879459979944,0.014931301610199779,1.1398485897494377,94.7106320850744,0.17154989199980264,0.17054832300027556
night_stand/test/night_stand_0207.obj,32,244,28205,6.207086267605634,7.625,4.19672131147541,0.10115037664544498,0.02044502775090981,0.6655853352226616,92.89516519194572,0.08250751900004616,0.18047579900030541
night_stand/test/night_stand_0208.obj,32,252,28775,6.201508620689655,7.875,4.063492063492063,0.08760620176482573,0.016920722968574747,0.9031122454157923,100.70362865897394,0.07344872600015151,0.17064729799994893
night_stand/test/night_stand_0209.obj,32,252,28760,6.2143474503025065,7.875,4.063492063492063,0.07499871635736703,0.013635985776345418,0.8519032687385516,99.33076457429385,0.13032950800015897,0.39407971299988276
night_stand/test/night_stand_0210.obj,32,252,28716,6.220970537261699,7.875,4.063492063492063,0.07811310510591021,0.012921310104197864,0.6484823490953854,90.7396559156974,0.1427924009999515,0.2593625610002164
night_stand/test/night_stand_0211.obj,32,252,28748,6.211754537597234,7.875,4.063492063492063,0.08679069783938978,0.01494388456686555,0.6764002778045436,94.44883633725837,0.0733169610002733,0.29569539000021905
night_stand/test/night_stand_0212.obj,32,246,28366,6.193449781659389,7.6875,4.162601626016261,0.07386701867232877,0.0129641813700034,0.7626229881165637,90.2934956039652,0.07799803999978394,0.5496648159996766
night_stand/test/night_stand_0213.obj,32,250,28631,6.1864736387208294,7.8125,4.096,0.06636505622568588,0.010106592182931317,0.5806154381056781,98.25024985083951,0.17276857500019105,0.2887464569998883
night_stand/test/night_stand_0214.obj,32,252,28735,6.176913155631986,7.875,4.063492063492063,0.09765836762856508,0.030063690099061704,1.2006233679351153,92.51389552117868,0.17265103499994439,0.4234268339996561
night_stand/test/night_stand_0215.obj,32,252,28791,6.22104580812446,7.875,4.063492063492063,0.05743446770928064,0.009867926602228651,1.0323489460862292,87.46468485635634,0.15723076999984187,0.3862419519996365
night_stand/test/night_stand_0216.obj,32,246,28336,6.186899563318777,7.6875,4.162601626016261,0.06043697990609517,0.009812055844424118,0.7273978160130342,95.91796210347326,0.13763852700003554,0.19231672400019306
night_stand/test/night_stand_0217.obj,32,246,28321,6.183624454148472,7.6875,4.162601626016261,0.04577445710384616,0.003762432063511227,0.334926333138493,95.17495195727545,0.09331807100033984,0.16719618099978106
night_stand/test/night_stand_0218.obj,32,252,28782,6.2352686308492205,7.875,4.063492063492063,0.0794937747605905,0.03745618662343111,1.4984569703346549,88.2794253556029,0.0717816500000481,0.22865005299991026
night_stand/test/night_stand_0219.obj,32,252,28758,6.197844827586207,7.875,4.063492063492063,0.08567628991387019,0.023116294071867965,1.1265893379598544,89.97644736741537,0.14608603300030154,0.31079678600008265
night_stand/test/night_stand_0220.obj,32,252,28659,6.2248045178105995,7.875,4.063492063492063,0.05429722002844417,0.008671064780419582,0.8591167692269658,88.99640634636535,0.07739490699987073,0.3031056320000971
night_stand/test/night_stand_0221.obj,32,252,28720,6.173688736027515,7.875,4.063492063492063,0.031806476427425213,0.00221858025961014,0.2543589503624523,94.59925598556964,0.17311636500016903,0.20750367000027836
night_stand/test/night_stand_0222.obj,32,252,28743,6.226819757365685,7.875,4.063492063492063,0.051710936982317796,0.005483156612348359,0.43131082671312543,92.19249439135605,0.1659098349996384,0.19781161299988526
night_stand/test/night_stand_0223.obj,32,252,28801,6.223206568712187,7.875,4.063492063492063,0.0964749341098082,0.01674917417981984,0.5746106998472416,100.70402126931538,0.13497836399983498,0.24978487299995322
night_stand/test/night_stand_0224.obj,32,252,28767,6.215859982713916,7.875,4.063492063492063,0.14241329383346166,0.052267166238287206,1.413054457169258,96.75108326582188,0.15273943400006829,0.4523460430000341
night_stand/test/night_stand_0225.obj,32,246,28335,6.186681222707423,7.6875,4.162601626016261,0.0704874892497859,0.011281625142537919,0.7042430503032263,98.7523212929661,0.18339881000019886,0.3126008650001495
night_stand/test/night_stand_0226.obj,32,252,28808,6.240901213171577,7.875,4.063492063492063,0.09288857673333027,0.015236153617464377,0.5401183765727786,88.90602950889863,0.23556558100017355,0.5290612700000565
night_stand/test/night_stand_0227.obj,32,252,28762,6.214779602420052,7.875,4.063492063492063,0.06082469242032539,0.008167760717190631,0.7442181448740125,89.88352632288455,0.14976225000009435,0.4019131310001285
night_stand/test/night_stand_0228.obj,32,252,28726,6.207000864304235,7.875,4.063492063492063,0.07942268080662745,0.012580205950688404,0.7721740613604918,92.80248094404818,0.288297220000004,0.4704407369999899
night_stand/test/night_stand_0229.obj,32,246,28343,6.204684763572679,7.6875,4.162601626016261,0.0725463265169313,0.012240414543216234,0.7341196134564582,97.2606671365299,0.14569478000021263,0.47585376400002133
night_stand/test/night_stand_0230.obj,32,252,28782,6.20301724137931,7.875,4.063492063492063,0.10345016231842014,0.03168197308415366,1.350112781826781,90.78207658711014,0.25283239700002014,0.3387984549999601
night_stand/test/night_stand_0231.obj,32,248,28442,6.193815331010453,7.75,4.129032258064516,0.08526469609238846,0.021310253699503935,1.120258953655512,89.30421396841956,0.12068998199993075,0.19339266999986648
night_stand/test/night_stand_0232.obj,32,252,28808,6.192605331040412,7.875,4.063492063492063,0.11572000852838961,0.03781348338913408,1.515285480349992,108.08628942865472,0.08160103099999105,0.1937296390001393
night_stand/test/night_stand_0233.obj,32,252,28764,6.215211754537597,7.875,4.063492063492063,0.11806270861775996,0.048095224987696555,1.631004416622145,92.98079488485041,0.08942712099997152,0.3191411480001989
night_stand/test/night_stand_0234.obj,32,250,28547,6.184358752166378,7.8125,4.096,0.06755662416929134,0.015497841328869218,1.2001186986443693,88.95010095512279,0.10267068600023777,0.2759683760000371
night_stand/test/night_stand_0235.obj,32,252,28746,6.227469670710572,7.875,4.063492063492063,0.054324902530794486,0.006617330328499705,0.5897508889036125,92.9167222761576,0.11167603700005202,0.2464431510002214
night_stand/test/night_stand_0236.obj,32,252,28784,6.219533275713051,7.875,4.063492063492063,0.09653077549027228,0.018088871483061316,0.9867299242979137,94.58766317169821,0.07895686599977125,0.18498922700018738
night_stand/test/night_stand_0237.obj,32,252,28790,6.220829732065687,7.875,4.063492063492063,0.0890326228322365,0.019834571835035543,1.3285909027290412,96.0784630914218,0.07941592899987882,0.18294947000003958
night_stand/test/night_stand_0238.obj,32,246,28332,6.218612818261633,7.6875,4.162601626016261,0.07988376052518267,0.027877038450820197,1.761178195043918,88.35715449896145,0.07015970700012986,0.18282929500037426
night_stand/test/night_stand_0239.obj,32,250,28483,6.170493934142114,7.8125,4.096,0.2184471039703588,0.15808593681429028,2.073615150695056,90.86359424719686,0.2031781470000169,0.39909547499973996
night_stand/test/night_stand_0240.obj,32,250,28599,6.195623916811092,7.8125,4.096,0.1228942931727417,0.03696168523627737,1.0051289502744436,87.74208833426883,0.2019704859999365,0.2835574830000951
night_stand/test/night_stand_0241.obj,32,248,28501,6.22292576419214,7.75,4.129032258064516,0.07822853221882803,0.014097370227532624,1.0049236290896806,94.37470133147826,0.1407738610000706,0.21390857599999435
night_stand/test/night_stand_0242.obj,32,246,28348,6.205779334500876,7.6875,4.162601626016261,0.0731712656439986,0.011760670548764339,0.6574561542068883,95.18246955131644,0.17477743500012366,0.21470927500013204
night_stand/test/night_stand_0243.obj,32,252,28738,6.209593777009507,7.875,4.063492063492063,0.07075563353633536,0.011455529607737972,0.689289414399896,94.14193926318364,0.0833152200002587,0.24001495099992098
night_stand/test/night_stand_0244.obj,32,252,28679,6.164875322441961,7.875,4.063492063492063,0.03783903196009704,0.0029089522798178688,0.1920544649400167,89.9078634360463,0.09025743899974259,0.30950013300025603
night_stand/test/night_stand_0245.obj,32,246,28384,6.213660245183888,7.6875,4.162601626016261,0.05690056322814204,0.006068548655994272,0.36297936980453377,96.48981820334814,0.07167584500029989,0.20534237799984112
night_stand/test/night_stand_0246.obj,32,250,28605,6.2130755864465685,7.8125,4.096,0.11084567195658196,0.039508407757198424,1.6106738392390658,88.14543543256772,0.09878108800012342,0.16626654199990298
night_stand/test/night_stand_0247.obj,32,252,28810,6.241334488734835,7.875,4.063492063492063,0.10594590312872412,0.023611205861411286,1.038676120251672,98.61935238216623,0.197866908999913,0.38884151899992503
night_stand/test/night_stand_0248.obj,32,250,28610,6.198006932409013,7.8125,4.096,0.09802297166988384,0.03022809421662612,1.3230637419218216,87.96643858524536,0.0795848660000047,0.19087164499978826
night_stand/test/night_stand_0249.obj,32,250,28581,6.1756698357821955,7.8125,4.096,0.04357827295153929,0.003698758738823983,0.4130027491706337,91.04125056449246,0.15402099499988253,0.5535276900000099
night_stand/test/night_stand_0250.obj,32,246,28366,6.226075504828797,7.6875,4.162601626016261,0.14900580071646297,0.06219852511132387,1.3435094187574326,89.5722435053899,0.2014337510004225,0.48776483899973755
night_stand/test/night_stand_0251.obj,32,246,28355,6.20731173380035,7.6875,4.162601626016261,0.06132077709418355,0.007843896473337967,0.4908207250069287,94.27318846420424,0.2483429310000247,0.2521418370001811
night_stand/test/night_stand_0252.obj,32,252,28754,6.229202772963605,7.875,4.063492063492063,0.05767377993288586,0.007147200696712201,0.7390011193460803,87.00873658845968,0.1849874899999122,0.3626320260000284
night_stand/test/night_stand_0253.obj,32,252,28812,6.2255834053586865,7.875,4.063492063492063,0.06209738340185885,0.006805779664271559,0.2914346216387167,86.37279345880626,0.08527059800007919,0.369426631999886
night_stand/test/night_stand_0254.obj,32,252,28747,6.1954741379310345,7.875,4.063492063492063,0.08692173515720197,0.01780307433828655,1.0899816064652887,88.10663247159604,0.0898380300000099,0.4287573719998363
night_stand/test/night_stand_0255.obj,32,252,28751,6.196336206896552,7.875,4.063492063492063,0.06795902296129731,0.01245797425446597,0.9996038120617863,79.53269543279552,0.16489807799962364,0.3316384049999215
night_stand/test/night_stand_0256.obj,32,252,28711,6.171754084264832,7.875,4.063492063492063,0.10098056899129818,0.0446209176567189,1.563717711438009,88.15032884553271,0.12223148500015668,0.39793248499972833
night_stand/test/night_stand_0257.obj,32,252,28815,6.226231633535004,7.875,4.063492063492063,0.09758788266095432,0.017986727809830277,0.7745639075455407,99.95909972505277,0.1592028710001614,0.4224598370001331
night_stand/test/night_stand_0258.obj,32,252,28778,6.218236819360415,7.875,4.063492063492063,0.06269055551470198,0.010109900527151126,0.8100659751564412,97.46782749679411,0.26473086899977716,0.2835425779999241
night_stand/test/night_stand_0259.obj,32,248,28477,6.201437282229965,7.75,4.129032258064516,0.08560786054213948,0.015479061503544077,0.7774552165603188,93.1816825788672,0.14818049499990593,0.23047060099997907
night_stand/test/night_stand_0260.obj,32,252,28821,6.195399828030954,7.875,4.063492063492063,0.1429526615016569,0.05845729686096496,1.4047757792860236,94.29996141146032,0.2211261390002619,0.2636384930001441
night_stand/test/night_stand_0261.obj,32,252,28802,6.2234226447709595,7.875,4.063492063492063,0.08790321970162789,0.016503302587601406,0.7575875805660173,98.28175184986551,0.08580806999998458,0.1831381470001361
night_stand/test/night_stand_0262.obj,32,252,28734,6.192672413793104,7.875,4.063492063492063,0.09732807445443908,0.0197775593297516,0.6651995670143147,99.12196735530745,0.07558923899978254,0.18992328599961183
night_stand/test/night_stand_0263.obj,32,252,28713,6.20419187554019,7.875,4.063492063492063,0.09576255769885586,0.01822497102928157,0.748087809550579,96.85206211060554,0.12587374099985027,0.26863538699990386
night_stand/test/night_stand_0264.obj,32,246,28347,6.205560420315236,7.6875,4.162601626016261,0.06401453018526765,0.009588795689342346,0.9227718888530436,85.91043314625635,0.14455604499971741,0.2926264950001496
night_stand/test/night_stand_0265.obj,32,252,28813,6.209698275862069,7.875,4.063492063492063,0.20781152699598215,0.12750423263739194,1.7225675794861957,92.49651533007616,0.19710434199987503,0.2256538520000504
night_stand/test/night_stand_0266.obj,32,252,28824,6.244367417677643,7.875,4.063492063492063,0.0884949762067181,0.021189392017454907,1.2850986002081923,95.98981632600493,0.10259427800019694,0.1779924789998404
night_stand/test/night_stand_0267.obj,32,250,28617,6.199523396880416,7.8125,4.096,0.05271252669958536,0.006039351779541146,0.663443330731573,87.38123127694615,0.14704244699987612,0.2014789570002904
night_stand/test/night_stand_0268.obj,32,246,28345,6.237896126760563,7.6875,4.162601626016261,0.08664269065570068,0.023692829442542928,1.1934091213702298,94.25428546487751,0.08789347299989458,0.316370451000239
night_stand/test/night_stand_0269.obj,32,252,28771,6.200646551724138,7.875,4.063492063492063,0.07616380761473548,0.010898238808017668,0.7117289945903629,90.50140586303786,0.09575831299980564,0.2821354600000632
night_stand/test/night_stand_0270.obj,32,252,28743,6.194612068965517,7.875,4.063492063492063,0.058818072759933844,0.008751498828355426,0.7075474694952177,100.03781029094597,0.19850694900014787,0.3078013680001277
night_stand/test/night_stand_0271.obj,32,252,28760,6.198275862068965,7.875,4.063492063492063,0.19832506723521756,0.0885638209392392,1.4375001575498108,88.33756985921647,0.27977274700015187,0.3986231650001173
night_stand/test/night_stand_0272.obj,32,252,28740,6.2100259291270525,7.875,4.063492063492063,0.0598416345791456,0.006389564574468244,0.239505749936683,84.23622782033028,0.1646456080002281,0.3751328560001639
night_stand/test/night_stand_0273.obj,32,240,27916,6.209074733096085,7.5,4.266666666666667,0.054275731330794635,0.006559527071454807,0.5433841300541858,94.33996751689182,0.07235921400024381,0.17176299500033565
night_stand/test/night_stand_0274.obj,32,252,28755,6.229419410745234,7.875,4.063492063492063,0.08497297336572149,0.01546440408636684,0.8399107508326721,94.63083675094404,0.0787138710002182,0.1937013849997129
night_stand/test/night_stand_0275.obj,32,252,28742,6.210458081244598,7.875,4.063492063492063,0.10620052373920655,0.04266272362409336,1.6451587348550116,90.48104887976427,0.08135408800035293,0.2335339789997306
night_stand/test/night_stand_0276.obj,32,252,28764,6.183147033533964,7.875,4.063492063492063,0.12154569872240395,0.036151624842913344,1.166017979206317,95.12175914572387,0.2580598189997545,0.37955303299986554
night_stand/test/night_stand_0277.obj,32,252,28781,6.218885047536733,7.875,4.063492063492063,0.09525072183580915,0.021342315510779582,1.282284114088021,97.48989191415613,0.15814905599972917,0.2521479779998117
night_stand/test/night_stand_0278.obj,32,244,28234,6.197102721685689,7.625,4.19672131147541,0.106880909143849,0.02292194554833687,0.6868738758902639,95.91948456506785,0.11162776899982418,0.37925438599995687
night_stand/test/night_stand_0279.obj,32,252,28851,6.217887931034483,7.875,4.063492063492063,0.07710369497203223,0.013279026405225838,0.8942144649809598,103.85466733355582,0.11371287199972357,0.27108243800012133
night_stand/test/night_stand_0280.obj,32,252,28808,6.224719101123595,7.875,4.063492063492063,0.10862542699151476,0.031745520359044016,1.469903851329179,95.15149841986718,0.14972804799981532,0.28759030199989866
night_stand/test/night_stand_0281.obj,32,252,28743,6.194612068965517,7.875,4.063492063492063,0.15560484270359679,0.06541132811845712,1.5319564902874303,89.61612396561168,0.15829616600012741,0.1795214440003292
night_stand/test/night_stand_0282.obj,32,250,28541,6.167026793431288,7.8125,4.096,0.130174316041519,0.04871286391473258,1.3542723859313923,89.38329283741331,0.06767627700037337,0.33103775700010374
night_stand/test/night_stand_0283.obj,32,246,28340,6.204028021015762,7.6875,4.162601626016261,0.06886108951901879,0.013499247468930954,0.7565033466114572,94.58085580584847,0.09702675800008365,0.3429438250000203
night_stand/test/night_stand_0284.obj,32,252,28725,6.174763542562339,7.875,4.063492063492063,0.10328035041786261,0.04105934423695385,1.5776859634183034,92.89935361362102,0.150805752999986,0.23695536600007472
night_stand/test/night_stand_0285.obj,32,252,28759,6.198060344827586,7.875,4.063492063492063,0.08337956068266221,0.016382868133896958,0.7050320555077765,101.49477174250288,0.07515067100030137,0.3123569460003637
night_stand/test/night_stand_0286.obj,32,252,28789,6.236785095320624,7.875,4.063492063492063,0.0577188209736066,0.006245210842738635,0.28412587657940275,90.68955519410605,0.17362127700016572,0.3611514449999049
person/test/person_0089.obj,32,248,28395,6.167463075586446,7.75,4.129032258064516,0.04238357146145881,0.0035465479698365034,0.21759167276653651,101.12203018058136,0.07201287899988529,0.18476398600023458
person/test/person_0090.obj,32,250,28482,6.170277296360485,7.8125,4.096,0.03506882243883177,0.00223209709147574,0.16960866637914712,99.04824609971203,0.07137082999997801,0.16408135899973786
person/test/person_0091.obj,32,246,28298,6.178602620087336,7.6875,4.162601626016261,0.02963436023277376,0.00176231888032264,0.14902610754445683,101.69982636796146,0.19107742500000313,0.28027907800014873
person/test/person_0092.obj,32,250,28561,6.171348314606742,7.8125,4.096,0.026709923701398502,0.0016373567712568763,0.21775305257944755,93.28811617744987,0.08320820200015078,0.3124367229997915
person/test/person_0093.obj,32,250,28650,6.206672443674177,7.8125,4.096,0.0726144180778448,0.005635129730577063,0.12395693795229591,104.86223088711691,0.07697331600002144,0.1933283510002184
person/test/person_0094.obj,32,248,28422,6.1733275412684625,7.75,4.129032258064516,0.06792804264810777,0.005620559624780749,0.23940755833680405,83.25803553295448,0.0748941729998478,0.2694520999998531
person/test/person_0095.obj,32,250,28542,6.183275563258232,7.8125,4.096,0.03591110368320927,0.0022496701235449083,0.16020949886961272,105.03077597820331,0.12728847700009283,0.37885718300003646
person/test/person_0096.obj,32,248,28416,6.172024326672458,7.75,4.129032258064516,0.029287633209971686,0.0016743537339812035,0.1577579496435372,100.02730495743677,0.08751686100004008,0.36377108799979396
person/test/person_0097.obj,32,244,28134,6.175153643546971,7.625,4.19672131147541,0.034835672802291995,0.0020376497981674123,0.1372596942367248,98.39345940989904,0.1508936220002397,0.5194165549996796
person/test/person_0098.obj,32,248,28383,6.16485664639444,7.75,4.129032258064516,0.030449868792470726,0.0019563906039679296,0.24136775549360304,79.63126017972262,0.120550982000168,0.4902507759998116
person/test/person_0099.obj,32,252,28650,6.174568965517241,7.875,4.063492063492063,0.029414797927881348,0.00203857707720249,0.2664997163032953,79.55162463359085,0.1635929600001873,0.4454110449996733
person/test/person_0100.obj,32,250,28495,6.157087294727744,7.8125,4.096,0.04835013134391261,0.004755320199397707,0.2810379029424148,92.54711765956287,0.32719024100015304,0.5110442650002369
person/test/person_0101.obj,32,252,28646,6.18971477960242,7.875,4.063492063492063,0.0730634119115186,0.005716565301893028,0.1596885869628849,102.38054827534788,0.2994837999999618,0.29893777899997076
person/test/person_0102.obj,32,250,28563,6.171780466724287,7.8125,4.096,0.03294114196370381,0.0019903255811238234,0.16572802059339103,92.32920809192896,0.28933806400027606,0.3373861410000245
person/test/person_0103.obj,32,252,28674,6.195764909248055,7.875,4.063492063492063,0.03175747561992322,0.0017694518240896043,0.13945905260516248,97.51330866364908,0.1682638410002255,0.2035019050003939
person/test/person_0104.obj,32,248,28395,6.183580139372823,7.75,4.129032258064516,0.028842975567382884,0.0016059132190298139,0.1946635321450515,95.34397702627032,0.15252309700008482,0.2849245829997926
person/test/person_0105.obj,32,250,28563,6.171780466724287,7.8125,4.096,0.034703821691706875,0.0023766873081029942,0.16999478868282292,114.64264742466959,0.19534021399977064,0.38575523400004386
person/test/person_0106.obj,32,252,28666,6.162080825451419,7.875,4.063492063492063,0.032033392419988434,0.0016972458558227686,0.1397881967188105,101.5341037527664,0.11434169499989366,0.36079515600022205
person/test/person_0107.obj,32,252,28659,6.160576096302665,7.875,4.063492063492063,0.06718034015276472,0.004768969707555769,0.12255344671853367,108.65254486869222,0.2417912000000797,0.28555624399996304
person/test/person_0108.obj,32,250,28551,6.169187554019015,7.8125,4.096,0.037034925170886204,0.002437183186052295,0.2185275661911363,89.85819458189854,0.10506235499997274,0.22588004199997158
piano/test/piano_0232.obj,32,248,28349,6.157471763683753,7.75,4.129032258064516,0.039752290283581224,0.0031547705374872226,0.26163250051200687,87.71725696501173,0.14547921999974278,0.1749642939998921
piano/test/piano_0233.obj,32,242,28026,6.216947648624667,7.5625,4.231404958677686,0.04718159720458642,0.004115644012759377,0.22314571636291325,98.40181075070741,0.18855072300038955,0.2909865709998485
piano/test/piano_0234.obj,32,248,28342,6.172038327526132,7.75,4.129032258064516,0.046563552682880816,0.004321685712069061,0.35832533018750734,87.13848045464233,0.2009595689996786,0.3775608920000195
piano/test/piano_0235.obj,32,248,28429,6.174847958297133,7.75,4.129032258064516,0.06478178477105087,0.0083648676997874,0.6277393012666657,86.71043357011419,0.14791038000021217,0.2887151720001384
piano/test/piano_0236.obj,32,252,28683,6.1977095937770095,7.875,4.063492063492063,0.05812777840035608,0.01323102170897673,0.8847927039157172,102.46787645562326,0.20996109000043361,0.46231994500021756
piano/test/piano_0237.obj,32,252,28681,6.197277441659464,7.875,4.063492063492063,0.028745681727809634,0.001593030831152113,0.13640655670904406,104.77690276306393,0.2054708059999939,0.23098441199999797
piano/test/piano_0238.obj,32,252,28801,6.207112068965517,7.875,4.063492063492063,0.06484029750514506,0.009509979333830264,0.5806256329407956,78.73842610574306,0.13156266500027414,0.19747915600009947
piano/test/piano_0239.obj,32,248,28415,6.171807124239791,7.75,4.129032258064516,0.08499365030276479,0.023859203154749816,0.8056541254975244,84.65195800732602,0.13350979200004076,0.20076517799998328
piano/test/piano_0240.obj,32,248,28398,6.200436681222707,7.75,4.129032258064516,0.10189680391665856,0.03159328972754061,1.3908590138937977,85.4988708979173,0.07556758100008665,0.1710363390002385
piano/test/piano_0241.obj,32,250,28500,6.174176776429809,7.8125,4.096,0.046160698396183426,0.004763203503452281,0.5595160917881503,85.03253936285674,0.23220584199998484,0.24555996299977778
piano/test/piano_0242.obj,32,246,28221,6.1617903930131,7.6875,4.162601626016261,0.02896417680334792,0.0018539336393213692,0.2390031193308874,89.23406587598885,0.17028600699995877,0.4882902230001491
piano/test/piano_0243.obj,32,246,28268,6.204565408252853,7.6875,4.162601626016261,0.03699075839101789,0.0029653723876332614,0.2695659854220015,94.99622580172147,0.268210143000033,0.22919371700027114
piano/test/piano_0244.obj,32,252,28626,6.201473136915078,7.875,4.063492063492063,0.030324258076820917,0.0020389675027253744,0.25229421441765393,82.7771463916047,0.07249205500011158,0.24347322099993107
piano/test/piano_0245.obj,32,252,28782,6.219101123595506,7.875,4.063492063492063,0.050154203390072816,0.005939955784795408,0.5523428997158599,95.85152616792807,0.17752793399995426,0.2862532630001624
piano/test/piano_0246.obj,32,248,28356,6.158992180712424,7.75,4.129032258064516,0.05896431348821438,0.00681179639168495,0.38681489931953944,92.2810977603489,0.10089259599999423,0.27279653799996595
piano/test/piano_0247.obj,32,248,28370,6.162033014769765,7.75,4.129032258064516,0.09303563153975969,0.01870835857498753,0.93207390222833,89.7256076733981,0.1555440950000957,0.23224672100013777
piano/test/piano_0248.obj,32,252,28668,6.1944684528954195,7.875,4.063492063492063,0.05399306194163892,0.006304214658945664,0.4268816315690347,86.64820197397495,0.1357973590002075,0.2379297669999687
piano/test/piano_0249.obj,32,252,28705,6.186422413793103,7.875,4.063492063492063,0.06402183953759369,0.007114385299895649,0.34517531488761455,81.37804140598448,0.19726181399983034,0.3840261730001657
piano/test/piano_0250.obj,32,248,28465,6.1988240418118465,7.75,4.129032258064516,0.05182892544331339,0.0049396685347463725,0.3736152266170991,96.2861740949024,0.23970897299977878,0.3914197450003485
piano/test/piano_0251.obj,32,248,28413,6.171372719374457,7.75,4.129032258064516,0.04767022465169645,0.005638699588243426,0.7861411724936981,84.44949710151599,0.16509071600012248,0.3100318500000867
piano/test/piano_0252.obj,32,248,28341,6.187991266375546,7.75,4.129032258064516,0.03237207424912201,0.002290607515927901,0.2998012535342288,92.50011281419707,0.15454051899996557,0.316231192000032
piano/test/piano_0253.obj,32,248,28386,6.165508253692441,7.75,4.129032258064516,0.03870281275298769,0.0027600570457219998,0.25608213068530644,84.29644340132322,0.07755042999997386,0.3673630610001055
piano/test/piano_0254.obj,32,252,28653,6.159286328460877,7.875,4.063492063492063,0.0293986152899215,0.0016674760408810995,0.18449636470777467,78.20073730063419,0.0786456900000303,0.3438350929995977
piano/test/piano_0255.obj,32,248,28463,6.19838850174216,7.75,4.129032258064516,0.04082394523957408,0.002656710789246773,0.28342086985809917,85.04058055894671,0.13079631800019342,0.419014593999691
piano/test/piano_0256.obj,32,250,28545,6.200043440486533,7.8125,4.096,0.08575264628936632,0.03603476254915152,1.3929208287617407,85.92247472468827,0.13462567800024772,0.38063269600024796
piano/test/piano_0257.obj,32,252,28723,6.206352636127917,7.875,4.063492063492063,0.05096027528306399,0.004975951698558282,0.32933569990203015,100.61055505236061,0.1752164240001548,0.20041410999965592
piano/test/piano_0258.obj,32,242,27918,6.176548672566372,7.5625,4.231404958677686,0.036765488241576244,0.0026293192482796587,0.24779962326439078,92.28267268167392,0.1483973900003548,0.187489614000242
piano/test/piano_0259.obj,32,252,28639,6.172198275862069,7.875,4.063492063492063,0.05691968577343551,0.007874247455986264,0.6838279333037935,90.52152580521006,0.0838942830000633,0.1700297940001292
piano/test/piano_0260.obj,32,248,28329,6.153127715030409,7.75,4.129032258064516,0.04180315282607715,0.0033534183240830706,0.25042921639006377,89.57666050464893,0.1253387560000192,0.255841442000019
piano/test/piano_0261.obj,32,252,28695,6.1842672413793105,7.875,4.063492063492063,0.03662245746865715,0.002395231420861106,0.19395184499405527,87.4932402352253,0.08401301399999284,0.32937369699993724
piano/test/piano_0262.obj,32,250,28479,6.169627383015598,7.8125,4.096,0.03575363206171466,0.0034702525608618557,0.40556490338470763,86.78834946565627,0.12392258999989281,0.28681340599996474
piano/test/piano_0263.obj,32,248,28327,6.152693310165074,7.75,4.129032258064516,0.05446650609772251,0.006453713894396468,0.4616013252238832,86.93766466583286,0.1331652909998411,0.3994983049997245
piano/test/piano_0264.obj,32,248,28441,6.1935975609756095,7.75,4.129032258064516,0.05262320281911573,0.005562944600736202,0.4791150112242532,93.4462817321842,0.09603614300021945,0.26032979899991915
piano/test/piano_0265.obj,32,252,28626,6.169396551724138,7.875,4.063492063492063,0.1196961454207203,0.03682588124469037,1.331633456670431,95.28058117873174,0.208181636000063,0.40239061500005846
piano/test/piano_0266.obj,32,248,28323,6.1518245004344045,7.75,4.129032258064516,0.04488013293782565,0.003720326227447543,0.2458196949234009,87.1450835516537,0.1634077190001335,0.36134789300012926
piano/test/piano_0267.obj,32,252,28655,6.191659464131374,7.875,4.063492063492063,0.06816237967388553,0.008106351494767669,0.30167146519544497,92.5589619210236,0.2076893020002899,0.3329153800000313
piano/test/piano_0268.obj,32,250,28593,6.1943240901213175,7.8125,4.096,0.03912852819384441,0.003467119996536589,0.36151785823806487,95.43712092902034,0.17141274100004011,0.37861014800000703
piano/test/piano_0269.obj,32,248,28503,6.239711033274956,7.75,4.129032258064516,0.05984670673453067,0.006687097491338155,0.5364539739435503,87.79601839205753,0.27547005699989313,0.4180404050002835
piano/test/piano_0270.obj,32,248,28352,6.158123370981755,7.75,4.129032258064516,0.04126741772290592,0.0036768558601195105,0.487546739755571,95.46840121477717,0.11634004500001538,0.450330822000069
piano/test/piano_0271.obj,32,252,28612,6.166379310344827,7.875,4.063492063492063,0.05007006727608497,0.005302450156686406,0.5678959492134577,83.84873381330323,0.08597146300007807,0.40950169999996433
piano/test/piano_0272.obj,32,244,28084,6.164179104477612,7.625,4.19672131147541,0.2166350980505,0.08615154815273417,0.8346811044818193,95.71370008275497,0.0768025200000011,0.4018940759997349
piano/test/piano_0273.obj,32,248,28492,6.220960698689956,7.75,4.129032258064516,0.05563488184991103,0.00514837756458324,0.3438817347109892,91.69336599577566,0.14102768200018545,0.35166920099982235
piano/test/piano_0274.obj,32,252,28627,6.169612068965518,7.875,4.063492063492063,0.0588158122312335,0.0069398019781091065,0.39070975696505567,88.52159954191663,0.11880365899969547,0.35616789699997753
piano/test/piano_0275.obj,32,250,28450,6.147363872082973,7.8125,4.096,0.04425283494757812,0.003738036713348966,0.28472291588225995,87.03175701989782,0.15825176799990004,0.3489550629997211
piano/test/piano_0276.obj,32,248,28441,6.1935975609756095,7.75,4.129032258064516,0.06979825111991411,0.009446610990632955,0.39225858410416964,82.93143066242402,0.13846914400028254,0.2102914269999019
piano/test/piano_0277.obj,32,248,28347,6.173127177700349,7.75,4.129032258064516,0.04320700675690037,0.0037483613722795995,0.3323658186993352,85.53099623791272,0.07882050499983961,0.2837591020002037
piano/test/piano_0278.obj,32,252,28576,6.1427343078245915,7.875,4.063492063492063,0.02382397770681932,0.0014192535248518322,0.208073801500834,86.82717352468455,0.10302915900001608,0.17862585300008504
piano/test/piano_0279.obj,32,250,28472,6.152117545375972,7.8125,4.096,0.03726586620143309,0.004514307376904605,0.8132139923601648,89.40495358452856,0.2279011869995884,0.25170648299990717
piano/test/piano_0280.obj,32,248,28403,6.185322299651568,7.75,4.129032258064516,0.04621036717015073,0.004103913397379781,0.33924492829945785,90.79512631551586,0.12713386699988405,0.31211330899986933
piano/test/piano_0281.obj,32,246,28329,6.20161996497373,7.6875,4.162601626016261,0.03955549356200477,0.0031969993328351846,0.5154400765830457,86.77421203136387,0.2355511799996748,0.5230033349998848
piano/test/piano_0282.obj,32,248,28531,6.213196864111498,7.75,4.129032258064516,0.06020008819838982,0.006971926944958068,0.5302424341203227,96.2875931990288,0.2774307189997671,0.7641771290000179
piano/test/piano_0283.obj,32,248,28364,6.193013100436681,7.75,4.129032258064516,0.09850517465655576,0.035954063021570476,1.342532154421244,83.67592637490112,0.1973011069999302,0.5744475229998898
piano/test/piano_0284.obj,32,252,28598,6.147463456577816,7.875,4.063492063492063,0.033552663833266876,0.0027237084699652143,0.37005026458994694,75.91534671989136,0.2072936720001053,0.7590057600000364
piano/test/piano_0285.obj,32,252,28788,6.2043103448275865,7.875,4.063492063492063,0.0583209599457174,0.00669905747930899,0.6315359237889735,90.07362159226253,0.13563547400008247,0.5073338460001651
piano/test/piano_0286.obj,32,250,28511,6.1926585577758475,7.8125,4.096,0.04578962998224498,0.004057448892269059,0.30253386164582036,81.99471840146046,0.2870549190001839,0.5877543910000895
piano/test/piano_0287.obj,32,252,28707,6.186853448275862,7.875,4.063492063492063,0.04753646977827371,0.00847468336781595,0.9563731521343422,88.05872474661675,0.1674220779996176,0.3904372289998719
piano/test/piano_0288.obj,32,248,28440,6.193379790940766,7.75,4.129032258064516,0.0328534996025112,0.002759428669912577,0.4627095714419528,92.01285964998478,0.19974847599996792,0.40792424100027347
piano/test/piano_0289.obj,32,252,28577,6.158836206896551,7.875,4.063492063492063,0.17974398985760737,0.06383517106655696,0.9172861267630786,86.74546640930117,0.1459571599998526,0.3692571690003206
piano/test/piano_0290.obj,32,244,28061,6.159130816505707,7.625,4.19672131147541,0.044922303455788404,0.004108934715739148,0.27910877871532125,92.37102544475877,0.11530352099998709,0.2768180759999268
piano/test/piano_0291.obj,32,248,28491,6.20448606271777,7.75,4.129032258064516,0.059904904742203544,0.0064997891645200215,0.3643461295137153,89.11512598420107,0.2425987689998692,0.36553580999998303
piano/test/piano_0292.obj,32,250,28564,6.171996542783059,7.8125,4.096,0.048371850498502296,0.00443960872684279,0.19200213968683913,89.1031427041246,0.12654552300000432,0.2436395739996442
piano/test/piano_0293.obj,32,248,28442,6.193815331010453,7.75,4.129032258064516,0.049581507824428286,0.004554804461378108,0.3605161978229194,93.49682206725271,0.21435499100016386,0.42754737399991427
piano/test/piano_0294.obj,32,252,28768,6.1840068787618225,7.875,4.063492063492063,0.05594345101236624,0.005900418697416918,0.3811805726727966,84.49093197591534,0.08808391799993842,0.2913138769999932
piano/test/piano_0295.obj,32,252,28612,6.166379310344827,7.875,4.063492063492063,0.10080187291932785,0.025007700156446537,0.863264015912286,92.90981988364186,0.07703170700006012,0.3100559589997829
piano/test/piano_0296.obj,32,252,28649,6.174353448275862,7.875,4.063492063492063,0.03660009602843599,0.002711473048001178,0.20312619908988971,78.47337968679344,0.1183044740000696,0.30574146500021016
piano/test/piano_0297.obj,32,252,28616,6.167241379310345,7.875,4.063492063492063,0.08589699319022615,0.017252304790925505,0.8665901319071609,91.79979394470627,0.2639644750001935,0.19551950699997178
piano/test/piano_0298.obj,32,240,27784,6.163265306122449,7.5,4.266666666666667,0.13391265770214783,0.062214745855343964,1.3010433594651467,90.44575395286446,0.07301209100023698,0.22343478499988123
piano/test/piano_0299.obj,32,250,28546,6.184142114384748,7.8125,4.096,0.06620134033399824,0.012205971401600001,1.074465005175123,94.37674156959362,0.2043627230000311,0.26072104300010324
piano/test/piano_0300.obj,32,252,28682,6.18146551724138,7.875,4.063492063492063,0.03147921510896719,0.001826097870105444,0.1602262085373917,79.56466133725394,0.2150880290000714,0.2630086350000056
piano/test/piano_0301.obj,32,252,28633,6.170905172413793,7.875,4.063492063492063,0.10234824543696726,0.03915058582963759,1.4619774233171259,80.43783339001325,0.14814985799966962,0.27623217199970895
piano/test/piano_0302.obj,32,252,28704,6.186206896551724,7.875,4.063492063492063,0.04735553972046701,0.0037909900373834455,0.2602660308722348,88.7361792545548,0.13593942900024558,0.1893129840000256
piano/test/piano_0303.obj,32,244,28137,6.192121478873239,7.625,4.19672131147541,0.027108526374252255,0.0017080691156600445,0.20396048422143373,93.18523524747351,0.08370246499998757,0.26600845600023604
piano/test/piano_0304.obj,32,244,28170,6.232300884955753,7.625,4.19672131147541,0.1198390054016138,0.05828448408356623,1.4531844955156528,87.17818418741818,0.07535066399987045,0.19694182700004603
piano/test/piano_0305.obj,32,246,28237,6.181479859894921,7.6875,4.162601626016261,0.029574385505037114,0.0018742577293524763,0.25386060167944685,83.6805821361852,0.14456275600014123,0.22584923599970352
piano/test/piano_0306.obj,32,248,28425,6.206331877729258,7.75,4.129032258064516,0.054880694788898135,0.011262741963959466,1.0250589144713116,86.36715580433454,0.08920688800026255,0.18643036999992546
piano/test/piano_0307.obj,32,252,28592,6.162068965517242,7.875,4.063492063492063,0.07777831244741898,0.015124716205119001,0.9845808248540775,86.59614011778294,0.142958156000077,0.3065195419999327
piano/test/piano_0308.obj,32,252,28651,6.158856405846947,7.875,4.063492063492063,0.04879113102165428,0.004543931386911391,0.29064166097529576,85.40251075251638,0.15418521099991267,0.30305305899992163
piano/test/piano_0309.obj,32,242,27907,6.190550133096717,7.5625,4.231404958677686,0.11543634556546738,0.07068354228021637,1.6048636715277382,91.84219886697369,0.10109588699970118,0.35817621399974087
piano/test/piano_0310.obj,32,248,28495,6.189183318853171,7.75,4.129032258064516,0.055135680618527805,0.006643437201224999,0.6630764902121352,104.04279443401833,0.17772707499989338,0.4103268870003376
piano/test/piano_0311.obj,32,246,28195,6.172285464098073,7.6875,4.162601626016261,0.034211494511974645,0.0023619120352137432,0.22514533503279613,93.75492824582507,0.21921434700016107,0.21766018200014514
piano/test/piano_0312.obj,32,248,28345,6.172691637630662,7.75,4.129032258064516,0.0462516840749843,0.005060020551429646,0.3952678158482753,83.94465392767255,0.1487175849997584,0.33755649499971696
piano/test/piano_0313.obj,32,246,28311,6.181441048034935,7.6875,4.162601626016261,0.06904685200476357,0.013658272598866742,1.0669366498050914,90.75218122245795,0.21740121300035753,0.3768178650002483
piano/test/piano_0314.obj,32,252,28664,6.161650902837489,7.875,4.063492063492063,0.04605810245115481,0.004352478102552968,0.22015652704840022,83.43078899650133,0.19153317799964498,0.27316768699984095
piano/test/piano_0315.obj,32,244,28138,6.192341549295775,7.625,4.19672131147541,0.06654216114039976,0.007818203236170631,0.3595659209102708,90.67569498252402,0.1342898480002077,0.3269468009998491
piano/test/piano_0316.obj,32,246,28257,6.2021510096575945,7.6875,4.162601626016261,0.03840717440283042,0.003024829294405044,0.24138990224883045,95.51998375969623,0.15359713599991665,0.4907571509997979
piano/test/piano_0317.obj,32,246,28187,6.1543668122270745,7.6875,4.162601626016261,0.04629046724274648,0.004358406369633911,0.3875337290417971,84.58897825506993,0.17855455799963238,0.21925492900027166
piano/test/piano_0318.obj,32,248,28449,6.227889667250438,7.75,4.129032258064516,0.050909088148321,0.0044430014799530645,0.25041849267566674,68.93025216717976,0.18191532099990582,0.34083001500039245
piano/test/piano_0319.obj,32,252,28707,6.186853448275862,7.875,4.063492063492063,0.04004132967585574,0.00365525218050122,0.375828613757886,103.94712735690109,0.1728181029998268,0.4093196049998369
piano/test/piano_0320.obj,32,250,28434,6.14390665514261,7.8125,4.096,0.03764305875813583,0.0030246002198636114,0.3013056663671754,95.15550982615076,0.18161123999971096,0.3303768079999827
piano/test/piano_0321.obj,32,248,28448,6.195121951219512,7.75,4.129032258064516,0.05607733711750422,0.006688630589690072,0.5251132896540609,90.214823913594,0.17987621499969464,0.25751979899996513
piano/test/piano_0322.obj,32,252,28733,6.176483233018057,7.875,4.063492063492063,0.051199159228063035,0.005777912429835618,0.4877897363211254,106.21790406547441,0.14486732500017752,0.23176269099985802
piano/test/piano_0323.obj,32,250,28488,6.155574762316335,7.8125,4.096,0.01816988152221327,0.0009051935731936049,0.21603788136451657,100.59981729823292,0.1695409069998277,0.2731130540000777
piano/test/piano_0324.obj,32,252,28681,6.18125,7.875,4.063492063492063,0.12828097745165257,0.037715320989793945,0.926815858323009,90.00896936308294,0.12237730100014232,0.3928874190000897
piano/test/piano_0325.obj,32,252,28762,6.214779602420052,7.875,4.063492063492063,0.049327045564250147,0.00451881224741815,0.26425003552100024,100.11682080177415,0.21743293899999117,0.4300063999999111
piano/test/piano_0326.obj,32,252,28748,6.179707652622528,7.875,4.063492063492063,0.0663100272534311,0.007057678149524719,0.21969596785548864,90.01411637188667,0.1602071510001224,0.24958369599971775
piano/test/piano_0327.obj,32,248,28363,6.160512597741095,7.75,4.129032258064516,0.15195664804747555,0.04258127811077317,0.9337064823171769,84.4289129260437,0.0762339529997007,0.542214112000238
piano/test/piano_0328.obj,32,252,28733,6.2408774978279755,7.875,4.063492063492063,0.06362126359582222,0.009550751789170501,0.8121669631108032,101.3671556859253,0.14892581899994184,0.5197795789999873
piano/test/piano_0329.obj,32,250,28599,6.179559204840103,7.8125,4.096,0.058636758466857786,0.007456221902932082,0.5959121108104758,90.45797667586828,0.21640061899961438,0.3918653460000314
piano/test/piano_0330.obj,32,248,28393,6.199344978165938,7.75,4.129032258064516,0.1100854615768718,0.0578432950654751,1.684919620859788,90.70967044447585,0.15529747199980193,0.48395692400026746
piano/test/piano_0331.obj,32,252,28753,6.212834917891097,7.875,4.063492063492063,0.04632033203874695,0.003780485326264671,0.29313558250657173,85.51431412804783,0.13214074299958156,0.2305423369998607
plant/test/plant_0241.obj,32,248,28411,6.170938314509122,7.75,4.129032258064516,0.05811640993197739,0.005745218268143129,0.21703754669195954,90.3869543179855,0.134483801999977,0.5726389520000339
plant/test/plant_0242.obj,32,242,28001,6.1785083848190645,7.5625,4.231404958677686,0.05482666866220792,0.005017877302990114,0.2043397997069091,91.86741960670744,0.1189694720001171,0.23674591899998632
plant/test/plant_0243.obj,32,224,26618,6.219158878504673,7.0,4.571428571428571,0.028697258824143538,0.0015513963233016199,0.1753932135680624,90.44927610712219,0.08200506299999688,0.24801214500030255
plant/test/plant_0244.obj,32,248,28405,6.169635099913119,7.75,4.129032258064516,0.07623052372538425,0.009957923166855908,0.2933684466631958,90.32096820054576,0.13310412999999244,0.2078803340000377
plant/test/plant_0245.obj,32,234,27529,6.205816050495942,7.3125,4.3760683760683765,0.03956387279967935,0.0028275032738428662,0.19235494556068533,99.60523431932313,0.15131181100014146,0.3474077870000656
plant/test/plant_0246.obj,32,248,28347,6.157037358818418,7.75,4.129032258064516,0.04071924798198495,0.00285899754327014,0.18467307270846905,84.87828118532082,0.09528115500006606,0.42567939099990326
plant/test/plant_0247.obj,32,242,28037,6.186451897616946,7.5625,4.231404958677686,0.033089186259816765,0.0020620741977151694,0.22998291314374741,93.08594676845507,0.07352653899988582,0.21783139099989057
plant/test/plant_0248.obj,32,238,27725,6.199686940966011,7.4375,4.302521008403361,0.03550634573852904,0.00245134509757379,0.2126848950772735,96.21550713139081,0.09246561300005851,0.30601369700025316
plant/test/plant_0249.obj,32,250,28554,6.201998262380538,7.8125,4.096,0.0483481827502112,0.003929042442659522,0.1706163153644193,90.4438390883002,0.10223605999999563,0.3774499480000486
plant/test/plant_0250.obj,32,252,28648,6.158211521926053,7.875,4.063492063492063,0.052830600970077454,0.0034823575057045903,0.1313047952486867,91.58325972127332,0.2698375989998567,0.3029206119999799
plant/test/plant_0251.obj,32,242,28068,6.1932921447484555,7.5625,4.231404958677686,0.02658190881234147,0.00170839758944953,0.20288742046076333,92.90026108685277,0.10967207199973927,0.23479433100010283
plant/test/plant_0252.obj,32,242,27984,6.174757281553398,7.5625,4.231404958677686,0.01706209840611949,0.0008410330492191413,0.16019656072978086,64.5027883913239,0.19468180300009408,0.3326651400002447
plant/test/plant_0253.obj,32,224,26694,6.184893419833179,7.0,4.571428571428571,0.025250885605134953,0.0018264559582688452,0.3172820067590567,88.83396899001661,0.12721440099994652,0.24925523399997473
plant/test/plant_0254.obj,32,244,28099,6.167471466198419,7.625,4.19672131147541,0.03219885859035694,0.001872928953729286,0.1644407150430133,91.22215334073007,0.17624215600017124,0.3322979499998837
plant/test/plant_0255.obj,32,230,27254,6.211030082041932,7.1875,4.452173913043478,0.019201788937121808,0.0009562288807838356,0.1356653704818055,94.41405865809591,0.11246201600033601,0.17885474800004886
plant/test/plant_0256.obj,32,244,28155,6.1797629499561015,7.625,4.19672131147541,0.0748061604933134,0.009467982383086462,0.25292600076702243,84.3679304632843,0.12066257600008612,0.22288193800022782
plant/test/plant_0257.obj,32,242,27912,6.191659272404614,7.5625,4.231404958677686,0.0387920314062956,0.002844936719944128,0.23031665406750054,92.83425988945177,0.15319220900028085,0.35119097599999805
plant/test/plant_0258.obj,32,238,27690,6.17528991971454,7.4375,4.302521008403361,0.03698028861892007,0.0026779685201167493,0.2252566999140022,82.5084609565088,0.1849398750000546,0.5353559529999075
plant/test/plant_0259.obj,32,244,28069,6.177156690140845,7.625,4.19672131147541,0.028923280502976503,0.0019662091443057666,0.24956354432715988,90.83576885284137,0.20859366500008036,0.47701985000003333
plant/test/plant_0260.obj,32,248,28344,6.156385751520417,7.75,4.129032258064516,0.0911099260252217,0.014017495862055886,0.5493428003018992,80.25937138381522,0.22502335099989068,0.38960088299972995
plant/test/plant_0261.obj,32,252,28663,6.161435941530525,7.875,4.063492063492063,0.060752828470573506,0.006128877590987172,0.2355177783226831,86.31201728111569,0.1309217460002401,0.3515770980002344
plant/test/plant_0262.obj,32,234,27455,6.189134355275023,7.3125,4.3760683760683765,0.03162967906054448,0.001979628148144559,0.1831584078450417,86.34046279655304,0.14299862500001836,0.4500061559997448
plant/test/plant_0263.obj,32,226,26967,6.213594470046083,7.0625,4.530973451327434,0.031166639988447126,0.002060662526399202,0.19997643336965065,90.72846220360393,0.07859559999997145,0.2853389760002756
plant/test/plant_0264.obj,32,226,26997,6.220506912442397,7.0625,4.530973451327434,0.02774240541558446,0.0018927043968422009,0.23896087072456945,86.76862007038865,0.15993247100004737,0.3003999849997854
plant/test/plant_0265.obj,32,232,27411,6.246809480401094,7.25,4.413793103448276,0.06982270807651704,0.0051609928995547255,0.14969222516354241,123.42312716764945,0.11885014399967986,0.3051375919999373
plant/test/plant_0266.obj,32,232,27360,6.201269265639166,7.25,4.413793103448276,0.033782321351596326,0.00214353413168034,0.17403224298229353,91.48982012629709,0.07918020099987189,0.23544623399993725
plant/test/plant_0267.obj,32,252,28730,6.1758383490971624,7.875,4.063492063492063,0.043516715190613904,0.0033592450391900664,0.16240078514383138,96.35340911210903,0.14271443000006911,0.29393551400016804
plant/test/plant_0268.obj,32,236,27590,6.202787769784172,7.375,4.338983050847458,0.053124161047376134,0.005374952636093179,0.29087506740512487,89.38275296068963,0.15100731099983022,0.35352912400003333
plant/test/plant_0269.obj,32,226,26974,6.215207373271889,7.0625,4.530973451327434,0.02851330252297405,0.0017707281677227815,0.24609865751918017,91.29570014333056,0.1447240470001816,0.2919153190000543
plant/test/plant_0270.obj,32,248,28382,6.164639443961772,7.75,4.129032258064516,0.036255175271955924,0.0024661861047460985,0.18461741225693257,98.85250220040582,0.08374704700008806,0.3293241799997304
plant/test/plant_0271.obj,32,242,27875,6.167035398230088,7.5625,4.231404958677686,0.03584696431947707,0.0025196434139516484,0.1785374413437688,86.96874707046817,0.07987687900003948,0.283727380000073
plant/test/plant_0272.obj,32,244,28096,6.183098591549296,7.625,4.19672131147541,0.03552075302427297,0.0024298403687051566,0.17931378039495557,94.91278088597794,0.07865835099983087,0.17375491099983265
plant/test/plant_0273.obj,32,236,27595,6.187219730941704,7.375,4.338983050847458,0.027796110118576793,0.0015858792007901533,0.1536501537192015,92.66170979254962,0.195114262000061,0.4329918590001398
plant/test/plant_0274.obj,32,252,28617,6.151547721410147,7.875,4.063492063492063,0.048417928850419255,0.0037595037961592895,0.16513157844378834,100.00559489026453,0.17110760199966535,0.5199289659999522
plant/test/plant_0275.obj,32,232,27292,6.185856754306437,7.25,4.413793103448276,0.03227305519233967,0.001837743777548551,0.17122772954687013,91.07954139731683,0.16196956100020543,0.3880474130000948
plant/test/plant_0276.obj,32,240,27926,6.194764862466726,7.5,4.266666666666667,0.06509570860663272,0.004573234132012545,0.12542133516021622,112.65455649127912,0.1661816210003053,0.41580330499982665
plant/test/plant_0277.obj,32,232,27315,6.191069809610154,7.25,4.413793103448276,0.029755963450199367,0.0019768401932188082,0.2098271447119109,90.54489741349047,0.08278684900005828,0.3891090520000944
plant/test/plant_0278.obj,32,232,27383,6.223409090909091,7.25,4.413793103448276,0.025082364146989528,0.0015483511543855888,0.2070270943540789,87.01757080426023,0.08210049199988134,0.30699855300008494
plant/test/plant_0279.obj,32,240,27825,6.172360248447205,7.5,4.266666666666667,0.032064348683617315,0.0022700916065072543,0.23955526514840433,83.58054589849297,0.21452745499982484,0.27862073000005694
plant/test/plant_0280.obj,32,238,27688,6.191413237924865,7.4375,4.302521008403361,0.04237258724358689,0.003234025373795457,0.20015559161405472,86.20683817706431,0.09996068000009473,0.18482834399992498
plant/test/plant_0281.obj,32,252,28689,6.167024935511608,7.875,4.063492063492063,0.03797112084827649,0.0027977908043397676,0.2538790112535309,86.97485049671164,0.24881662100005997,0.4994691239999156
plant/test/plant_0282.obj,32,250,28484,6.154710458081245,7.8125,4.096,0.04162791138319749,0.003066599601555305,0.1855234450375386,91.71586328775817,0.132210378000309,0.4368443949997527
plant/test/plant_0283.obj,32,236,27657,6.217850719424461,7.375,4.338983050847458,0.03465051883656055,0.0034803599109057134,0.3172254288626124,88.33661018474584,0.13078768000013952,0.37913522799999555
plant/test/plant_0284.obj,32,242,28027,6.184245366284201,7.5625,4.231404958677686,0.036574205632753924,0.002750682613715291,0.2157138660103186,88.80948283481288,0.18436915699976453,0.25901711200003774
plant/test/plant_0285.obj,32,232,27355,6.217045454545454,7.25,4.413793103448276,0.031157220859232705,0.0020001107518523562,0.1703799958821618,91.67936522985744,0.10861321299989868,0.5098392549998607
plant/test/plant_0286.obj,32,246,28243,6.166593886462882,7.6875,4.162601626016261,0.03641105051671298,0.0023131970879317187,0.2135923722905972,93.3300363178786,0.15560899899992364,0.24687561200016717
plant/test/plant_0287.obj,32,220,26480,6.204311152764761,6.875,4.654545454545454,0.029439956389188556,0.0017118474483063468,0.13984086507547577,92.06090430437777,0.34124027699999715,0.26280367299978025
plant/test/plant_0288.obj,32,226,26905,6.199308755760368,7.0625,4.530973451327434,0.021886308316917742,0.0011225524770085214,0.1930617734514919,90.47461177575113,0.07520564500009641,0.22205044099973748
plant/test/plant_0289.obj,32,248,28356,6.158992180712424,7.75,4.129032258064516,0.07283929660565812,0.008688716376706,0.2870516553695364,87.58251717034649,0.08268018499984464,0.3270745380000335
plant/test/plant_0290.obj,32,244,28157,6.1802019315188765,7.625,4.19672131147541,0.03505759201216183,0.0024224727510826103,0.17641609721122362,86.7733667793145,0.08045665300005567,0.2698195999996642
plant/test/plant_0291.obj,32,240,27899,6.188775510204081,7.5,4.266666666666667,0.03529044685825919,0.002343533171358181,0.19892194356594395,92.34986705535226,0.08419094999999288,0.3380914849999499
plant/test/plant_0292.obj,32,252,28627,6.153697334479793,7.875,4.063492063492063,0.04256551856660497,0.003381989833809591,0.17595429734451606,80.8283720852427,0.08489433500017185,0.2022771020001528
plant/test/plant_0293.obj,32,242,28021,6.182921447484555,7.5625,4.231404958677686,0.03495964965280175,0.0022085773550050408,0.1679282787652915,89.50486729683543,0.08088806200021281,0.30718217599996933
plant/test/plant_0294.obj,32,232,27271,6.181097008159565,7.25,4.413793103448276,0.019507815625866023,0.0008212368169364128,0.14587912622402616,86.26250328053388,0.16108016499993028,0.2720725010003662
plant/test/plant_0295.obj,32,244,28077,6.178917253521127,7.625,4.19672131147541,0.04338004753756319,0.003986840458788327,0.2289687641058705,91.51648406904528,0.16691708300004393,0.4467288410000947
plant/test/plant_0296.obj,32,248,28375,6.163119026933102,7.75,4.129032258064516,0.03936487335820232,0.003200757201338533,0.24346755159749991,91.36547934471778,0.18434506399989914,0.382222592999824
plant/test/plant_0297.obj,32,252,28635,6.155417024935511,7.875,4.063492063492063,0.09390185729263914,0.01417388388360667,0.3177652028781965,92.50165483858171,0.12457767500018235,0.3830257380000148
plant/test/plant_0298.obj,32,228,27010,6.206341911764706,7.125,4.491228070175438,0.03941526245724163,0.0030816223762235194,0.24224024270798697,88.123771751145,0.07534710800018729,0.4293878019998374
plant/test/plant_0299.obj,32,252,28626,6.153482373172829,7.875,4.063492063492063,0.059799169343938974,0.006635410312383041,0.2840287025167093,95.60098256318261,0.22658056099999158,0.35526968699969075
plant/test/plant_0300.obj,32,248,28351,6.239216549295775,7.75,4.129032258064516,0.027213277175828585,0.0015496043320240827,0.14268441519298034,90.03612176980593,0.22468351699990308,0.433088004000183
plant/test/plant_0301.obj,32,252,28613,6.166594827586207,7.875,4.063492063492063,0.04336682593075561,0.00303344789621488,0.20031081862228287,93.88256852296368,0.16095949800001108,0.44178842300016186
plant/test/plant_0302.obj,32,232,27309,6.189709882139619,7.25,4.413793103448276,0.028010264978547892,0.0015691327743474555,0.18209347849154253,88.6735998035563,0.24887544300008813,0.23118681100004324
plant/test/plant_0303.obj,32,218,26352,6.209236569274269,6.8125,4.697247706422019,0.04589060635316816,0.0038560866975452437,0.2286859630924635,87.69244506903814,0.31041043599998375,0.21809859199993298
plant/test/plant_0304.obj,32,248,28358,6.159426585577759,7.75,4.129032258064516,0.07362712513962354,0.008804041752939178,0.2894715724071014,86.78018241599887,0.07981607400006396,0.3333021739999822
plant/test/plant_0305.obj,32,248,28353,6.1583405734144225,7.75,4.129032258064516,0.035958035560003,0.002266572616311604,0.1325468022679261,91.62084787887008,0.07528812300006393,0.20426823000025252
plant/test/plant_0306.obj,32,232,27312,6.190389845874886,7.25,4.413793103448276,0.043013600618374136,0.003954394442974574,0.30254764468727463,84.77349320657916,0.07529519500030801,0.22411847600005785
plant/test/plant_0307.obj,32,238,27692,6.175735950044603,7.4375,4.302521008403361,0.034123795046108976,0.0021972966975672926,0.2226028037888589,92.23973307032517,0.20361552900021707,0.41005669300011505
plant/test/plant_0308.obj,32,224,26618,6.219158878504673,7.0,4.571428571428571,0.028584768162860194,0.0015513575475117943,0.16184822563199477,89.98991250730214,0.08851482000000033,0.3766241099997387
plant/test/plant_0309.obj,32,252,28663,6.161435941530525,7.875,4.063492063492063,0.07662459813249659,0.009918790164252943,0.2717893304584754,92.31628537807487,0.17527561099996092,0.34692368399964835
plant/test/plant_0310.obj,32,250,28471,6.1519014693172,7.8125,4.096,0.08847780916664665,0.012153995799082136,0.28755677972118066,81.93053235631581,0.10873345199979667,0.3759845989998212
plant/test/plant_0311.obj,32,244,28091,6.165715539947322,7.625,4.19672131147541,0.03884667766526359,0.002910450139019619,0.19767695400407045,94.47923871615026,0.09820103800029756,0.27596386400000483
plant/test/plant_0312.obj,32,244,28084,6.164179104477612,7.625,4.19672131147541,0.039259288535159226,0.0031419817078544255,0.2396504455077299,91.17919855373985,0.1353400490002059,0.30154031599977316
plant/test/plant_0313.obj,32,240,27831,6.173691215616682,7.5,4.266666666666667,0.0341773033078923,0.002254076363349182,0.20303172478821058,83.74771376795357,0.12281270599987693,0.3017184779996569
plant/test/plant_0314.obj,32,224,26812,6.229553903345725,7.0,4.571428571428571,0.028334606663652517,0.0018427751223165823,0.202398011656451,92.30900119211441,0.10171758600017711,0.2326437680003437
plant/test/plant_0315.obj,32,252,28661,6.161006018916595,7.875,4.063492063492063,0.06806435828796836,0.0076003011800719385,0.26806058929326093,85.37180054792837,0.08703319999995074,0.2016481370001202
plant/test/plant_0316.obj,32,240,27896,6.221231043710972,7.5,4.266666666666667,0.038285733637234386,0.002442223473365741,0.1680908566789534,94.90946941256462,0.16286326099998405,0.38489266200031125
plant/test/plant_0317.obj,32,240,27828,6.18950177935943,7.5,4.266666666666667,0.0556555692756929,0.005735554827674846,0.23638467686899856,87.26139715237267,0.1644286790001388,0.3670601160001752
plant/test/plant_0318.obj,32,230,27252,6.210574293527803,7.1875,4.452173913043478,0.027364930217302352,0.0014990788802645152,0.15510202762548905,94.60492920673498,0.18956442700027765,0.17503821000036623
plant/test/plant_0319.obj,32,236,27581,6.184080717488789,7.375,4.338983050847458,0.040025581204216315,0.003086600654668093,0.1919490177995711,82.37475122569738,0.15642840400005298,0.21635276200004228
plant/test/plant_0320.obj,32,252,28632,6.1706896551724135,7.875,4.063492063492063,0.09126307782231785,0.013353447037137508,0.3262031389916158,93.60922370627854,0.0784189860000879,0.29333576399994854
plant/test/plant_0321.obj,32,242,28018,6.182259488084731,7.5625,4.231404958677686,0.040374131979366255,0.00305758028119578,0.1876353523975148,89.4239001859724,0.14209565900000598,0.2074055190000763
plant/test/plant_0322.obj,32,250,28489,6.155790838375108,7.8125,4.096,0.03820000363733825,0.00283251308293956,0.2066734315680079,96.15912192140237,0.2236173310002414,0.3484742210002878
plant/test/plant_0323.obj,32,242,27976,6.205856255545696,7.5625,4.231404958677686,0.03711894301483667,0.0026703399708209634,0.21650415394158637,91.30628634033374,0.16765346499960287,0.23527658999955747
plant/test/plant_0324.obj,32,250,28513,6.160976663785653,7.8125,4.096,0.03875477170607723,0.003044881598828617,0.2089708573124632,86.06221747963431,0.08000039599983211,0.2635434130002068
plant/test/plant_0325.obj,32,234,27402,6.21078875793291,7.3125,4.3760683760683765,0.02524453769179925,0.0013798076733705141,0.17456009805562714,86.49285127467809,0.13026172300033068,0.18549844900007884
plant/test/plant_0326.obj,32,250,28482,6.170277296360485,7.8125,4.096,0.03066683667948064,0.0018250764578327146,0.17778371158905867,93.35034574211377,0.09378250099962315,0.2596867799998108
plant/test/plant_0327.obj,32,248,28370,6.178135888501743,7.75,4.129032258064516,0.03692506282840962,0.0025569897992059735,0.22057938584900047,93.4685957866842,0.13826733199994123,0.4247907380004108
plant/test/plant_0328.obj,32,248,28410,6.170721112076455,7.75,4.129032258064516,0.03779364930492354,0.0025070323248621348,0.15819955090976814,101.478889713359,0.14113785100016685,0.26849831599975005
plant/test/plant_0329.obj,32,246,28272,6.17292576419214,7.6875,4.162601626016261,0.04508402863919997,0.003750978491344562,0.17937560002313324,95.41365014308424,0.20390295599963792,0.2651449079999111
plant/test/plant_0330.obj,32,226,26951,6.209907834101383,7.0625,4.530973451327434,0.03113052304200445,0.0020887015333823176,0.2061983139569883,90.73186066822291,0.11951110100017104,0.17641210799956752
plant/test/plant_0331.obj,32,218,26318,6.218809073724008,6.8125,4.697247706422019,0.03004494381128134,0.0017914052736467572,0.1816973355176733,88.47312499510014,0.08034351000014794,0.2623238539999875
plant/test/plant_0332.obj,32,218,26287,6.1939208294062205,6.8125,4.697247706422019,0.0273504847278421,0.001682387553463343,0.26845320744906165,89.43322904120873,0.09673946000020806,0.4794193309999173
plant/test/plant_0333.obj,32,236,27570,6.181614349775785,7.375,4.338983050847458,0.029331568894836783,0.0018076423504503822,0.15237395724834696,84.64548796454666,0.3416876510000293,0.2488345929996285
plant/test/plant_0334.obj,32,224,26618,6.219158878504673,7.0,4.571428571428571,0.02874579623507954,0.0015360824044952873,0.1562043341646897,90.40651467218842,0.13094612200029587,0.18706182000005356
plant/test/plant_0335.obj,32,218,26342,6.224480151228733,6.8125,4.697247706422019,0.05524973424918145,0.0046502386973823655,0.2420891375605899,89.10037553306196,0.13807207500030927,0.5038125989999571
plant/test/plant_0336.obj,32,224,26703,6.186978683966636,7.0,4.571428571428571,0.03627845262125722,0.0024855729018924905,0.20092006062877585,85.69322593138887,0.2022342039999785,0.24795370899983027
plant/test/plant_0337.obj,32,230,27243,6.22554844606947,7.1875,4.452173913043478,0.03550124147602739,0.0024205460207585103,0.20292391416241312,94.03444683474433,0.1088331279997874,0.30229325499976767
plant/test/plant_0338.obj,32,228,27096,6.226102941176471,7.125,4.491228070175438,0.07674382028869955,0.006245861708779405,0.1605392981723609,106.81094024245309,0.16807317999973748,0.21617032199992536
plant/test/plant_0339.obj,32,230,27155,6.188468550592525,7.1875,4.452173913043478,0.028198926890295857,0.001623180658009734,0.17672154774004287,89.76893011079022,0.07813248200000089,0.4422560699999849
plant/test/plant_0340.obj,32,228,27029,6.193629697525206,7.125,4.491228070175438,0.022816031246497254,0.0011281559921805127,0.16232218645805374,91.38223117942928,0.14318811000021014,0.19085993299995607
radio/test/radio_0105.obj,32,250,28566,6.22081881533101,7.8125,4.096,0.045199149354818544,0.00398124470037887,0.3332079518191824,83.21831944589661,0.1399561140001424,0.4388919299999543
radio/test/radio_0106.obj,32,252,28694,6.168099742046432,7.875,4.063492063492063,0.033652348864309914,0.0020406450585525263,0.25862057010110706,104.4905304824098,0.12072239799999807,0.3902782860000116
radio/test/radio_0107.obj,32,252,28639,6.188202247191011,7.875,4.063492063492063,0.058058970511895666,0.004663541822613347,0.2180047407302938,102.48253343266263,0.09464634100004332,0.3942640219997884
radio/test/radio_0108.obj,32,252,28603,6.164439655172414,7.875,4.063492063492063,0.053507860730959485,0.007448332432429321,0.6929053944828717,96.50352281907175,0.16859248199989452,0.8186687369998253
radio/test/radio_0109.obj,32,250,28499,6.17396013864818,7.8125,4.096,0.042804306633181785,0.0036931159287156602,0.2994416701701469,81.07244136049077,0.1953399009998975,0.34171488199990563
radio/test/radio_0110.obj,32,252,28731,6.176053310404127,7.875,4.063492063492063,0.06528784611690713,0.007269642576188796,0.3069192444325052,81.69483904402327,0.14660073200002444,0.4550208189998557
radio/test/radio_0111.obj,32,252,28692,6.183620689655172,7.875,4.063492063492063,0.0781207571206713,0.011700144941653829,0.5898986363957518,63.49701441764945,0.2255407269999523,0.4205494349998844
radio/test/radio_0112.obj,32,252,28737,6.22551993067591,7.875,4.063492063492063,0.10588175296086356,0.032181282793105025,1.1776185152749203,101.7889388180499,0.10288545999992493,0.31477669600008085
radio/test/radio_0113.obj,32,252,28797,6.20625,7.875,4.063492063492063,0.031128224690854724,0.0024256937759038633,0.4727909745590564,118.44801339772631,0.28309936200002994,0.37303067499988174
radio/test/radio_0114.obj,32,252,28746,6.195258620689655,7.875,4.063492063492063,0.04189413153953712,0.0028168690713418773,0.2431579379930612,92.97831157999666,0.12724091800009774,0.3738434840001901
radio/test/radio_0115.obj,32,252,28618,6.183664649956785,7.875,4.063492063492063,0.12444438070958291,0.060948177995902096,1.517911972698946,90.46548827571502,0.15201093399991805,0.1951950399998168
radio/test/radio_0116.obj,32,248,28457,6.213318777292576,7.75,4.129032258064516,0.044001402323290896,0.003948029762292938,0.269846275154737,90.55621707960458,0.17633854700034135,0.21508876399957444
radio/test/radio_0117.obj,32,252,28800,6.222990492653414,7.875,4.063492063492063,0.07060381522329551,0.008299058403592026,0.37253119514540456,84.25082078792421,0.07909003500026301,0.16656626100029825
radio/test/radio_0118.obj,32,252,28713,6.188146551724138,7.875,4.063492063492063,0.07351303868409889,0.010232363656542176,0.33839700934683087,83.89329317833288,0.07020561699982864,0.1700021330002528
radio/test/radio_0119.obj,32,252,28669,6.178663793103448,7.875,4.063492063492063,0.06493357997078518,0.0068270110868065914,0.21800856720758785,79.0935964663051,0.07128512500003126,0.32985148699981437
radio/test/radio_0120.obj,32,252,28723,6.222487001733103,7.875,4.063492063492063,0.053031903069012704,0.004804751291437771,0.17389311065613194,103.72725563263003,0.13156132899985096,0.25629334599989306
radio/test/radio_0121.obj,32,252,28749,6.195905172413793,7.875,4.063492063492063,0.06046813847307927,0.008369614448259594,0.7577342454892372,104.49484550205483,0.0915655170001628,0.16665533700006563
radio/test/radio_0122.obj,32,252,28639,6.156276870163371,7.875,4.063492063492063,0.09614710002627888,0.027851740221072244,1.3337625734142335,79.35154909668191,0.10570220799991148,0.3106353090001903
radio/test/radio_0123.obj,32,252,28593,6.16228448275862,7.875,4.063492063492063,0.07469544352239975,0.018193140041183973,1.309574151641083,78.57435192097842,0.07326282099984383,0.3153275729996494
radio/test/radio_0124.obj,32,250,28525,6.179592720970537,7.8125,4.096,0.03632594430818329,0.003111240666808767,0.4048693214032293,86.69256602787506,0.23506552400021974,0.31520331100000476
range_hood/test/range_hood_0116.obj,32,252,28721,6.205920484010371,7.875,4.063492063492063,0.02730441974248523,0.0015863293945900096,0.19152501649324474,95.74169817037526,0.22821834300020782,0.47546790199976385
range_hood/test/range_hood_0117.obj,32,252,28626,6.153482373172829,7.875,4.063492063492063,0.031558421168213044,0.00237193749736718,0.38412575276482097,86.199106069582,0.17111458599993057,0.41215173000000505
range_hood/test/range_hood_0118.obj,32,252,28665,6.242378048780488,7.875,4.063492063492063,0.029656948627062158,0.0028697624936613003,0.5187285710366905,89.69101179524421,0.16195952799989755,0.25864963300000454
range_hood/test/range_hood_0119.obj,32,252,28703,6.1859913793103445,7.875,4.063492063492063,0.04834809661441877,0.005000539533037444,0.3444873327968628,100.64259159066594,0.23442069899965645,0.3962972730000729
range_hood/test/range_hood_0120.obj,32,252,28716,6.204840103716508,7.875,4.063492063492063,0.04673465820155495,0.004417801147363454,0.4785481535596508,100.54552454305988,0.08412886599990088,0.18618577999995978
range_hood/test/range_hood_0121.obj,32,252,28655,6.159716251074807,7.875,4.063492063492063,0.05018280463061388,0.004710750691880963,0.5509294181071583,97.19173412201528,0.09614506399975653,0.2715191100000993
range_hood/test/range_hood_0122.obj,32,252,28631,6.1864736387208294,7.875,4.063492063492063,0.050141409199671236,0.004802326142579571,0.48116531531361406,92.55709212866941,0.18808666099994298,0.4364510500004144
range_hood/test/range_hood_0123.obj,32,252,28638,6.1560619088564055,7.875,4.063492063492063,0.11542841933496083,0.046398588986179136,1.231892860085968,89.26130619770767,0.08211696299986215,0.37843842099982794
range_hood/test/range_hood_0124.obj,32,252,28663,6.161435941530525,7.875,4.063492063492063,0.035957819353080844,0.002343547267213147,0.17735358886166935,104.82048535471958,0.19811646299967833,0.2667663970000831
range_hood/test/range_hood_0125.obj,32,252,28642,6.156921754084265,7.875,4.063492063492063,0.045163753299019525,0.0036299655242063326,0.4431317675087395,88.86615369161991,0.07824409200020455,0.3490224050001416
range_hood/test/range_hood_0126.obj,32,252,28676,6.244773519163763,7.875,4.063492063492063,0.05073809864582658,0.004474102656421645,0.2195980690618473,98.67015578149967,0.16201380399979826,0.3007956779997585
range_hood/test/range_hood_0127.obj,32,252,28662,6.193171996542783,7.875,4.063492063492063,0.051130461474136704,0.004991433888352071,0.5531536592678871,93.4530572895539,0.1402227930002482,0.17478355599996576
range_hood/test/range_hood_0128.obj,32,252,28637,6.187770095073466,7.875,4.063492063492063,0.053921959948078246,0.005101329005554016,0.2096723963095591,93.10794800548666,0.08475116699992213,0.19512746200007314
range_hood/test/range_hood_0129.obj,32,252,28667,6.162295786758383,7.875,4.063492063492063,0.04918033415776654,0.004259689696687951,0.28007157124033766,100.69979737086223,0.0851286170000094,0.2496370119997664
range_hood/test/range_hood_0130.obj,32,252,28641,6.1567067927773005,7.875,4.063492063492063,0.046781511008949485,0.0037825794457635657,0.3810085113540243,98.48290494442749,0.0696402050002689,0.2519207689997529
range_hood/test/range_hood_0131.obj,32,252,28661,6.176939655172414,7.875,4.063492063492063,0.15737679759962536,0.06957732976629039,1.009538476768799,90.33442978363942,0.13927790600018852,0.3649919370000134
range_hood/test/range_hood_0132.obj,32,252,28715,6.220753899480069,7.875,4.063492063492063,0.04644763934340013,0.004089519692294589,0.4403010249788567,101.78838978530274,0.16001407999965522,0.3059516270000131
range_hood/test/range_hood_0133.obj,32,252,28677,6.180387931034483,7.875,4.063492063492063,0.05287243332978927,0.004786209758091912,0.2304533910047025,104.72993379477924,0.1359254429999055,0.3214712070002861
range_hood/test/range_hood_0134.obj,32,252,28655,6.175646551724138,7.875,4.063492063492063,0.07272913790901783,0.014148029114964688,0.7505139167135223,88.78858866340528,0.10227862599958826,0.2384607330000108
range_hood/test/range_hood_0135.obj,32,252,28701,6.201598962834918,7.875,4.063492063492063,0.031782455925274504,0.002132054986655316,0.3187290191273439,100.35789930242382,0.11466690299994298,0.45532588699961707
range_hood/test/range_hood_0136.obj,32,252,28657,6.160146173688736,7.875,4.063492063492063,0.044802993853622346,0.0037746604191254887,0.3364903052376238,99.71615943954376,0.1310484290002023,0.29298628900005497
range_hood/test/range_hood_0137.obj,32,252,28538,6.150431034482758,7.875,4.063492063492063,0.053473089979280304,0.009995511963181783,0.8292670903153081,84.24060417639106,0.18441637300020375,0.4147156740000355
range_hood/test/range_hood_0138.obj,32,252,28663,6.209488734835356,7.875,4.063492063492063,0.06448002335883209,0.011600070676608842,0.7596039614989021,92.09467222309348,0.14567792299976645,0.36187984700018205
range_hood/test/range_hood_0139.obj,32,252,28710,6.219670710571924,7.875,4.063492063492063,0.04477949498608891,0.003889070445235159,0.4453585315745683,101.62805790606662,0.1445460899999489,0.1686165629998868
range_hood/test/range_hood_0140.obj,32,252,28685,6.198141745894555,7.875,4.063492063492063,0.04202885809234852,0.0034134057754653816,0.282146363616625,100.7516860159751,0.07370955500027776,0.26606149999997797
range_hood/test/range_hood_0141.obj,32,252,28651,6.206889081455806,7.875,4.063492063492063,0.059994767998449765,0.006901981024662994,0.6636556874994808,93.89308007574552,0.12401636399999916,0.2270057830000951
range_hood/test/range_hood_0142.obj,32,252,28668,6.1944684528954195,7.875,4.063492063492063,0.04401841300872873,0.004646142090922674,0.7672253130370101,93.58645610501517,0.1567769209996186,0.20074961199998143
range_hood/test/range_hood_0143.obj,32,252,28656,6.175862068965517,7.875,4.063492063492063,0.0676218182208433,0.007697596790654405,0.412320493941797,98.2768281527984,0.18063346300004923,0.3916759500002627
range_hood/test/range_hood_0144.obj,32,250,28549,6.217116724738676,7.8125,4.096,0.050714359895293624,0.0047288988092380555,0.35035015910669737,109.54134666155382,0.08932024700015972,0.2262982679999368
range_hood/test/range_hood_0145.obj,32,252,28721,6.205920484010371,7.875,4.063492063492063,0.03482056332820349,0.0024959859269092512,0.2996584382891699,98.67217718993811,0.12338959499993507,0.17981280000003608
range_hood/test/range_hood_0146.obj,32,252,28665,6.177801724137931,7.875,4.063492063492063,0.04470293623884748,0.00470902983886625,0.6729829309330669,97.305922815256,0.18129116299996895,0.2481148699998812
range_hood/test/range_hood_0147.obj,32,252,28655,6.159716251074807,7.875,4.063492063492063,0.0643185999681146,0.007539531533485648,0.45964632154977725,86.2268201651246,0.24289375199987262,0.4159940839999763
range_hood/test/range_hood_0148.obj,32,252,28701,6.201598962834918,7.875,4.063492063492063,0.06161659073528286,0.00664674732186842,0.32828848414351547,93.79937554155975,0.10948048699992796,0.3521636020000187
range_hood/test/range_hood_0149.obj,32,252,28656,6.2079722703639515,7.875,4.063492063492063,0.0466234332530864,0.0040672757222883615,0.3265072839573184,90.43413217942091,0.17428577100008624,0.36628499800008285
range_hood/test/range_hood_0150.obj,32,252,28674,6.195764909248055,7.875,4.063492063492063,0.05470207626798193,0.005891873380425964,0.6202006738479009,97.68424466243337,0.26034819500000594,0.39386450600022727
range_hood/test/range_hood_0151.obj,32,252,28669,6.162725709372313,7.875,4.063492063492063,0.06068223825634901,0.006157558647350882,0.3039306553596291,93.95746771474354,0.24183393600014824,0.3494974790000924
range_hood/test/range_hood_0152.obj,32,252,28677,6.164445399828031,7.875,4.063492063492063,0.05598568355511898,0.005546482038344664,0.27467860007220335,98.1718066415408,0.09621300099979635,0.4468364129998008
range_hood/test/range_hood_0153.obj,32,252,28662,6.161220980223559,7.875,4.063492063492063,0.05371696612895039,0.005247666931845073,0.4612363466741518,89.93421160547452,0.11317935099987153,0.3629814000000806
range_hood/test/range_hood_0154.obj,32,252,28677,6.212521663778163,7.875,4.063492063492063,0.05041142024286632,0.00460798663101576,0.2258892387504519,90.29651360691048,0.18356805100029305,0.2730579120002403
range_hood/test/range_hood_0155.obj,32,252,28647,6.157996560619089,7.875,4.063492063492063,0.05272241645292884,0.005217449867360538,0.5757212586795367,94.39144436974422,0.18198547500014683,0.23513705999994272
range_hood/test/range_hood_0156.obj,32,252,28670,6.178879310344827,7.875,4.063492063492063,0.05437199693088582,0.0053054390440773055,0.33989744287175366,95.33354600031316,0.14461609599993608,0.23156298000003517
range_hood/test/range_hood_0157.obj,32,252,28707,6.202895419187554,7.875,4.063492063492063,0.08391918373884408,0.01621805228352104,0.9267107364490365,101.38374305762463,0.10644362099992577,0.4094953600001645
range_hood/test/range_hood_0158.obj,32,252,28681,6.197277441659464,7.875,4.063492063492063,0.06306144404084116,0.007050308452777758,0.2706809816121141,72.27899560052681,0.17095085300024948,0.24797631299998102
range_hood/test/range_hood_0159.obj,32,252,28708,6.187068965517241,7.875,4.063492063492063,0.03379983705843714,0.002181299711925774,0.20080543238710324,94.58376897864832,0.08376970599965716,0.3071560190001037
range_hood/test/range_hood_0160.obj,32,252,28669,6.162725709372313,7.875,4.063492063492063,0.04128225948976304,0.003036360577632554,0.2874669804236013,95.5400704983823,0.31187254399992526,0.3721146759999101
range_hood/test/range_hood_0161.obj,32,252,28672,6.179310344827586,7.875,4.063492063492063,0.050640047792969656,0.004641295150541478,0.3823572884544272,96.50237667748127,0.1959254299999884,0.25720931800015023
range_hood/test/range_hood_0162.obj,32,252,28707,6.170894239036973,7.875,4.063492063492063,0.050226544499610004,0.005441825071244027,0.5538261585637119,99.94644988433163,0.14996491100009735,0.22573383600001762
range_hood/test/range_hood_0163.obj,32,252,28623,6.16875,7.875,4.063492063492063,0.04360260637649041,0.003815046121725746,0.34593123380829666,95.11696571644273,0.10251114799984862,0.3162244909999572
range_hood/test/range_hood_0164.obj,32,252,28646,6.1737068965517246,7.875,4.063492063492063,0.025792552077973773,0.0017785695311810404,0.40115719385937876,93.76277002419965,0.07092538400002013,0.47303127400027734
range_hood/test/range_hood_0165.obj,32,252,28712,6.171969045571797,7.875,4.063492063492063,0.041126124444213576,0.0032725065897552495,0.22258605621098626,102.38903837286594,0.16599954599996636,0.2454838219996418
range_hood/test/range_hood_0166.obj,32,252,28706,6.186637931034483,7.875,4.063492063492063,0.05803008357997505,0.007567511850523966,0.8141489739553065,91.68659472542247,0.13117865799995343,0.31556553700011136
range_hood/test/range_hood_0167.obj,32,252,28720,6.221837088388215,7.875,4.063492063492063,0.055571934781489196,0.008324698895375501,0.6786068365166991,100.72523292604544,0.14986053799975707,0.46532166499991945
range_hood/test/range_hood_0168.obj,32,252,28701,6.185560344827586,7.875,4.063492063492063,0.047503956162759146,0.004585885735401677,0.4882659293816904,96.67708534037232,0.13844390500025838,0.42024507500036634
range_hood/test/range_hood_0169.obj,32,252,28720,6.205704407951599,7.875,4.063492063492063,0.040588444123898615,0.0029516457398484773,0.1920523964432464,101.82433767282762,0.1588813950002077,0.3281377309999698
range_hood/test/range_hood_0170.obj,32,252,28730,6.224003466204506,7.875,4.063492063492063,0.03946963551894363,0.00340967730208275,0.4692632540069109,97.38244071326531,0.12083617000007507,0.2930804000002354
range_hood/test/range_hood_0171.obj,32,252,28693,6.199870354364736,7.875,4.063492063492063,0.04380076843795096,0.0037988677567279963,0.520722288569735,109.80001691109747,0.16750215399997614,0.5092839999997523
range_hood/test/range_hood_0172.obj,32,252,28668,6.178448275862069,7.875,4.063492063492063,0.09193618989336524,0.028896996238961435,0.8074206444366337,93.64908717461093,0.21738343200013333,0.4642503929999293
range_hood/test/range_hood_0173.obj,32,252,28651,6.158856405846947,7.875,4.063492063492063,0.040441895707658486,0.004379725483266608,0.5181318809615776,84.98428035130956,0.47037109599978066,0.16556600200010507
range_hood/test/range_hood_0174.obj,32,252,28639,6.188202247191011,7.875,4.063492063492063,0.04979452268275852,0.008613232607698309,0.6823307984304783,94.72277320324073,0.14709246600023107,0.4080660459999308
range_hood/test/range_hood_0175.obj,32,252,28667,6.162295786758383,7.875,4.063492063492063,0.04895797095538528,0.00436069259440371,0.25350241161474524,98.91148890465749,0.15051667299985638,0.1740105180001592
range_hood/test/range_hood_0176.obj,32,252,28648,6.174137931034482,7.875,4.063492063492063,0.03877374988505285,0.0028759614625325676,0.2880918130205817,99.62574780430535,0.09937004799985516,0.17383810899991659
range_hood/test/range_hood_0177.obj,32,252,28698,6.249564459930314,7.875,4.063492063492063,0.060308974496779924,0.006382810641675328,0.43852929232007853,96.65898165399548,0.10473345400032485,0.4111709579997296
range_hood/test/range_hood_0178.obj,32,252,28687,6.182543103448276,7.875,4.063492063492063,0.06681030186649684,0.008621139431745115,0.549270540706235,96.1322226561756,0.1874465070000042,0.38487554299990734
range_hood/test/range_hood_0179.obj,32,252,28638,6.17198275862069,7.875,4.063492063492063,0.056422632912820084,0.0066863505767791355,0.6849105769356605,96.54820733711634,0.17601760400020794,0.2674382290001631
range_hood/test/range_hood_0180.obj,32,252,28643,6.1730603448275865,7.875,4.063492063492063,0.030149270383679396,0.0021834454855967026,0.26840016169193726,102.87580155547235,0.23903789499991035,0.36937655600013386
range_hood/test/range_hood_0181.obj,32,252,28627,6.217854039965248,7.875,4.063492063492063,0.04562186428798811,0.006565535593742965,0.6465956157167548,84.67158526106337,0.10511049199976696,0.2749015409999629
range_hood/test/range_hood_0182.obj,32,252,28639,6.204289428076256,7.875,4.063492063492063,0.0767354288246313,0.024055507854085705,1.1596538456793184,85.63236262192774,0.16978020599981392,0.2675957220003511
range_hood/test/range_hood_0183.obj,32,252,28644,6.173275862068966,7.875,4.063492063492063,0.04272760580298254,0.010667489245447291,1.253531287792232,91.00965732682161,0.18940797300001577,0.23870254500025112
range_hood/test/range_hood_0184.obj,32,252,28652,6.191011235955056,7.875,4.063492063492063,0.03590222867784482,0.004945394853929818,0.678358447221393,80.30613290516634,0.20666707300006237,0.34997670800021297
range_hood/test/range_hood_0185.obj,32,252,28653,6.175215517241379,7.875,4.063492063492063,0.03440512277881286,0.0024597381663453302,0.2584444653503015,78.44532150388949,0.15809362900017732,0.40293431200007035
range_hood/test/range_hood_0186.obj,32,252,28636,6.187554019014693,7.875,4.063492063492063,0.05301491943596785,0.0065530174775143835,0.5755225218937514,85.79882185822476,0.23317700999996305,0.37000225100018724
range_hood/test/range_hood_0187.obj,32,252,28676,6.1961970613656,7.875,4.063492063492063,0.0421053815590884,0.004689197235724454,0.509081731280588,85.57098612484006,0.15304487600042194,0.3737758469997061
range_hood/test/range_hood_0188.obj,32,252,28614,6.150902837489252,7.875,4.063492063492063,0.05005095883735724,0.0045600182063728865,0.30135977466021346,99.15065743668882,0.09473754700002246,0.30969480300018404
range_hood/test/range_hood_0189.obj,32,250,28570,6.1893414211438476,7.8125,4.096,0.028579533555823627,0.0018351220611464874,0.2962205144216026,91.26780279569472,0.08158133999995698,0.34535417300003246
range_hood/test/range_hood_0190.obj,32,252,28654,6.1754310344827585,7.875,4.063492063492063,0.06479873220499272,0.010241780754902,0.7655958868241994,92.07383147622033,0.09254255900032149,0.2787656249997781
range_hood/test/range_hood_0191.obj,32,252,28696,6.200518582541054,7.875,4.063492063492063,0.061790604807246685,0.006516164909833307,0.43642628430678937,102.19503586366349,0.2269820599999548,0.24925915199992232
range_hood/test/range_hood_0192.obj,32,252,28662,6.209272097053726,7.875,4.063492063492063,0.0547046493442673,0.005547390036468843,0.35737552469084005,93.3337981705431,0.12185648900003798,0.27364625200016235
range_hood/test/range_hood_0193.obj,32,252,28647,6.189930855661193,7.875,4.063492063492063,0.048510101354578804,0.004886408583870254,0.6998035794529432,93.49936642802848,0.14015822200008188,0.8089918440000474
range_hood/test/range_hood_0194.obj,32,252,28647,6.20602253032929,7.875,4.063492063492063,0.04029581310779828,0.004336425743073876,0.3486960711241241,93.47021550235831,0.28058385900021676,0.31307511500017426
range_hood/test/range_hood_0195.obj,32,252,28599,6.163577586206896,7.875,4.063492063492063,0.043792084150059314,0.004004441381124281,0.41006423681563214,96.56042808028263,0.19965927300017938,0.5393272979999892
range_hood/test/range_hood_0196.obj,32,252,28707,6.235230234578627,7.875,4.063492063492063,0.04600491816938415,0.004248022365126104,0.4247460715776618,86.92719089614621,0.2512980409996999,0.29005973599987556
range_hood/test/range_hood_0197.obj,32,252,28733,6.176483233018057,7.875,4.063492063492063,0.04166600362393912,0.004078192672453372,0.3218204179235955,93.08132571230749,0.11200805299995409,0.3421515040004124
range_hood/test/range_hood_0198.obj,32,252,28717,6.173043852106621,7.875,4.063492063492063,0.03569732330063544,0.002605951187034731,0.3974405925206068,103.43249325524789,0.11101622099977249,0.5372245879998445
range_hood/test/range_hood_0199.obj,32,252,28680,6.181034482758621,7.875,4.063492063492063,0.03360193947576713,0.00286952551205993,0.6313327158407275,103.82011993182101,0.1474385359997541,0.30945113500001753
range_hood/test/range_hood_0200.obj,32,252,28654,6.207538994800693,7.875,4.063492063492063,0.06887791862774434,0.009214887781895343,0.76161273184614,94.88787299781761,0.18540900700008933,0.24435892900010003
range_hood/test/range_hood_0201.obj,32,252,28646,6.18971477960242,7.875,4.063492063492063,0.04618838917934766,0.0036344902528059556,0.34710275007530167,94.10487461304656,0.1539965739998479,0.3384192159996928
range_hood/test/range_hood_0202.obj,32,252,28696,6.18448275862069,7.875,4.063492063492063,0.06699932219394109,0.009122070654144877,0.700232809269542,96.6201317627976,0.24701980400004686,0.6471187999995891
range_hood/test/range_hood_0203.obj,32,252,28649,6.190363007778738,7.875,4.063492063492063,0.049394569638268285,0.00446556855421896,0.3367258600777607,94.93771480380805,0.18625192299987248,0.2988577979999718
range_hood/test/range_hood_0204.obj,32,252,28653,6.159286328460877,7.875,4.063492063492063,0.044853304455862913,0.003736368542406757,0.23981284927720914,100.94808550601529,0.07682178000004569,0.29853595499980656
range_hood/test/range_hood_0205.obj,32,252,28676,6.1961970613656,7.875,4.063492063492063,0.06415261949707997,0.00759724677059253,0.6602643423776863,97.59482097600548,0.08720619600035207,0.22395034300006955
range_hood/test/range_hood_0206.obj,32,252,28656,6.159931212381771,7.875,4.063492063492063,0.06350427411953628,0.010800302484936566,0.8952820271317172,93.41569951056249,0.12210315800030003,0.20885236300000543
range_hood/test/range_hood_0207.obj,32,252,28694,6.200086430423509,7.875,4.063492063492063,0.047021115205334654,0.0042136318322046765,0.25331925230688995,101.51679988849796,0.13180360099977406,0.1984438819999923
range_hood/test/range_hood_0208.obj,32,252,28657,6.176077586206897,7.875,4.063492063492063,0.07421026310925556,0.010983766257804364,0.7955664550251358,91.16205248984562,0.14080764499976794,0.36537232799992125
range_hood/test/range_hood_0209.obj,32,252,28644,6.157351676698195,7.875,4.063492063492063,0.04967083625671927,0.008180282819153112,0.7861723046929454,89.86481596289195,0.15503241899978093,0.3641179569999622
range_hood/test/range_hood_0210.obj,32,252,28662,6.177155172413793,7.875,4.063492063492063,0.049218397584728873,0.004196724409738892,0.3127741042819499,96.60481021449105,0.2234595929999159,0.49223552000012205
range_hood/test/range_hood_0211.obj,32,252,28667,6.194252376836647,7.875,4.063492063492063,0.05264339623277068,0.006752192867599945,0.7766008966870346,95.27560633141854,0.1547352200000205,0.3349223330001223
range_hood/test/range_hood_0212.obj,32,252,28649,6.1584264832330184,7.875,4.063492063492063,0.11535362379162004,0.03728302497871969,0.8600838053046416,84.72307665121684,0.2137217640001836,0.27418399799989857
range_hood/test/range_hood_0213.obj,32,252,28675,6.212088388214904,7.875,4.063492063492063,0.05512271072210001,0.005937398136725036,0.6129624479366091,94.61649151709815,0.14530273199989097,0.3182999430000564
range_hood/test/range_hood_0214.obj,32,252,28669,6.21078856152513,7.875,4.063492063492063,0.05491911779004499,0.005421656389160022,0.2825042551222371,99.2000278350576,0.11673478600005183,0.3133357399997294
range_hood/test/range_hood_0215.obj,32,252,28712,6.187931034482759,7.875,4.063492063492063,0.06860193279203397,0.013092687250559992,0.8614300094329805,96.21957219886679,0.14029157799996028,0.20079986100017777
sink/test/sink_0129.obj,32,252,28646,6.2058058925476605,7.875,4.063492063492063,0.03327353426552872,0.0024753304571208576,0.18700677617249908,88.83044559104798,0.0951080190002358,0.2826855799999066
sink/test/sink_0130.obj,32,252,28650,6.174568965517241,7.875,4.063492063492063,0.05509573905528818,0.00825394706545948,0.787988338010439,84.0190447378688,0.1877488350000931,0.3182131240000672
sink/test/sink_0131.obj,32,252,28830,6.213362068965517,7.875,4.063492063492063,0.06278927859341829,0.006747589340476523,0.5734861989299174,101.20489762190684,0.15183989499973904,0.308868787999927
sink/test/sink_0132.obj,32,252,28624,6.1689655172413795,7.875,4.063492063492063,0.030727835735996724,0.0020813010465678943,0.3607810109744849,85.19126592577739,0.10573150200025339,0.41690801499999
sink/test/sink_0133.obj,32,252,28655,6.159716251074807,7.875,4.063492063492063,0.025958992152616708,0.0015986304587360133,0.16004086002098503,86.39976694840718,0.18609423999987484,0.3620037850000699
sink/test/sink_0134.obj,32,252,28746,6.179277730008598,7.875,4.063492063492063,0.04562996414092714,0.004379072579433558,0.501104417644019,82.26657513461336,0.09895648500014431,0.3454285150000942
sink/test/sink_0135.obj,32,252,28658,6.176293103448276,7.875,4.063492063492063,0.07308610893085095,0.022911617192993387,1.1571520296107132,83.57105061939598,0.1373365429999467,0.218784080000205
sink/test/sink_0136.obj,32,252,28702,6.16981943250215,7.875,4.063492063492063,0.1343579900433357,0.04288287607335991,1.1042208151357775,89.7801955497959,0.13357778799991138,0.34944419399971594
sink/test/sink_0137.obj,32,252,28668,6.1625107480653485,7.875,4.063492063492063,0.025147599174501295,0.001446542274877196,0.17856089453772284,88.29402090057354,0.11481108199996015,0.46090873599996485
sink/test/sink_0138.obj,32,252,28661,6.176939655172414,7.875,4.063492063492063,0.02963273273787274,0.002157248853633357,0.24750985184657573,90.60009973697855,0.08054739899989727,0.27786651999986134
sink/test/sink_0139.obj,32,252,28646,6.157781599312123,7.875,4.063492063492063,0.053934264179410586,0.006802602715878632,0.30412723618975224,79.76810917111052,0.20209830199974022,0.5403349050002362
sink/test/sink_0140.obj,32,252,28692,6.183620689655172,7.875,4.063492063492063,0.18059805882182167,0.07860732318056422,1.608422436313051,89.71826775254021,0.08335039700023117,0.2861773889999313
sink/test/sink_0141.obj,32,252,28590,6.161637931034483,7.875,4.063492063492063,0.11023783611889536,0.05533077971698198,1.759814537637723,89.30317358273237,0.08142347300008623,0.4240282649998335
sink/test/sink_0142.obj,32,252,28653,6.159286328460877,7.875,4.063492063492063,0.03960805453044558,0.0032483987452086795,0.1893711561130133,86.56738451997275,0.25066299100035394,0.5650680860003376
sink/test/sink_0143.obj,32,252,28626,6.169396551724138,7.875,4.063492063492063,0.06181303629257062,0.008398499426606788,0.4523485545652223,80.24520748151704,0.2313109310002801,0.2730584989999443
sink/test/sink_0144.obj,32,252,28630,6.1543422184006875,7.875,4.063492063492063,0.03201751666998692,0.00216586198594559,0.17112399832540448,80.53796214783705,0.1511938169996938,0.40717459400002554
sink/test/sink_0145.obj,32,252,28649,6.174353448275862,7.875,4.063492063492063,0.0507728224990376,0.011680564794878452,1.057260418833656,85.36505841787337,0.13660086799973215,0.3866781860001538
sink/test/sink_0146.obj,32,250,28488,6.155574762316335,7.8125,4.096,0.07538037086509705,0.01884594466962827,1.2444378181070435,90.05016241180692,0.17827782599988495,0.4900344020002194
sink/test/sink_0147.obj,32,252,28626,6.153482373172829,7.875,4.063492063492063,0.07391660052797434,0.01235091723431671,0.7043081131561623,85.1252433284585,0.2652901329997803,0.44681858199965063
sink/test/sink_0148.obj,32,244,28170,6.215798764342454,7.625,4.19672131147541,0.035584982536072875,0.0028443363268388765,0.30481647099729603,86.77115074610666,0.08410379800034207,0.32046925799977544
sofa/test/sofa_0681.obj,32,252,28717,6.1890086206896555,7.875,4.063492063492063,0.060564900971855865,0.007838933671433065,0.7024370836511457,94.84369654900838,0.10305905299992446,0.3377537809997193
sofa/test/sofa_0682.obj,32,252,28742,6.242832319721981,7.875,4.063492063492063,0.04389023498363254,0.0036112773004944856,0.21968852566823016,91.06074145608184,0.15573523800003386,0.34118060499986314
sofa/test/sofa_0683.obj,32,252,28708,6.187068965517241,7.875,4.063492063492063,0.043807842467838046,0.0035436216688770504,0.2255221258265396,97.28223935283248,0.28635134599971934,0.34258362799982933
sofa/test/sofa_0684.obj,32,252,28692,6.215771230502599,7.875,4.063492063492063,0.03325721332774949,0.0024328120756947186,0.32736406822844255,92.67218889169779,0.0784424459998263,0.23339428100007353
sofa/test/sofa_0685.obj,32,252,28730,6.191810344827586,7.875,4.063492063492063,0.034108672525268266,0.00238654105836818,0.42570129020975783,90.39509490511178,0.09942997000007381,0.39412286600008883
sofa/test/sofa_0686.obj,32,252,28652,6.159071367153913,7.875,4.063492063492063,0.03954351621854715,0.007294714842886397,0.9038208858317565,84.63716383362396,0.09171297100010634,0.19591700799992395
sofa/test/sofa_0687.obj,32,252,28737,6.241746307558644,7.875,4.063492063492063,0.04044704190591686,0.003247448282448247,0.5230940244992606,91.34714876250845,0.10921368400022402,0.4436991570000828
sofa/test/sofa_0688.obj,32,238,27742,6.203488372093023,7.4375,4.302521008403361,0.033402085645305085,0.002184960892517019,0.24751191247498186,99.9194441466201,0.25418569000021307,0.30926964499985843
sofa/test/sofa_0689.obj,32,252,28666,6.2101386481802425,7.875,4.063492063492063,0.03920020763746868,0.0034755720137150774,0.5403520796235783,84.92323250682367,0.24138175600000977,0.22936733000005916
sofa/test/sofa_0690.obj,32,252,28766,6.1995689655172415,7.875,4.063492063492063,0.029031329793102006,0.0016187598521162391,0.14124744650288823,94.58010930211618,0.19808464400011871,0.4752528189997065
sofa/test/sofa_0691.obj,32,252,28683,6.181681034482758,7.875,4.063492063492063,0.03164928628147355,0.0020718897478723916,0.31312065928506255,98.40973593535756,0.27503624500013757,0.6155741950001357
sofa/test/sofa_0692.obj,32,252,28677,6.196413137424373,7.875,4.063492063492063,0.04591915152146471,0.009052458327098485,0.849840861602521,98.88067462074756,0.14053107099971385,0.4586539179999818
sofa/test/sofa_0693.obj,32,252,28664,6.161650902837489,7.875,4.063492063492063,0.04231975092164484,0.0041866657949924824,0.6331829844781358,88.38751622399002,0.2071519069995702,0.2551153849999537
sofa/test/sofa_0694.obj,32,252,28710,6.171539122957868,7.875,4.063492063492063,0.04666569858083808,0.003818956166000667,0.253666516319195,89.30936147389708,0.15772028799983673,0.2875263310002083
sofa/test/sofa_0695.obj,32,252,28652,6.175,7.875,4.063492063492063,0.03561492306076697,0.0029192062198912273,0.4755220949940301,96.676379572372,0.10883525100007319,0.22119275400018523
sofa/test/sofa_0696.obj,32,252,28692,6.199654278305964,7.875,4.063492063492063,0.046139101828459435,0.004820870651486054,0.6863449154168353,93.99655517374343,0.10744340399969587,0.21561924699972224
sofa/test/sofa_0697.obj,32,252,28658,6.160361134995701,7.875,4.063492063492063,0.029225438190729966,0.002211404645196035,0.394080047452276,98.18932611827242,0.08423947299979773,0.22761979599999904
sofa/test/sofa_0698.obj,32,244,28114,6.18705985915493,7.625,4.19672131147541,0.035865007520139505,0.0025182583688280265,0.25421070050653427,92.59411467909236,0.1935093950000919,0.41485588899968207
sofa/test/sofa_0699.obj,32,252,28675,6.228279756733276,7.875,4.063492063492063,0.07986643486415855,0.01729907786007422,1.1191166234141354,84.52826109113491,0.1559764499997982,0.46359247700002015
sofa/test/sofa_0700.obj,32,248,28426,6.190331010452962,7.75,4.129032258064516,0.028386687888329546,0.0015870654819601236,0.17927442571945912,89.07633430934173,0.09383290999994642,0.31793890700009797
sofa/test/sofa_0701.obj,32,226,26935,6.206221198156682,7.0625,4.530973451327434,0.031086438212666965,0.0021555226762320872,0.29696549780859716,91.15135487480399,0.09288066799990702,0.3191533359999994
sofa/test/sofa_0702.obj,32,250,28602,6.212423979148566,7.8125,4.096,0.05114436314515759,0.008488896229154672,0.9241929641429559,88.03917267868755,0.20206173399992622,0.2570799159998387
sofa/test/sofa_0703.obj,32,252,28681,6.229582971329279,7.875,4.063492063492063,0.03885715419851032,0.004635418110638646,0.8549484899702882,103.02441991555762,0.2184542049999436,0.46273273899987544
sofa/test/sofa_0704.obj,32,252,28707,6.202895419187554,7.875,4.063492063492063,0.05577532797611914,0.01827381855861983,1.4077034602228022,91.52137571921347,0.18335424999986571,0.3893826850003279
sofa/test/sofa_0705.obj,32,252,28712,6.203975799481418,7.875,4.063492063492063,0.049495218854981926,0.004650212339354975,0.22206156821923875,98.98197825299792,0.12530929800004742,0.40765375199998743
sofa/test/sofa_0706.obj,32,252,28664,6.177586206896552,7.875,4.063492063492063,0.057054670810905234,0.011093121372818045,1.1686355375100914,85.93145584411612,0.1920594660000461,0.2913791159999164
sofa/test/sofa_0707.obj,32,252,28728,6.223570190641248,7.875,4.063492063492063,0.03166551709061245,0.002152183669418645,0.28306614515663847,95.81312965799702,0.1426805470000545,0.23155942399989726
sofa/test/sofa_0708.obj,32,252,28696,6.168529664660361,7.875,4.063492063492063,0.08272343730302309,0.016161510063486303,0.6093127966534491,88.58805617553593,0.1676280419997056,0.41426188600007663
sofa/test/sofa_0709.obj,32,252,28748,6.211754537597234,7.875,4.063492063492063,0.02389676588873995,0.0013159238890596025,0.2007200151051034,95.24105889386422,0.12731154899984176,0.22935728299989933
sofa/test/sofa_0710.obj,32,248,28400,6.217162872154115,7.75,4.129032258064516,0.04409386765472683,0.005088271259659803,0.6377500768827196,96.3902287552423,0.12055276499995671,0.25315579100015384
sofa/test/sofa_0711.obj,32,252,28698,6.184913793103449,7.875,4.063492063492063,0.03234224019762763,0.0020426540085373346,0.23951252361154543,97.75237156657434,0.08654122899997674,0.43547725600001286
sofa/test/sofa_0712.obj,32,248,28409,6.202838427947598,7.75,4.129032258064516,0.03792502957308737,0.005629787633586603,0.7792772759493066,92.25811202522286,0.2609486490000563,0.24251503100003902
sofa/test/sofa_0713.obj,32,252,28690,6.199222126188419,7.875,4.063492063492063,0.03434620807032231,0.002253946560541115,0.2017753672512932,87.17921247931244,0.14422948699984772,0.2922192350001751
sofa/test/sofa_0714.obj,32,252,28672,6.163370593293207,7.875,4.063492063492063,0.0336221370139427,0.0022705955481271017,0.36631488109022464,90.65100112994861,0.16707307100023172,0.26870809799993367
sofa/test/sofa_0715.obj,32,252,28681,6.197277441659464,7.875,4.063492063492063,0.04262606488940363,0.0033240231328213127,0.1861391637986888,84.26355787397833,0.26211372400030086,0.22766135500023665
sofa/test/sofa_0716.obj,32,252,28714,6.188362068965517,7.875,4.063492063492063,0.052118981980266293,0.00538514849569904,0.48709617266154476,87.68231247942126,0.08875263499976427,0.4272729999997864
sofa/test/sofa_0717.obj,32,252,28664,6.177586206896552,7.875,4.063492063492063,0.023807638269192986,0.0012726672093228899,0.13262898684991775,81.99387102947523,0.08663770199973442,0.4354408530002729
sofa/test/sofa_0718.obj,32,252,28683,6.181681034482758,7.875,4.063492063492063,0.038063677682281145,0.00347996971090763,0.6081882086660888,91.80641281747475,0.07579248699994423,0.42513964999989184
sofa/test/sofa_0719.obj,32,252,28695,6.200302506482282,7.875,4.063492063492063,0.029774608942618914,0.002469850970632588,0.5401330615617254,91.53529862043163,0.3325021230002676,0.7655146609999974
sofa/test/sofa_0720.obj,32,252,28746,6.179277730008598,7.875,4.063492063492063,0.035120576664387705,0.002515810076388122,0.3624845736660358,92.11462748948294,0.20142105000013544,0.4295168180001383
sofa/test/sofa_0721.obj,32,252,28670,6.162940670679277,7.875,4.063492063492063,0.033798290711102415,0.0021621532421220134,0.26676830241765487,87.43521838289426,0.17892948300004718,0.3870355330000166
sofa/test/sofa_0722.obj,32,252,28656,6.191875540190147,7.875,4.063492063492063,0.04305853514225081,0.005662489811696416,0.8505403276769263,86.01412640643673,0.4396942849998595,0.43124524199993175
sofa/test/sofa_0723.obj,32,252,28719,6.189439655172414,7.875,4.063492063492063,0.051562791580904356,0.00453476942072436,0.29479770804514066,79.83835758096421,0.14536264000025767,0.25045240899999044
sofa/test/sofa_0724.obj,32,252,28717,6.1890086206896555,7.875,4.063492063492063,0.033972107647802854,0.002085204492960474,0.1411927066303723,84.28113835869704,0.30093254499979594,0.4661005689999911
sofa/test/sofa_0725.obj,32,252,28732,6.224436741767764,7.875,4.063492063492063,0.048732277736851605,0.004734045924854171,0.49824138343937807,96.88082938873946,0.20035035199998674,0.2870932340001673
sofa/test/sofa_0726.obj,32,252,28660,6.176724137931035,7.875,4.063492063492063,0.0404312030285429,0.004519699019129374,0.690228975000829,78.7642902530219,0.23607320299970525,0.2819203139997626
sofa/test/sofa_0727.obj,32,252,28638,6.187986171132239,7.875,4.063492063492063,0.040343834187641356,0.0032761033646942052,0.45836877062353704,82.53883500072538,0.23926543800007494,0.5251069410001037
sofa/test/sofa_0728.obj,32,252,28716,6.172828890799656,7.875,4.063492063492063,0.02383121174132717,0.0013761704419442537,0.14526964937275944,80.91935454086092,0.09095355300041774,0.3089883210000153
sofa/test/sofa_0729.obj,32,248,28384,6.213660245183888,7.75,4.129032258064516,0.036729219745437525,0.005037911346465253,0.7920616522590999,88.17810076736446,0.0825917849997495,0.18053530799988948
sofa/test/sofa_0730.obj,32,252,28676,6.1642304385210664,7.875,4.063492063492063,0.04215019697776543,0.004750219421466828,0.7806929249443807,85.24042505594292,0.1609474929996395,0.41461775900006614
sofa/test/sofa_0731.obj,32,252,28638,6.187986171132239,7.875,4.063492063492063,0.03410416648762563,0.002358201500545471,0.2572197528123788,83.83124191074737,0.10328217599999334,0.2905275960001745
sofa/test/sofa_0732.obj,32,244,28166,6.1821773485513605,7.625,4.19672131147541,0.034419136295398,0.002415129935295075,0.3192725555230168,86.68132454400236,0.1164878139998109,0.30685807499958173
sofa/test/sofa_0733.obj,32,252,28715,6.172613929492691,7.875,4.063492063492063,0.02602764961352117,0.002437964519879359,0.6663507467239306,97.68055375193234,0.14079689899972436,0.2554243750000751
sofa/test/sofa_0734.obj,32,252,28687,6.1665950128976785,7.875,4.063492063492063,0.0380279926129686,0.0030253561705466843,0.2636739174492555,75.86219621040573,0.15537632999985362,0.21301311500019438
sofa/test/sofa_0735.obj,32,248,28409,6.170503909643788,7.75,4.129032258064516,0.03725744146629597,0.0035305735871924582,0.6601591983095297,94.85629710306046,0.09144289799996841,0.3458664109998608
sofa/test/sofa_0736.obj,32,252,28750,6.196120689655173,7.875,4.063492063492063,0.08435708567890277,0.013331144764393645,0.6372423297735945,95.68329900825717,0.218122583999957,0.6769210400002521
sofa/test/sofa_0737.obj,32,252,28672,6.179310344827586,7.875,4.063492063492063,0.03664407719908235,0.0028133416116982476,0.35423149433885576,97.17785438582376,0.3554582570000093,0.4108130350000465
sofa/test/sofa_0738.obj,32,252,28695,6.200302506482282,7.875,4.063492063492063,0.04829687256069367,0.005643467492054214,0.771197602656537,87.3422937347608,0.25751493100005973,0.4963623700000426
sofa/test/sofa_0739.obj,32,252,28676,6.1642304385210664,7.875,4.063492063492063,0.030395745448336016,0.0019005308030632466,0.24863801549027045,96.00766786154514,0.13798016000009738,0.5120204510003532
sofa/test/sofa_0740.obj,32,250,28608,6.197573656845754,7.8125,4.096,0.035825819246478666,0.0027444051816178797,0.19245543481419067,98.17057551401291,0.20853547400020034,0.46187145100020643
sofa/test/sofa_0741.obj,32,252,28676,6.180172413793104,7.875,4.063492063492063,0.06985346549599815,0.020990599441494208,0.8657156634304848,92.39071273194202,0.11772256899985223,0.3944811569999729
sofa/test/sofa_0742.obj,32,252,28668,6.178448275862069,7.875,4.063492063492063,0.06227076592985076,0.020786279420293853,1.4677902994999363,96.30085309962834,0.1209497779996127,0.38902999700030705
sofa/test/sofa_0743.obj,32,252,28696,6.18448275862069,7.875,4.063492063492063,0.031640554343440874,0.0019472758988157246,0.22258833218793037,87.07530861932149,0.19203280800002176,0.5308312489996752
sofa/test/sofa_0744.obj,32,252,28723,6.206352636127917,7.875,4.063492063492063,0.034394319529406525,0.0023382240471067003,0.25049513762838643,93.28529310276764,0.23992770599988944,0.4928006620002634
sofa/test/sofa_0745.obj,32,246,28260,6.186514886164623,7.6875,4.162601626016261,0.03804581489504476,0.005153957583010925,0.7565834581451119,90.16883911330099,0.13030552000009266,0.2815080609998404
sofa/test/sofa_0746.obj,32,252,28674,6.195764909248055,7.875,4.063492063492063,0.037939051161538964,0.002852932060212812,0.19556152876122415,78.18520727522306,0.2752950679996502,0.28160477200026435
sofa/test/sofa_0747.obj,32,252,28723,6.2387054735013034,7.875,4.063492063492063,0.05367284870880149,0.006253504846030156,0.7210859302521758,89.80041827682723,0.10532265400024698,0.3030311049997181
sofa/test/sofa_0748.obj,32,244,28134,6.191461267605634,7.625,4.19672131147541,0.03489005611606595,0.004435951390120961,0.839796957511619,94.91956839505323,0.17500643399989713,0.23692690600000788
sofa/test/sofa_0749.obj,32,252,28646,6.1737068965517246,7.875,4.063492063492063,0.03776308891057633,0.002676271799283373,0.21840058657846423,84.71823102834063,0.14565038899991123,0.2527702180000233
sofa/test/sofa_0750.obj,32,252,28772,6.216940363007779,7.875,4.063492063492063,0.044803606461849096,0.0036882754927004525,0.19725839140114335,82.57707948448237,0.0749145640002098,0.17704649000006611
sofa/test/sofa_0751.obj,32,246,28252,6.201053555750659,7.6875,4.162601626016261,0.019974741987855225,0.0009243406217775345,0.18249903569281894,89.58670056413588,0.0939843959999962,0.20838942899990798
sofa/test/sofa_0752.obj,32,252,28736,6.1931034482758625,7.875,4.063492063492063,0.041901339767748125,0.0034425979236661253,0.23171236514812193,83.68473541317627,0.10273957000026712,0.17507247400044434
sofa/test/sofa_0753.obj,32,252,28723,6.206352636127917,7.875,4.063492063492063,0.06387808555289809,0.009253229236495715,0.9056290147578803,86.98797313634498,0.11492695500010086,0.42930196499992235
sofa/test/sofa_0754.obj,32,252,28654,6.159501289767841,7.875,4.063492063492063,0.03377044577567881,0.002141195160923654,0.15131557618838187,85.00959522836516,0.1411032740002156,0.2718434050002543
sofa/test/sofa_0755.obj,32,248,28422,6.1733275412684625,7.75,4.129032258064516,0.06805637603376452,0.021322385811004013,1.2119729776419597,91.91036204242565,0.27378241399992476,0.3348441940001976
sofa/test/sofa_0756.obj,32,252,28671,6.260043668122271,7.875,4.063492063492063,0.04040253177109575,0.0034724766287618242,0.49012071466231905,89.50562536594569,0.09762978599974304,0.4031813299998248
sofa/test/sofa_0757.obj,32,248,28403,6.234196663740123,7.75,4.129032258064516,0.03386201274890595,0.002897934642679485,0.3929179238884233,94.0588551097961,0.12720740599979763,0.41904434100024446
sofa/test/sofa_0758.obj,32,246,28271,6.188922942206655,7.6875,4.162601626016261,0.029822848926403057,0.0017837848299663082,0.17501282901691373,99.4958034063841,0.19892651899999692,0.4820046650002041
sofa/test/sofa_0759.obj,32,252,28697,6.200734658599827,7.875,4.063492063492063,0.03183999803834959,0.0025763513836320243,0.5550291660597351,98.30814340233736,0.127312499999789,0.27392636700005824
sofa/test/sofa_0760.obj,32,252,28711,6.187715517241379,7.875,4.063492063492063,0.04952754785979217,0.013167180313825175,1.011847067484266,100.72110957007678,0.07872076800003924,0.2732810329998756
sofa/test/sofa_0761.obj,32,252,28698,6.184913793103449,7.875,4.063492063492063,0.053253689722003845,0.005986676313266881,0.5838509478192364,103.29507317425222,0.08220441299999948,0.16303210399973977
sofa/test/sofa_0762.obj,32,252,28730,6.191810344827586,7.875,4.063492063492063,0.03729070208285608,0.003931390691514811,0.5683007673637053,96.6601684614362,0.07957507099990835,0.30009963699967557
sofa/test/sofa_0763.obj,32,252,28739,6.19375,7.875,4.063492063492063,0.03644439109430821,0.003041685798648954,0.5642827974404245,88.06556479116105,0.10015588399983244,0.30477273799988325
sofa/test/sofa_0764.obj,32,236,27591,6.186322869955157,7.375,4.338983050847458,0.04025176745418847,0.009463605346033547,1.1194321265772165,91.88844856781861,0.18605463399990185,0.3077521010000055
sofa/test/sofa_0765.obj,32,248,28375,6.179224738675958,7.75,4.129032258064516,0.02829042020231355,0.0018839490496298434,0.2701885389951618,90.41467147011787,0.20169124400035798,0.38188201399998434
sofa/test/sofa_0766.obj,32,252,28705,6.202463267070009,7.875,4.063492063492063,0.0432381219625697,0.0038350462796935157,0.4715712799877052,82.36749939875526,0.19529759099987132,1.0917436859999725
sofa/test/sofa_0767.obj,32,252,28664,6.161650902837489,7.875,4.063492063492063,0.05139196553027099,0.00892838886200023,0.769748898619973,85.41182049497114,0.19892064700025003,0.49374314099986805
sofa/test/sofa_0768.obj,32,252,28710,6.1875,7.875,4.063492063492063,0.02860376887095626,0.0015983543770441222,0.182697160534658,89.33338698381708,0.20976323800005048,0.3240153070000815
sofa/test/sofa_0769.obj,32,252,28706,6.170679277730009,7.875,4.063492063492063,0.03945819524914589,0.004851926665505397,0.5576755968458738,84.59524634847986,0.07455793600001925,0.17201287799980491
sofa/test/sofa_0770.obj,32,252,28663,6.161435941530525,7.875,4.063492063492063,0.0569391917582648,0.011852240464811321,0.8826178229734382,95.6707555852185,0.07670357500001046,0.1968972129998292
sofa/test/sofa_0771.obj,32,252,28749,6.1799226139294925,7.875,4.063492063492063,0.02694928546851403,0.0016292040930660206,0.22262922167793794,97.61518891207197,0.16304927400005909,0.4456599639997876
sofa/test/sofa_0772.obj,32,252,28670,6.162940670679277,7.875,4.063492063492063,0.036884898449175696,0.002582185111946371,0.2460421154923011,87.41626500815056,0.17880519299978914,0.2965391279999494
sofa/test/sofa_0773.obj,32,250,28553,6.16961970613656,7.8125,4.096,0.029375788977253965,0.0018006635590931018,0.24534233716411158,87.64215017633644,0.1928281790001165,0.20950415700008307
sofa/test/sofa_0774.obj,32,252,28641,6.1567067927773005,7.875,4.063492063492063,0.04448762913292986,0.003917822054315988,0.4848895779986661,84.36046807337019,0.18850068900019323,0.4505205750001551
sofa/test/sofa_0775.obj,32,252,28697,6.168744625967326,7.875,4.063492063492063,0.033953814001686615,0.0024418540983414437,0.30597638212663797,86.33763166066413,0.1581053999998403,0.49511177500016856
sofa/test/sofa_0776.obj,32,252,28681,6.197277441659464,7.875,4.063492063492063,0.03402862021849279,0.0023243873981061286,0.2060686666214396,84.78809446460428,0.22706358100003854,0.4383946799998739
sofa/test/sofa_0777.obj,32,252,28696,6.18448275862069,7.875,4.063492063492063,0.04898516744145731,0.005302521788893745,0.490335678974395,94.50307258421464,0.14098354499992638,0.18018546300027083
sofa/test/sofa_0778.obj,32,252,28727,6.207216940363008,7.875,4.063492063492063,0.054034336084233706,0.005439861517301123,0.6260280843097599,83.94274952416477,0.08067683599983866,0.5999982920002367
sofa/test/sofa_0779.obj,32,252,28669,6.162725709372313,7.875,4.063492063492063,0.036688019465968676,0.003326672451649801,0.7021548699117854,106.1761784850402,0.1453788259996145,0.22929816700025185
sofa/test/sofa_0780.obj,32,252,28689,6.182974137931034,7.875,4.063492063492063,0.04092696743833845,0.004260005484091267,0.5764574939779652,85.2963272738612,0.16912174500021138,0.2648687539999628
stairs/test/stairs_0125.obj,32,252,28595,6.178694900605013,7.875,4.063492063492063,0.033721582747587825,0.0022860311521334525,0.17757871934848413,85.15187843700738,0.09067535000031057,0.32424625899966486
stairs/test/stairs_0126.obj,32,252,28635,6.155417024935511,7.875,4.063492063492063,0.033719166456462585,0.0023691937068733102,0.28440077644250844,89.49021990777776,0.12678093800013812,0.36924558500004423
stairs/test/stairs_0127.obj,32,252,28657,6.19209161624892,7.875,4.063492063492063,0.02591987366022738,0.001982523523847436,0.24729489320784923,86.0987155038985,0.095555369000067,0.2871003430000201
stairs/test/stairs_0128.obj,32,252,28503,6.142887931034482,7.875,4.063492063492063,0.08797181683893504,0.01611376874084988,0.6350297473478177,82.40165630408846,0.1691618979998566,0.33728769200024544
stairs/test/stairs_0129.obj,32,252,28673,6.163585554600172,7.875,4.063492063492063,0.038072485668490336,0.003924765802496885,0.315119432213739,86.6747813074523,0.18299335499978042,0.35094854999988456
stairs/test/stairs_0130.obj,32,252,28600,6.179775280898877,7.875,4.063492063492063,0.035580001426579015,0.002704385654091688,0.2753715169642649,95.44597472721554,0.14823354399959499,0.4849228329999278
stairs/test/stairs_0131.obj,32,252,28679,6.212954939341421,7.875,4.063492063492063,0.04583343096567427,0.004552033081559056,0.23717657708206435,94.38699588969402,0.11062823899965224,0.23717077199989944
stairs/test/stairs_0132.obj,32,252,28709,6.187284482758621,7.875,4.063492063492063,0.04095067364917661,0.0034721232862719885,0.26740895189773306,93.08433908154521,0.08095573200034778,0.2037569919998532
stairs/test/stairs_0133.obj,32,226,26971,6.214516129032258,7.0625,4.530973451327434,0.03254346285395673,0.0021136481909466236,0.16042256599854465,91.70233595590078,0.11738586799992845,0.17585645400004069
stairs/test/stairs_0134.obj,32,226,26923,6.203456221198157,7.0625,4.530973451327434,0.02015013838035685,0.0010085122954576462,0.14622958996680843,87.64760645318484,0.09731355700023414,0.20600991399987834
stairs/test/stairs_0135.obj,32,222,26677,6.2155172413793105,6.9375,4.612612612612613,0.034394592689151404,0.0023536667483644224,0.21090361750336992,81.49929936767123,0.09161737700014783,0.2230773500000396
stairs/test/stairs_0136.obj,32,236,27607,6.189910313901345,7.375,4.338983050847458,0.021352178583340875,0.0010596565890907798,0.1478667230378594,93.38951824374324,0.14647076299979744,0.3554876029998013
stairs/test/stairs_0137.obj,32,252,28576,6.174589455488332,7.875,4.063492063492063,0.06734929583978796,0.008624227536984896,0.29975804897021174,78.60734731500577,0.10405042100001083,0.49374106599998413
stairs/test/stairs_0138.obj,32,240,27835,6.174578527062999,7.5,4.266666666666667,0.029712044745229142,0.0017196386363355584,0.1659212991453091,81.87729681789467,0.3452683709997473,0.2577456159997382
stairs/test/stairs_0139.obj,32,226,26914,6.201382488479263,7.0625,4.530973451327434,0.03361961779116802,0.0020389235248276178,0.15180085067602325,97.51385960322833,0.08943536500009941,0.1995614850002312
stairs/test/stairs_0140.obj,32,252,28663,6.209488734835356,7.875,4.063492063492063,0.0427362866650759,0.003182840867500335,0.16907533413111034,94.97655728393433,0.11898529400014013,0.22845450799968603
stairs/test/stairs_0141.obj,32,252,28522,6.21123693379791,7.875,4.063492063492063,0.13618888076914612,0.0858106760185886,1.7027772253518647,109.64237029586849,0.06655161099979523,0.2216819709997253
stairs/test/stairs_0142.obj,32,244,28066,6.1602282704126425,7.625,4.19672131147541,0.0544631390540586,0.006467267398367293,0.31018114235192773,82.6936000218971,0.11164375199996357,0.2072411449998981
stairs/test/stairs_0143.obj,32,252,28673,6.163585554600172,7.875,4.063492063492063,0.03499825469238545,0.0022591928891401306,0.13268338614384045,96.52840349508031,0.11471213699996952,0.16155618800030425
stairs/test/stairs_0144.obj,32,252,28681,6.213388214904679,7.875,4.063492063492063,0.021514486186956804,0.0009622428964307152,0.14376646453447214,86.55373643704382,0.19605276499987667,0.20397546899994268
stool/test/stool_0091.obj,32,252,28690,6.167239896818573,7.875,4.063492063492063,0.03764170812188641,0.0034231572955576352,0.2829228958632578,84.74025776981549,0.07547568100017088,0.23858088700035296
stool/test/stool_0092.obj,32,244,28167,6.182396839332748,7.625,4.19672131147541,0.04485884661862321,0.0035630950706314643,0.20557044240501054,92.07905738448697,0.09777239499999268,0.190573535999647
stool/test/stool_0093.obj,32,250,28484,6.186794092093831,7.8125,4.096,0.0347706714461269,0.002242496374301306,0.20877786308528418,89.65258641582457,0.1570762989999821,0.5011051450001105
stool/test/stool_0094.obj,32,236,27628,6.194618834080718,7.375,4.338983050847458,0.04760120143525701,0.004097351167763457,0.23706588493840594,92.97186215606325,0.1966795819998879,0.365088175999972
stool/test/stool_0095.obj,32,246,28277,6.174017467248908,7.6875,4.162601626016261,0.03477988866794517,0.00254234025668797,0.2315588104802915,85.06675085973643,0.07519464599999992,0.24390877300038483
stool/test/stool_0096.obj,32,238,27744,6.220627802690583,7.4375,4.302521008403361,0.03430667279047066,0.0023988726445592612,0.19505927427454484,98.20464200478682,0.1649498169999788,0.34089745800019955
stool/test/stool_0097.obj,32,246,28293,6.210052677787533,7.6875,4.162601626016261,0.05038654072375579,0.004959515151024198,0.2841016915518827,91.62675630423809,0.20980771499989714,0.25715075900006923
stool/test/stool_0098.obj,32,242,27976,6.205856255545696,7.5625,4.231404958677686,0.04166404187532206,0.003336069696142296,0.21636018057550224,89.803025127419,0.16384249400016415,0.39864898899986656
stool/test/stool_0099.obj,32,240,27877,6.183895297249334,7.5,4.266666666666667,0.03575494824576458,0.002737188417747642,0.22886745970707603,96.57833613305647,0.19410303099994053,0.23793587199998
stool/test/stool_0100.obj,32,236,27627,6.194394618834081,7.375,4.338983050847458,0.06178553036668572,0.007127371089160008,0.48051440051209143,97.08646377943143,0.10307748600007471,0.3320753530001639
stool/test/stool_0101.obj,32,244,28168,6.1826163301141355,7.625,4.19672131147541,0.038540076373833096,0.004270828614066006,0.5428541245241301,96.14164604240209,0.1552602299998398,0.3183683160000328
stool/test/stool_0102.obj,32,250,28520,6.162489196197061,7.8125,4.096,0.03745928358699333,0.002669317781972653,0.23819634629395947,87.3369566711776,0.18292568000015308,0.25537834200031284
stool/test/stool_0103.obj,32,250,28464,6.150388936905791,7.8125,4.096,0.04887824518285465,0.005224610715993986,0.2863763814238909,88.40742284893811,0.0885816239997439,0.23388995000004797
stool/test/stool_0104.obj,32,244,28161,6.181079894644425,7.625,4.19672131147541,0.09502442491378335,0.018985789766489538,0.9944242712200736,94.67881725513618,0.07197070100028213,0.4188567839996722
stool/test/stool_0105.obj,32,246,28230,6.163755458515284,7.6875,4.162601626016261,0.0377701219959668,0.0029305136742482744,0.26315651540585316,87.21337338706218,0.2496319609999773,0.20052620800015575
stool/test/stool_0106.obj,32,228,27064,6.201649862511458,7.125,4.491228070175438,0.03619594991521505,0.002410322911492042,0.1820972424731744,91.53145413609907,0.1444237699997757,0.6072341400004007
stool/test/stool_0107.obj,32,244,28170,6.18305531167691,7.625,4.19672131147541,0.04649238152628855,0.003888161564593347,0.21752240233613346,89.04608871656328,0.24977110700001504,0.27333302699980777
stool/test/stool_0108.obj,32,246,28270,6.2050043898156275,7.6875,4.162601626016261,0.04957976890038404,0.004930556684395644,0.25768632176466577,92.00047769804272,0.14873611800021536,0.19603144699976838
stool/test/stool_0109.obj,32,240,27874,6.183229813664596,7.5,4.266666666666667,0.0788126959272853,0.011009162749149447,0.29698101318453785,82.1423979023589,0.13288271500005067,0.46648374300002615
stool/test/stool_0110.obj,32,240,27856,6.2289803220035775,7.5,4.266666666666667,0.04479611434022694,0.004406338970049262,0.3566624774033401,84.27468316422342,0.20113456799981577,0.2990290110001297
table/test/table_0393.obj,32,240,27898,6.221677074041035,7.5,4.266666666666667,0.07199670116899397,0.014945388781358827,1.0651542530173128,93.07815719853642,0.14446119400008683,0.1970243030000347
table/test/table_0394.obj,32,252,28669,6.162725709372313,7.875,4.063492063492063,0.038899028022494654,0.003978875473880064,0.3228302054653172,92.26653085632574,0.1447159620001912,0.3758263059999081
table/test/table_0395.obj,32,246,28317,6.182751091703056,7.6875,4.162601626016261,0.06163993252484187,0.00825154669060669,0.39242407427338843,89.87802339926054,0.17034373399974356,0.2002645840002515
table/test/table_0396.obj,32,252,28683,6.165735167669819,7.875,4.063492063492063,0.12213457052350536,0.02651492173716377,0.679125078668162,100.89814704160761,0.36930334699991363,0.3695041050000327
table/test/table_0397.obj,32,248,28551,6.201346655082537,7.75,4.129032258064516,0.03732186747229385,0.0036531297456651292,0.3391247254606062,91.40490444715394,0.16114016599976821,0.520118576999721
table/test/table_0398.obj,32,252,28697,6.216854419410745,7.875,4.063492063492063,0.07498051275824003,0.012257219314484653,0.6948902807220135,92.09089420591906,0.2941519029996016,0.3705280180001864
table/test/table_0399.obj,32,252,28788,6.220397579948142,7.875,4.063492063492063,0.07633460556869455,0.013415728211741727,0.7439012961468918,103.19928965864274,0.10671735799996895,0.1770934930000294
table/test/table_0400.obj,32,252,28739,6.19375,7.875,4.063492063492063,0.0979406623759577,0.02269274222888165,0.743727238142229,94.87490008048998,0.14638925899998867,0.2978864080000676
table/test/table_0401.obj,32,252,28776,6.217804667242869,7.875,4.063492063492063,0.1384344818126283,0.04562979502881026,0.963499064581728,90.55439612726494,0.17882709300010902,0.4493592140001965
table/test/table_0402.obj,32,252,28809,6.192820292347378,7.875,4.063492063492063,0.08901886407135914,0.014760995901778892,0.4534826477543768,105.30997222613962,0.20424054700015404,0.4555476999998973
table/test/table_0403.obj,32,252,28668,6.178448275862069,7.875,4.063492063492063,0.039621663142020404,0.005327534358008777,0.3416416718189882,85.81935154674728,0.07368986500023311,0.21351022800035935
table/test/table_0404.obj,32,252,28735,6.2089455488331895,7.875,4.063492063492063,0.07673676350711674,0.013672741555015959,0.6117385501002887,93.04665137237478,0.1685674300001665,0.24982365000005302
table/test/table_0405.obj,32,252,28718,6.189224137931035,7.875,4.063492063492063,0.10247534037146958,0.023080515301771375,0.7030760096017988,91.66707686491247,0.1384548320002068,0.4178177020003204
table/test/table_0406.obj,32,252,28678,6.180603448275862,7.875,4.063492063492063,0.0467474035768382,0.005193319764091761,0.2735512622796183,90.29772302543728,0.1637601780003024,0.39201560599985896
table/test/table_0407.obj,32,244,28191,6.18766461808604,7.625,4.19672131147541,0.0632040010382825,0.008686954957375911,0.6728205398292034,102.22368455806836,0.08666080600005444,0.39028973500035136
table/test/table_0408.obj,32,252,28707,6.186853448275862,7.875,4.063492063492063,0.06365552673401462,0.025228284217319236,1.4563329777179301,87.71630288025696,0.21869361199969717,0.38275465900005656
table/test/table_0409.obj,32,252,28669,6.162725709372313,7.875,4.063492063492063,0.045888089324698934,0.005576378824707119,0.3077582996064719,93.16089310535413,0.10546018700006243,0.4691090480000639
table/test/table_0410.obj,32,252,28775,6.185511607910576,7.875,4.063492063492063,0.05499440142737215,0.007297937334199877,0.5856613627388808,95.27482109921912,0.19956679699998858,0.3651650229999177
table/test/table_0411.obj,32,250,28684,6.230234578627281,7.8125,4.096,0.054815740283964146,0.0063103187164858035,0.5693216712625637,94.16275909133739,0.09176904100013417,0.23019571700024244
table/test/table_0412.obj,32,244,28097,6.232697426796806,7.625,4.19672131147541,0.03661039375818554,0.005256955934368087,0.7927186778123714,91.98227615797849,0.20523264099983862,0.35070095999981277
table/test/table_0413.obj,32,252,28749,6.211970613656007,7.875,4.063492063492063,0.07825005068890398,0.017133118338453657,0.8631500783852899,101.45339881204534,0.11115937199974724,0.3162358750000749
table/test/table_0414.obj,32,252,28786,6.219965427830596,7.875,4.063492063492063,0.08916238333178537,0.019618876281002045,0.7036975559631398,96.15924064322488,0.10057406599980823,0.18678423799974553
table/test/table_0415.obj,32,250,28657,6.208188908145581,7.8125,4.096,0.07788704543121362,0.015453312224614584,0.5676587231043333,98.88174700491584,0.11970914799985621,0.2156015479999951
table/test/table_0416.obj,32,252,28734,6.208729472774417,7.875,4.063492063492063,0.06446570677216337,0.00932803899018221,0.3915248294962751,106.25066802680935,0.19453619199975947,0.5027326410004207
table/test/table_0417.obj,32,252,28718,6.189224137931035,7.875,4.063492063492063,0.0700831069562807,0.011953397133698283,0.4433897734761846,108.1907438367397,0.22500289900017378,0.43513043099983406
table/test/table_0418.obj,32,248,28473,6.2005662020905925,7.75,4.129032258064516,0.0542628722726886,0.009203764302364902,0.38051844577249677,95.05788787906141,0.2308097860000089,0.341438799000116
table/test/table_0419.obj,32,252,28688,6.182758620689655,7.875,4.063492063492063,0.11211864660523724,0.03537829847741764,1.1937221474846875,95.74628162027943,0.2671756530003222,0.30007770100019115
table/test/table_0420.obj,32,252,28750,6.196120689655173,7.875,4.063492063492063,0.07847308093965055,0.016787820195052098,0.9951989562311169,91.89116317727805,0.12376135699969382,0.36840368799994394
table/test/table_0421.obj,32,250,28530,6.196785403996524,7.8125,4.096,0.061272611673362384,0.007974188802764832,0.6885894900227406,92.10944780810136,0.1461120569997547,0.4062919799998781
table/test/table_0422.obj,32,244,28216,6.19315188762072,7.625,4.19672131147541,0.18254562281700004,0.08082755680727621,1.097469851958227,86.86741569993907,0.24318864000042595,0.41607830600014495
table/test/table_0423.obj,32,240,27919,6.19321206743567,7.5,4.266666666666667,0.09110417886352062,0.022522822879905886,0.9841321677180392,97.85991447550688,0.2613057809999191,0.4309151329998713
table/test/table_0424.obj,32,242,28079,6.195719329214475,7.5625,4.231404958677686,0.0707803058071235,0.01224022577206383,0.7628986732191434,95.04996486487785,0.22929963599972325,0.32610331000023507
table/test/table_0425.obj,32,252,28757,6.213699222126189,7.875,4.063492063492063,0.13314880383192018,0.037935010239008124,0.9581187036782912,97.27491095228584,0.12059411700010969,0.2799186839997674
table/test/table_0426.obj,32,252,28728,6.175408426483233,7.875,4.063492063492063,0.11405297710743545,0.02558547221970628,0.5539935689685535,98.28727845205671,0.09124251399998684,0.3049240569998801
table/test/table_0427.obj,32,246,28308,6.180786026200874,7.6875,4.162601626016261,0.08104925209519186,0.019280513091865722,1.0282320242761003,93.67740348215553,0.12458612599994012,0.35674896799991984
table/test/table_0428.obj,32,248,28461,6.230516637478108,7.75,4.129032258064516,0.07448358512659149,0.013691391538843106,0.4711344088969645,96.20136874562144,0.11534067000002324,0.3697233640000377
table/test/table_0429.obj,32,252,28747,6.243918331885317,7.875,4.063492063492063,0.05448891632985831,0.009764230249792737,0.7919227563872652,93.28725532819405,0.1226815209997767,0.3808766890001607
table/test/table_0430.obj,32,242,28063,6.192188879082083,7.5625,4.231404958677686,0.06633514999534917,0.008913829973134512,0.5306632721950892,89.86859214670366,0.10567718499987677,0.26878875099964716
table/test/table_0431.obj,32,248,28463,6.182232841007819,7.75,4.129032258064516,0.07683452300344959,0.01136125830618084,0.3329597069856422,100.5381474207309,0.09363614800031428,0.20291190199986886
table/test/table_0432.obj,32,252,28725,6.1907327586206895,7.875,4.063492063492063,0.09986716244379631,0.02056552976523332,0.7512562740834914,100.96395964058085,0.08395761400015544,0.192678259999866
table/test/table_0433.obj,32,244,28229,6.196005267778753,7.625,4.19672131147541,0.1377440306074543,0.04427738453779154,0.8747918614251615,90.84089489382494,0.24669695400007186,0.535977899000045
table/test/table_0434.obj,32,252,28674,6.163800515907137,7.875,4.063492063492063,0.1363039610979343,0.031500333275844235,0.9230171042486054,104.19348636752336,0.169147372000225,0.32487495299983493
table/test/table_0435.obj,32,250,28627,6.234102787456446,7.8125,4.096,0.07662531148349376,0.012920881838818152,0.46939965102757114,96.84952635236968,0.13617925900007322,0.5280107309999948
table/test/table_0436.obj,32,248,28530,6.196785403996524,7.75,4.129032258064516,0.13169450838312413,0.06570151804994355,1.7463483120268442,92.85447732662233,0.1420910020001429,1.005137112000284
table/test/table_0437.obj,32,250,28555,6.186091854419411,7.8125,4.096,0.07234996820039888,0.014827568116248833,0.827554683050762,93.37179686674436,0.3243437279998034,0.638084902999708
table/test/table_0438.obj,32,252,28748,6.195689655172414,7.875,4.063492063492063,0.03343046933554532,0.0033217892723268277,0.33078727195294194,85.87339350252537,0.23327502700021796,0.3150763220000954
table/test/table_0439.obj,32,250,28596,6.194974003466204,7.8125,4.096,0.05727346949124971,0.007703006845247056,0.515972473690059,91.28615992580828,0.1778215790000104,0.38973955399978877
table/test/table_0440.obj,32,246,28326,6.18471615720524,7.6875,4.162601626016261,0.1207692570378035,0.039418567579322536,1.1368998996578565,86.42686553155224,0.09353905100033444,0.2587973360000433
table/test/table_0441.obj,32,252,28783,6.235485268630849,7.875,4.063492063492063,0.0944754990229907,0.022998474936456684,0.7475964373585617,95.4336159428409,0.15031716500016046,0.2367568320000828
table/test/table_0442.obj,32,252,28740,6.17798796216681,7.875,4.063492063492063,0.08786507372915515,0.01793192019343778,0.5846022619680259,103.67181368994387,0.0849049250000462,0.20462225500023123
table/test/table_0443.obj,32,248,28478,6.201655052264808,7.75,4.129032258064516,0.09921725147746777,0.02063149547335138,0.5781236053228329,98.59274389415424,0.09491348900019148,0.20860532599999715
table/test/table_0444.obj,32,252,28787,6.236351819757366,7.875,4.063492063492063,0.0639075571303457,0.010914023854900238,0.46053746214652036,90.22743539282287,0.07879304099969886,0.19882229299992105
table/test/table_0445.obj,32,252,28740,6.17798796216681,7.875,4.063492063492063,0.14383694481490833,0.05051795211854579,0.8216945615858815,87.75606066911266,0.183495763999872,0.34449176099997203
table/test/table_0446.obj,32,252,28758,6.197844827586207,7.875,4.063492063492063,0.0782233543358583,0.014401101332981881,0.5450675910626229,97.37476042096895,0.09616309000011825,0.3609715510001479
table/test/table_0447.obj,32,252,28793,6.221477960242005,7.875,4.063492063492063,0.07858051855916728,0.013167930361762375,0.7847919917084717,99.84881794936886,0.2676261010001326,0.39157365399978517
table/test/table_0448.obj,32,252,28784,6.203448275862069,7.875,4.063492063492063,0.06140564566843121,0.009959130173247156,0.3807402798754262,100.30110696381486,0.17294556800015926,0.3208787130001838
table/test/table_0449.obj,32,252,28715,6.172613929492691,7.875,4.063492063492063,0.04464234271903832,0.005029140781000642,0.3067858670979522,97.5856115945073,0.1473290479998468,0.2883546260000003
table/test/table_0450.obj,32,244,28201,6.189859525899912,7.625,4.19672131147541,0.10362644394928106,0.023782702427421296,0.9142681588603995,100.02696052362197,0.11314889300001596,0.2590751480001927
table/test/table_0451.obj,32,252,28739,6.19375,7.875,4.063492063492063,0.07023299028526937,0.012125833459401499,0.5478387852476242,95.61049723800309,0.131883506000122,0.26625302100001136
table/test/table_0452.obj,32,246,28381,6.196724890829694,7.6875,4.162601626016261,0.06687227044645047,0.010892712160913535,0.6205230430169376,95.767821216524,0.07685699300009219,0.31781741300028443
table/test/table_0453.obj,32,252,28714,6.1723989681857265,7.875,4.063492063492063,0.07029763904662352,0.011352822935769332,0.6015762640774588,94.5197663340972,0.18723077100003138,0.3249198050002633
table/test/table_0454.obj,32,252,28703,6.21815424610052,7.875,4.063492063492063,0.09770156754060523,0.01944071518992626,0.4726058744278684,103.16880845717009,0.14537003399982495,0.36744746699969255
table/test/table_0455.obj,32,248,28419,6.188806620209059,7.75,4.129032258064516,0.09124610198568628,0.015578157147914318,0.46212272960834067,104.1981268470625,0.07820771800015791,0.34298980399989887
table/test/table_0456.obj,32,252,28758,6.181857265692176,7.875,4.063492063492063,0.07316479522008253,0.012315662532008978,0.4246762243643866,102.07351694398821,0.2055033089995959,0.38246473800018066
table/test/table_0457.obj,32,252,28696,6.200518582541054,7.875,4.063492063492063,0.14408223554627414,0.0484405132013096,0.8423517333010712,91.3408099831872,0.29002355600005103,0.3754381009998724
table/test/table_0458.obj,32,248,28434,6.175933970460469,7.75,4.129032258064516,0.1429874962455117,0.047238477144031996,1.0786446095535727,91.83417466375943,0.22326541500024177,0.2416380670001672
table/test/table_0459.obj,32,252,28774,6.185296646603612,7.875,4.063492063492063,0.06339822877432329,0.010033922368647197,0.39905821269601305,100.3047576612833,0.1253605370002333,0.22543605800001387
table/test/table_0460.obj,32,246,28318,6.231954225352113,7.6875,4.162601626016261,0.11293708762671627,0.036908179506809566,1.2900459351437126,96.20677719544673,0.08185203499988347,0.17709887099999833
table/test/table_0461.obj,32,240,27895,6.187888198757764,7.5,4.266666666666667,0.0729401100284865,0.010669455327207844,0.6971125449055308,95.28294802959917,0.07583996099992873,0.1731911809997655
table/test/table_0462.obj,32,246,28303,6.179694323144105,7.6875,4.162601626016261,0.06508701391367173,0.009176278432539485,0.503530510053452,93.86066081740739,0.11210714300023028,0.3297542360000989
table/test/table_0463.obj,32,252,28635,6.155417024935511,7.875,4.063492063492063,0.08055188792746863,0.015633837004649577,0.4205941049102935,92.66373314901675,0.23247988899993288,0.47880497599999217
table/test/table_0464.obj,32,252,28786,6.219965427830596,7.875,4.063492063492063,0.09224505004250456,0.020361486870173955,0.6798973453942357,97.71882895596711,0.17170850000002247,0.31400823200010564
table/test/table_0465.obj,32,252,28804,6.191745485812554,7.875,4.063492063492063,0.08178029038115049,0.01523920828051993,0.7725075901116476,97.00637463159671,0.1786852390000604,0.3763506620002772
table/test/table_0466.obj,32,252,28665,6.177801724137931,7.875,4.063492063492063,0.08174677374312252,0.01568755380357298,0.4411055994670101,92.52291037378073,0.212423938000029,0.5162818070002686
table/test/table_0467.obj,32,240,27904,6.2064056939501775,7.5,4.266666666666667,0.09910699910124664,0.021558901604815776,0.9169324765564161,93.24844610033367,0.11599752699976307,0.37592325500008883
table/test/table_0468.obj,32,248,28473,6.216812227074236,7.75,4.129032258064516,0.08317407043387795,0.01616540685404666,0.9123997891851896,108.15325815910595,0.08529062999969028,0.34161833899997873
table/test/table_0469.obj,32,252,28786,6.203879310344828,7.875,4.063492063492063,0.07561531542356385,0.017273334419160465,0.9349448190930808,93.02251038886672,0.21393269700001838,0.2548614849997648
table/test/table_0470.obj,32,252,28784,6.1874462596732585,7.875,4.063492063492063,0.14175535410500004,0.06363059863678,1.4431008080191874,90.97370392964064,0.07882183199990322,0.3163932829997975
table/test/table_0471.obj,32,242,28023,6.183362753751103,7.5625,4.231404958677686,0.06982806563051168,0.010475295313081629,0.7181891491783758,90.6964090264265,0.1326618729999609,0.2638195340000493
table/test/table_0472.obj,32,252,28776,6.1857265692175405,7.875,4.063492063492063,0.08135014578620574,0.013682310458436125,0.4297576502779186,94.26419027341157,0.09254542200005744,0.4530440149997048
table/test/table_0473.obj,32,246,28353,6.206873905429072,7.6875,4.162601626016261,0.13109134428806193,0.04959609509067388,1.146638855126072,87.57883703218576,0.13658834199986813,0.20352477599999474
table/test/table_0474.obj,32,250,28589,6.1934575389948,7.8125,4.096,0.07777818075888888,0.013023602807597266,0.46665196188786834,94.67458060423377,0.11228839900013554,0.3786312850002105
table/test/table_0475.obj,32,252,28782,6.20301724137931,7.875,4.063492063492063,0.06915967432667719,0.011827969061051045,0.4248658869870183,92.7172326267463,0.10469323500001337,0.3666310619996693
table/test/table_0476.obj,32,252,28717,6.173043852106621,7.875,4.063492063492063,0.05748111805001558,0.009032359928351495,0.4421477100132021,86.27753292763677,0.14396058200009065,0.23742372199967576
table/test/table_0477.obj,32,252,28724,6.19051724137931,7.875,4.063492063492063,0.07585184512380748,0.013630740595195272,0.49450640246005967,97.59846326098905,0.07375267299994448,0.2008010180002202
table/test/table_0478.obj,32,242,28068,6.1932921447484555,7.5625,4.231404958677686,0.09939728770726888,0.025793961009927573,1.2591779971339945,96.4390997277393,0.17112464000001637,0.45251192499972603
table/test/table_0479.obj,32,252,28793,6.189380911435942,7.875,4.063492063492063,0.06467591995560049,0.010434161150408806,0.48136750665010064,91.31292730205925,0.07526271300002918,0.21753515800037349
table/test/table_0480.obj,32,252,28784,6.203448275862069,7.875,4.063492063492063,0.08506784484583815,0.01519474248296129,0.5749022181729107,102.51070120662237,0.16462973500028966,0.5007245080000757
table/test/table_0481.obj,32,248,28480,6.185925282363162,7.75,4.129032258064516,0.060200932561114695,0.009537790135300386,0.6807628714299643,88.96529818193594,0.102342445999966,0.3267292739997174
table/test/table_0482.obj,32,252,28755,6.181212381771281,7.875,4.063492063492063,0.08703323493626001,0.01987853329317453,0.6910368058297651,97.18029784776753,0.07230108800013113,0.3052057380000406
table/test/table_0483.obj,32,252,28768,6.2,7.875,4.063492063492063,0.09574413090454188,0.01813533297047721,0.6136181659222196,101.27292777186983,0.1488751950000733,0.19495820100019046
table/test/table_0484.obj,32,252,28733,6.192456896551724,7.875,4.063492063492063,0.09182174952313252,0.017722213512445996,0.602477932163893,96.62345524129884,0.14304946499987636,0.2894560059999094
table/test/table_0485.obj,32,252,28672,6.19533275713051,7.875,4.063492063492063,0.09786741269975098,0.02467997718616007,0.800628696674113,91.87281451695742,0.12280159200008711,0.2051083380001728
table/test/table_0486.obj,32,250,28531,6.180892547660312,7.8125,4.096,0.06483672859815487,0.009613776290621193,0.44015326603473454,82.2648050024828,0.08618916600016746,0.1751393160002408
table/test/table_0487.obj,32,244,28172,6.183494293239684,7.625,4.19672131147541,0.07318786965989339,0.01081781752713524,0.3622473238211215,101.5947040124095,0.08870263399967371,0.4118812980000257
table/test/table_0488.obj,32,248,28439,6.177019982623805,7.75,4.129032258064516,0.05384050445293327,0.006189742642955992,0.35226676691167613,96.47111648658588,0.09326823299988973,0.34724847799998315
table/test/table_0489.obj,32,252,28857,6.219181034482759,7.875,4.063492063492063,0.25904174510586153,0.1447527126014391,1.40369520339441,92.33137561182355,0.12188525699957609,0.22992776000000958
table/test/table_0490.obj,32,252,28751,6.228552859618717,7.875,4.063492063492063,0.11736083078960091,0.0388617281963334,1.1054921681113974,102.87448202077921,0.0969465040002433,0.18533298900001682
table/test/table_0491.obj,32,252,28803,6.223638720829732,7.875,4.063492063492063,0.11138524858686835,0.025840853334289444,0.7360291949004666,95.76248014437678,0.16531248399996912,0.31566061200010154
table/test/table_0492.obj,32,252,28746,6.179277730008598,7.875,4.063492063492063,0.152179858352803,0.047083825672833896,0.8934263453321736,91.35617924243596,0.08332416499979445,0.19279529899995396
tentt/test/tent_0164.obj,32,252,28650,6.206672443674177,7.875,4.063492063492063,0.06278627571329493,0.008810718579503912,0.556713204865945,91.86584550400954,0.23013645499986524,0.34542605700016793
tentt/test/tent_0165.obj,32,252,28560,6.139294926913156,7.875,4.063492063492063,0.13402566275928973,0.08170026004757772,1.3920061834574082,86.22169816392699,0.28712134199986394,0.287467407999884
tentt/test/tent_0166.obj,32,252,28533,6.149353448275862,7.875,4.063492063492063,0.10519377656276403,0.048288276229139525,1.2827773662123023,77.83016124211662,0.15328661200010174,0.29724380400011796
tentt/test/tent_0167.obj,32,252,28723,6.174333619948409,7.875,4.063492063492063,0.07963121419476363,0.01239864018457415,0.8407358645587562,100.60232873425626,0.3419721820000632,0.44863874899965595
tentt/test/tent_0168.obj,32,252,28700,6.201382886776146,7.875,4.063492063492063,0.061522741907856705,0.010001273489901584,0.7366064126749061,97.7182960329994,0.2576541499997802,0.4670531629999459
tentt/test/tent_0169.obj,32,252,28677,6.180387931034483,7.875,4.063492063492063,0.08912265160129387,0.023282355087719864,1.1908754888489124,82.51738385946032,0.19884327799991297,0.35986884800013286
tentt/test/tent_0170.obj,32,248,28363,6.241857394366197,7.75,4.129032258064516,0.019164912241636217,0.0008981384605482748,0.19174822515578338,97.12020168584009,0.11591257999998561,0.22434869600010643
tentt/test/tent_0171.obj,32,248,28433,6.175716768027802,7.75,4.129032258064516,0.044535538705642405,0.007635663579569517,0.7239686417831288,91.77131105198846,0.07466056700013723,0.17173982400026944
tentt/test/tent_0172.obj,32,232,27361,6.201495920217589,7.25,4.413793103448276,0.05195585468708436,0.007677119306182419,0.7370714147384996,85.79764463308322,0.09103223900001467,0.42000698099991496
tentt/test/tent_0173.obj,32,252,28628,6.169827586206897,7.875,4.063492063492063,0.2405496015110855,0.10184963419949476,1.3350711254404404,90.82271491893019,0.1713871110000582,0.37652696899976945
tentt/test/tent_0174.obj,32,252,28558,6.138865004299226,7.875,4.063492063492063,0.11177646844235904,0.05626709643601404,1.557156948538356,89.7218471299528,0.07053330300004745,0.22901939500025037
tentt/test/tent_0175.obj,32,234,27455,6.222801450589302,7.3125,4.3760683760683765,0.04485109322841212,0.009247242284347083,0.7866569410111451,78.5990941279543,0.0815106720001495,0.5194061739998688
tentt/test/tent_0176.obj,32,252,28663,6.161435941530525,7.875,4.063492063492063,0.05136155569349668,0.004713446312422951,0.17676683294704504,104.44042135795547,0.11171251199994003,0.26312516400003005
tentt/test/tent_0177.obj,32,252,28607,6.149398108340499,7.875,4.063492063492063,0.06154789085119592,0.017415569854987902,1.1248540975414543,95.72078106427796,0.16810505700004796,0.1849427199999809
tentt/test/tent_0178.obj,32,252,28648,6.174137931034482,7.875,4.063492063492063,0.0366540287071985,0.0027010581107371613,0.24875291971497157,92.03406829015196,0.09977553499993519,0.3051996260001033
tentt/test/tent_0179.obj,32,252,28583,6.144239036973345,7.875,4.063492063492063,0.1011547987682628,0.05751180966390523,1.2996613245931208,88.32508564519972,0.23138114199991833,0.30053426099993885
tentt/test/tent_0180.obj,32,252,28644,6.189282627484874,7.875,4.063492063492063,0.08511082851002148,0.023460634202804226,1.1013096526614123,84.88172856838611,0.13602503399988564,0.5136030859998755
tentt/test/tent_0181.obj,32,252,28627,6.153697334479793,7.875,4.063492063492063,0.05049341739287201,0.006106001692493479,0.7859034128673846,83.56081505842263,0.1425452450002922,0.22509691499999462
tentt/test/tent_0182.obj,32,250,28551,6.169187554019015,7.8125,4.096,0.034243084816985986,0.002547611292734916,0.19299352586598303,100.40177249146993,0.10877705100028834,0.28347485500034963
tentt/test/tent_0183.obj,32,236,27598,6.1878923766816145,7.375,4.338983050847458,0.07318366821465595,0.017318326110929087,1.0399513832765772,82.2058348904551,0.23939981200010152,0.2847502469999199
toilet/test/toilet_0345.obj,32,250,28566,6.172428694900605,7.8125,4.096,0.0463697211601071,0.004486518129089508,0.27481575520420565,90.67400775039496,0.1319668709998041,0.29650493999997707
toilet/test/toilet_0346.obj,32,252,28647,6.157996560619089,7.875,4.063492063492063,0.04797704712828327,0.006482791458980366,0.5637943327436504,82.5213214729487,0.22364772500031904,0.24073506400009137
toilet/test/toilet_0347.obj,32,252,28688,6.214904679376083,7.875,4.063492063492063,0.07317466091504951,0.009935000382567453,0.5562214574272504,84.95862522277804,0.16716870500022196,0.3569710380002107
toilet/test/toilet_0348.obj,32,252,28684,6.165950128976784,7.875,4.063492063492063,0.052227858632777804,0.005161202968724965,0.24676568322363343,87.6891862265067,0.1438898460000928,0.2239841189998515
toilet/test/toilet_0349.obj,32,252,28671,6.163155631986243,7.875,4.063492063492063,0.05281491714716638,0.005472296381733943,0.3028513240475061,81.42170910543327,0.15343188199994984,0.25322129099959056
toilet/test/toilet_0350.obj,32,252,28693,6.199870354364736,7.875,4.063492063492063,0.043515338049436046,0.0034560508467031707,0.2179211439913404,83.94161575348565,0.07130418599990662,0.16653617299971302
toilet/test/toilet_0351.obj,32,250,28621,6.216550825369244,7.8125,4.096,0.045052546019735115,0.004075494406625853,0.2877195996210504,86.95835062997028,0.11287975499999447,0.24095099700025457
toilet/test/toilet_0352.obj,32,252,28686,6.166380051590713,7.875,4.063492063492063,0.049672280417269093,0.004701548036270969,0.2757203311108235,91.60557268628776,0.08323513599998478,0.2552665479997813
toilet/test/toilet_0353.obj,32,252,28784,6.219533275713051,7.875,4.063492063492063,0.08902634935900482,0.019664628583662382,0.9909231626914011,88.24123746709229,0.21231383100030143,0.34063059100026294
toilet/test/toilet_0354.obj,32,252,28673,6.1795258620689655,7.875,4.063492063492063,0.05052633064297357,0.006091767010794866,0.5715370182236363,89.68054560192263,0.40572677599993767,0.2020711250002023
toilet/test/toilet_0355.obj,32,252,28726,6.190948275862069,7.875,4.063492063492063,0.05233949126022818,0.005326528144286573,0.3281825807268664,93.40892138179413,0.09246186200016382,0.21286613099982787
toilet/test/toilet_0356.obj,32,252,28695,6.1842672413793105,7.875,4.063492063492063,0.0701037890197114,0.01027363292286321,0.8250460149788376,93.49987763333408,0.11629487299978791,0.16773856899999373
toilet/test/toilet_0357.obj,32,250,28542,6.16724286949006,7.8125,4.096,0.03635294362778091,0.0029395903497766974,0.2473296112652621,89.29144667195288,0.12007405100030155,0.3902156499998455
toilet/test/toilet_0358.obj,32,252,28674,6.179741379310345,7.875,4.063492063492063,0.04171642288678425,0.003405629841632539,0.25612315381709017,96.23341441821816,0.0805930870001248,0.3409378349997496
toilet/test/toilet_0359.obj,32,250,28543,6.232096069868995,7.8125,4.096,0.0402775315778235,0.003030359624809678,0.19809724633091938,89.78726935439208,0.07965818999991825,0.19063085499965382
toilet/test/toilet_0360.obj,32,252,28725,6.174763542562339,7.875,4.063492063492063,0.06215024378535304,0.006730752895714271,0.23862324086848538,85.52411639960988,0.1425574959998812,0.35698924300004364
toilet/test/toilet_0361.obj,32,252,28676,6.1642304385210664,7.875,4.063492063492063,0.056947347566899925,0.007062442548822365,0.3558331207352763,82.24023093344269,0.1385576669999864,0.20083958700024596
toilet/test/toilet_0362.obj,32,252,28743,6.178632846087704,7.875,4.063492063492063,0.06694730481778695,0.007774091365357125,0.2508972482689906,89.5925058537501,0.1575803509999787,0.357317385999977
toilet/test/toilet_0363.obj,32,252,28709,6.203327571305099,7.875,4.063492063492063,0.05570583093272946,0.005697178588814375,0.27159409647250093,87.23985122628866,0.07430746599993654,0.18165431900024487
toilet/test/toilet_0364.obj,32,252,28718,6.221403812824956,7.875,4.063492063492063,0.07734583320754419,0.010143011463491738,0.3140592881241374,80.65394132951843,0.18819878000022072,0.5487168019999444
toilet/test/toilet_0365.obj,32,252,28718,6.189224137931035,7.875,4.063492063492063,0.06269273555143673,0.007229330248651404,0.3137072302679683,84.35245410955467,0.09631538900021042,0.441859019000276
toilet/test/toilet_0366.obj,32,252,28659,6.160576096302665,7.875,4.063492063492063,0.05287229462644803,0.0054103035725796885,0.2597701868519063,84.4320098910031,0.26724234700031957,0.2947882899998149
toilet/test/toilet_0367.obj,32,252,28658,6.1923076923076925,7.875,4.063492063492063,0.049164713709269364,0.004656824122372101,0.33821716637418625,86.69018525402214,0.2695833689999745,0.4359336140000778
toilet/test/toilet_0368.obj,32,252,28676,6.180172413793104,7.875,4.063492063492063,0.04674982313709453,0.004297631882029967,0.2847823999888896,88.8652587457824,0.14238775700005135,0.3290819950002515
toilet/test/toilet_0369.obj,32,252,28663,6.177370689655173,7.875,4.063492063492063,0.043662232894652514,0.003857438087686067,0.2584489874892727,88.25828346232694,0.16293194399986533,0.44634464199998547
toilet/test/toilet_0370.obj,32,252,28653,6.159286328460877,7.875,4.063492063492063,0.048557217495971375,0.004574124335036812,0.26274014988222405,86.81450024317503,0.274688889999652,0.23576681599979565
toilet/test/toilet_0371.obj,32,252,28766,6.1995689655172415,7.875,4.063492063492063,0.08180578901992855,0.011623062837309035,0.34530255132211946,84.97502719039508,0.08716777399968123,0.19866635000016686
toilet/test/toilet_0372.obj,32,250,28542,6.16724286949006,7.8125,4.096,0.03540614387322691,0.002548159355360117,0.1993552486943747,87.080636993025,0.06886651199965854,0.16234786399991208
toilet/test/toilet_0373.obj,32,252,28642,6.156921754084265,7.875,4.063492063492063,0.06291527136896893,0.010053443517110036,0.9792040245890924,86.52873738929156,0.07229966400018384,0.3399459160000333
toilet/test/toilet_0374.obj,32,252,28685,6.182112068965517,7.875,4.063492063492063,0.0537590386061038,0.005322417073444127,0.2982584399309271,86.45832833789757,0.075921272999949,0.19615563300021677
toilet/test/toilet_0375.obj,32,252,28652,6.175,7.875,4.063492063492063,0.03935163625057882,0.0030545395112004463,0.2905367241130416,87.85797075971729,0.19032645300012518,0.4082594930000596
toilet/test/toilet_0376.obj,32,252,28695,6.200302506482282,7.875,4.063492063492063,0.05256850151806396,0.005561703813987432,0.31653786735504014,90.08236981233982,0.17437801200003378,0.30710588399961125
toilet/test/toilet_0377.obj,32,252,28659,6.176508620689655,7.875,4.063492063492063,0.046993074654898576,0.004161088591242884,0.2952662191724817,85.87992827290176,0.07568862700009049,0.405821004000245
toilet/test/toilet_0378.obj,32,252,28654,6.191443388072601,7.875,4.063492063492063,0.04507869097143033,0.004055608935790734,0.35259853147833903,87.86174576802341,0.2192196099999819,0.33723536200022863
toilet/test/toilet_0379.obj,32,252,28699,6.169174548581255,7.875,4.063492063492063,0.052643351343204414,0.00516580349448377,0.27151876472709174,91.60966466988054,0.225943068000106,0.2831693120001546
toilet/test/toilet_0380.obj,32,252,28667,6.194252376836647,7.875,4.063492063492063,0.05966981708116419,0.007428472506483031,0.6267507040054922,79.42087572902237,0.12374348499997723,0.29317518400011977
toilet/test/toilet_0381.obj,32,252,28694,6.168099742046432,7.875,4.063492063492063,0.051375959324744744,0.004942834009235464,0.2783942676166347,91.65685656562513,0.0833509710000726,0.39753425299977607
toilet/test/toilet_0382.obj,32,252,28676,6.180172413793104,7.875,4.063492063492063,0.0454454583848486,0.0038293555723941143,0.30406273898130737,87.91220911192215,0.0887839739998526,0.44317830199997843
toilet/test/toilet_0383.obj,32,252,28668,6.1625107480653485,7.875,4.063492063492063,0.03888751599892016,0.003037458980428887,0.2335558817076097,92.65633136486835,0.11584173200026271,0.3029563580003014
toilet/test/toilet_0384.obj,32,252,28732,6.208297320656871,7.875,4.063492063492063,0.08677016070502677,0.01241408060301534,0.31049402397674225,76.68627162368759,0.18021936800005278,0.17190677700000379
toilet/test/toilet_0385.obj,32,252,28675,6.179956896551724,7.875,4.063492063492063,0.05132332920133438,0.00488768355590349,0.32770672522252076,85.43226204393397,0.10725240900001154,0.18176889699998355
toilet/test/toilet_0386.obj,32,252,28666,6.17801724137931,7.875,4.063492063492063,0.049336627103447384,0.004669223120912421,0.2928161401509189,88.496283204151,0.0789101280001887,0.24901020499964943
toilet/test/toilet_0387.obj,32,252,28691,6.199438202247191,7.875,4.063492063492063,0.04893883561904744,0.004553099750642824,0.2510293806433136,85.42137365140118,0.12747979899995698,0.17379065200020705
toilet/test/toilet_0388.obj,32,252,28654,6.191443388072601,7.875,4.063492063492063,0.047839939735122704,0.00428981287928357,0.2499613094558503,86.72403176779639,0.08034878199987361,0.2709449379999569
toilet/test/toilet_0389.obj,32,252,28677,6.180387931034483,7.875,4.063492063492063,0.055254243455300674,0.008170325016628505,0.6011071932531922,90.55285554271978,0.20380398199995398,0.28162100999998074
toilet/test/toilet_0390.obj,32,252,28667,6.178232758620689,7.875,4.063492063492063,0.047697319278886686,0.004378985327435681,0.30150810871336253,85.5435332764327,0.09871172499970271,0.29682507600000463
toilet/test/toilet_0391.obj,32,252,28742,6.194396551724138,7.875,4.063492063492063,0.07745404642852013,0.010814745232368788,0.4864114916612171,87.51784718819547,0.1543724220000513,0.4083304710002267
toilet/test/toilet_0392.obj,32,252,28666,6.17801724137931,7.875,4.063492063492063,0.061243562290250575,0.006599968058657538,0.2771073326255441,85.01615820958256,0.10381021500006682,0.21663610800032984
toilet/test/toilet_0393.obj,32,252,28714,6.1723989681857265,7.875,4.063492063492063,0.07054427020007975,0.009363418797574902,0.6045717265177394,84.36630501196798,0.08870474800005468,0.25860852899995734
toilet/test/toilet_0394.obj,32,252,28659,6.192523768366465,7.875,4.063492063492063,0.04184387712923459,0.0036369633549712408,0.3573428856816489,87.45448507462267,0.08802632599963545,0.2750266909997663
toilet/test/toilet_0395.obj,32,252,28710,6.1875,7.875,4.063492063492063,0.05142088572648171,0.0048106763133741876,0.33561467715660553,86.54658433205988,0.2240606509999452,0.31637162600009106
toilet/test/toilet_0396.obj,32,252,28671,6.163155631986243,7.875,4.063492063492063,0.05178899546255695,0.0052955544945745055,0.32009036770826127,85.91323252196122,0.1710162060003313,0.3887940790000357
toilet/test/toilet_0397.obj,32,252,28661,6.19295592048401,7.875,4.063492063492063,0.06199243158439206,0.008532062577495312,0.5037953523230491,81.85742543091153,0.07323934499981988,0.19300486899965108
toilet/test/toilet_0398.obj,32,252,28683,6.165735167669819,7.875,4.063492063492063,0.040564975256910774,0.0032688767061805884,0.2634579418366295,89.18823307693805,0.170477486999971,0.2829969419999543
toilet/test/toilet_0399.obj,32,252,28685,6.166165090283749,7.875,4.063492063492063,0.0466014244039531,0.00411670865851799,0.2583794769628897,88.29802470625907,0.0713198490002469,0.3448565690000578
toilet/test/toilet_0400.obj,32,250,28540,6.166810717372515,7.8125,4.096,0.051122002479388536,0.004691477062224291,0.2237137677257923,86.11874927274384,0.1720498059999045,0.24989134699990245
toilet/test/toilet_0401.obj,32,250,28534,6.165514261019879,7.8125,4.096,0.03657721090397277,0.0029236628189284906,0.332891381581611,93.68249881842173,0.1732552870003019,0.3853774849999354
toilet/test/toilet_0402.obj,32,252,28714,6.204407951598963,7.875,4.063492063492063,0.05661640614082458,0.005831968059742159,0.274371249574437,86.95144802247185,0.13020430300002772,0.23002803000008498
toilet/test/toilet_0403.obj,32,252,28691,6.199438202247191,7.875,4.063492063492063,0.046567921005054004,0.004693934042528467,0.3071939806956937,94.57184553610618,0.13913877499999217,0.21272514199972647
toilet/test/toilet_0404.obj,32,252,28696,6.168529664660361,7.875,4.063492063492063,0.051688116496230355,0.005023951043274487,0.3023503251983144,91.05772800055202,0.11384234399974957,0.2870694230000481
toilet/test/toilet_0405.obj,32,252,28716,6.172828890799656,7.875,4.063492063492063,0.07372542908915077,0.00966328484689388,0.31039022275618317,100.23377230843043,0.07122471100001349,0.3019680399997924
toilet/test/toilet_0406.obj,32,252,28682,6.197493517718237,7.875,4.063492063492063,0.0493360408477929,0.004545511191424106,0.3222533558826718,90.00878427650355,0.2277336999995896,0.26380140700030097
toilet/test/toilet_0407.obj,32,252,28706,6.202679343128781,7.875,4.063492063492063,0.05231602194614965,0.004737692200622944,0.20577640812259973,87.30364786720673,0.09450092999986737,0.21098877300028107
toilet/test/toilet_0408.obj,32,250,28538,6.16637856525497,7.8125,4.096,0.04034543692387156,0.0032703091111738777,0.2558635520301789,86.94132834206937,0.14742388700005904,0.4170303299997613
toilet/test/toilet_0409.obj,32,252,28697,6.184698275862069,7.875,4.063492063492063,0.041216819399025745,0.00347994042034649,0.3161531612215379,86.87899235852697,0.07721195300018735,0.17810439599998062
toilet/test/toilet_0410.obj,32,252,28723,6.190301724137931,7.875,4.063492063492063,0.055154363254470845,0.0055201268349170645,0.31293409464684013,88.78788229261647,0.07209777000025497,0.19454169699974955
toilet/test/toilet_0411.obj,32,252,28673,6.1795258620689655,7.875,4.063492063492063,0.04452044888591976,0.00379130027165433,0.2685320164237199,86.65679154529262,0.09947150900006818,0.16860514700010754
toilet/test/toilet_0412.obj,32,252,28641,6.1567067927773005,7.875,4.063492063492063,0.028769840782710852,0.001734455802024983,0.18219231086501456,86.85551386707087,0.07582364500012773,0.23171493400013787
toilet/test/toilet_0413.obj,32,252,28675,6.212088388214904,7.875,4.063492063492063,0.05102472682521548,0.004825258680209768,0.28951437118801726,84.79256115066362,0.0725872889997845,0.2843375009997544
toilet/test/toilet_0414.obj,32,252,28669,6.194684528954192,7.875,4.063492063492063,0.050724099550048196,0.005031413736183894,0.27458749067682287,86.769644378318,0.07585908900000504,0.18949123699985648
toilet/test/toilet_0415.obj,32,252,28676,6.1642304385210664,7.875,4.063492063492063,0.056947347566899925,0.007062442548822365,0.3558331207352763,82.24023093344269,0.14110545499988802,0.48543253600018943
toilet/test/toilet_0416.obj,32,252,28678,6.180603448275862,7.875,4.063492063492063,0.05300735048842633,0.005506188555818658,0.4299670602223797,91.44973047110236,0.1849601519998032,0.3784997050001948
toilet/test/toilet_0417.obj,32,252,28731,6.208081244598098,7.875,4.063492063492063,0.056362578815786,0.0060611783490678445,0.2445335729638541,88.97122216933822,0.16786658199998783,0.40214778099971227
toilet/test/toilet_0418.obj,32,252,28644,6.157351676698195,7.875,4.063492063492063,0.02990841440959724,0.0017854779853795802,0.16814118280437867,86.02692190188995,0.1390384549999908,0.22316341499981718
toilet/test/toilet_0419.obj,32,252,28702,6.201815038893691,7.875,4.063492063492063,0.04088781719605581,0.0035844265709438577,0.34168539031742645,86.33545123012404,0.13149546800013923,0.3436298300002818
toilet/test/toilet_0420.obj,32,252,28651,6.158856405846947,7.875,4.063492063492063,0.030158272724615368,0.0018540260315681703,0.19362211027504106,90.4990494200921,0.07378205500026525,0.21116401199969914
toilet/test/toilet_0421.obj,32,252,28688,6.1987899740708725,7.875,4.063492063492063,0.040316150911345036,0.0034257265442571285,0.2608217697834441,88.04729350432372,0.2024872859997231,0.3860768019999341
toilet/test/toilet_0422.obj,32,252,28675,6.179956896551724,7.875,4.063492063492063,0.057228729958114816,0.011784531943724136,1.2197626516478668,91.1402280313511,0.2266586499999903,0.17781724500036944
toilet/test/toilet_0423.obj,32,252,28715,6.188577586206897,7.875,4.063492063492063,0.06001051671610111,0.00671061919828334,0.46447700280908666,93.0596422264268,0.09251485000004323,0.17218261300013182
toilet/test/toilet_0424.obj,32,252,28634,6.155202063628547,7.875,4.063492063492063,0.0394148936254836,0.002712876570204209,0.19976945754274056,84.86018286933262,0.24350557799971284,0.3419991929999924
toilet/test/toilet_0425.obj,32,242,27978,6.173433362753751,7.5625,4.231404958677686,0.03387951559217539,0.0024097792421527015,0.23777180684404609,90.1746663691633,0.2366182989999288,0.3072132270003749
toilet/test/toilet_0426.obj,32,252,28657,6.176077586206897,7.875,4.063492063492063,0.05145596492313677,0.004967175194406046,0.2874584182582354,87.45624490155149,0.1950786299998981,0.3537931139999273
toilet/test/toilet_0427.obj,32,252,28669,6.178663793103448,7.875,4.063492063492063,0.04805726465808022,0.004480699347765689,0.4200207936492921,85.15826008551551,0.18695519300035812,0.4051317309999831
toilet/test/toilet_0428.obj,32,252,28629,6.1700431034482754,7.875,4.063492063492063,0.04432217920591866,0.0038898742707663067,0.26414877131028,89.6911709486941,0.08937155800003893,0.33411062000004677
toilet/test/toilet_0429.obj,32,252,28677,6.196413137424373,7.875,4.063492063492063,0.05224583163756165,0.00501899651862036,0.2906435043657784,86.03666255916112,0.11745821900012743,0.3160352419999981
toilet/test/toilet_0430.obj,32,252,28666,6.162080825451419,7.875,4.063492063492063,0.025308805295801463,0.001421811649361217,0.20061250135398148,91.91921834647451,0.15965772300023673,0.22759355500011225
toilet/test/toilet_0431.obj,32,252,28688,6.166809974204643,7.875,4.063492063492063,0.0550267815958444,0.0060756714740202705,0.31103073596177144,91.48776713832996,0.07196971800021856,0.1862715509996633
toilet/test/toilet_0432.obj,32,250,28541,6.199174630755865,7.8125,4.096,0.04368636089307126,0.003900938898573386,0.45170898015526106,88.1908691306163,0.07649474600020767,0.3246898299998975
toilet/test/toilet_0433.obj,32,252,28664,6.161650902837489,7.875,4.063492063492063,0.040543579423207764,0.0032782968842152817,0.22809643006679828,85.94926967027442,0.08498866099989755,0.21973343399986334
toilet/test/toilet_0434.obj,32,250,28538,6.182409012131716,7.8125,4.096,0.031001232423036547,0.0023028561009152556,0.22080895522226096,86.59604777327607,0.12415409400000499,0.17938227599961465
toilet/test/toilet_0435.obj,32,252,28692,6.199654278305964,7.875,4.063492063492063,0.0509050878577466,0.004792540048311616,0.26999286310922477,91.04480946413497,0.11633212900005674,0.18865828699972553
toilet/test/toilet_0436.obj,32,252,28658,6.1923076923076925,7.875,4.063492063492063,0.06069740035142568,0.010407245098282267,0.794801369590379,83.76871323801261,0.08331578299976172,0.16909267900018676
toilet/test/toilet_0437.obj,32,244,28177,6.184591747146619,7.625,4.19672131147541,0.05544434732040495,0.007437911797544358,0.35347479602450527,84.64258309487464,0.18264500799978123,0.7041031730000213
toilet/test/toilet_0438.obj,32,252,28719,6.189439655172414,7.875,4.063492063492063,0.05074318863602047,0.004634698018644237,0.33522447973288116,84.89042009276199,0.3058834339999521,0.3077730759996484
toilet/test/toilet_0439.obj,32,250,28553,6.1856585788561524,7.8125,4.096,0.04150463461875187,0.0036658877999139177,0.24133019136040706,86.80666878432076,0.23378612199985582,0.19151451300012923
toilet/test/toilet_0440.obj,32,252,28664,6.177586206896552,7.875,4.063492063492063,0.046455915595404684,0.003991069616568055,0.2651558367701131,89.14386092266179,0.0948530440000468,0.43470368399994186
toilet/test/toilet_0441.obj,32,252,28663,6.177370689655173,7.875,4.063492063492063,0.04659642145814637,0.004095787100743241,0.2698484536658926,89.0151001278468,0.1478994900003272,0.3167573129999255
toilet/test/toilet_0442.obj,32,252,28658,6.176293103448276,7.875,4.063492063492063,0.04585835969686661,0.0038587852141166307,0.26643391289549223,86.85772649713883,0.1164473970002291,0.3382125630000701
toilet/test/toilet_0443.obj,32,252,28676,6.180172413793104,7.875,4.063492063492063,0.04616792878559234,0.0041574221685271116,0.2485697788880652,82.95717618796266,0.184543482999743,0.4457128539997939
toilet/test/toilet_0444.obj,32,252,28673,6.1795258620689655,7.875,4.063492063492063,0.04882378367753046,0.004556177872898938,0.32330368649373703,82.88535793729173,0.2865810399998736,0.32677643799979705
tv_stand/test/tv_stand_0268.obj,32,234,27456,6.189359783588818,7.3125,4.3760683760683765,0.033159417363940694,0.003181190358607399,0.5405024360498788,89.59673269018342,0.15278112199985117,0.22060942000007344
tv_stand/test/tv_stand_0269.obj,32,250,28583,6.176101987899741,7.8125,4.096,0.02282040637401494,0.0016146384151520033,0.4642690934680449,100.57454567289057,0.12127119500019035,0.23885890900010054
tv_stand/test/tv_stand_0270.obj,32,252,28767,6.215859982713916,7.875,4.063492063492063,0.030478420050523283,0.002107249424688611,0.48059249180740976,87.75647860607148,0.10111108799992508,0.1858878759999243
tv_stand/test/tv_stand_0271.obj,32,252,28698,6.2009507346585995,7.875,4.063492063492063,0.04128155116943952,0.003931923436118161,0.5456501240211122,88.8069340304992,0.07465273400021033,0.17515740700036986
tv_stand/test/tv_stand_0272.obj,32,246,28327,6.217515364354697,7.6875,4.162601626016261,0.048574228582403074,0.004764152659574558,0.3309493261302063,87.2451748763473,0.07464474400012477,0.1960955859999558
tv_stand/test/tv_stand_0273.obj,32,246,28355,6.191048034934497,7.6875,4.162601626016261,0.02443997679140482,0.0013898943418775788,0.2382304259382027,90.31154237099246,0.07912045800003398,0.2267271770001571
tv_stand/test/tv_stand_0274.obj,32,248,28428,6.206986899563319,7.75,4.129032258064516,0.04311678585041506,0.00427716229019527,0.5068896001976554,93.22177544593255,0.18751520099976915,0.2300534940000034
tv_stand/test/tv_stand_0275.obj,32,252,28743,6.194612068965517,7.875,4.063492063492063,0.024873869787969002,0.0013672562062814505,0.18927720666192713,98.22743096556269,0.15172533199984173,0.4463603240001248
tv_stand/test/tv_stand_0276.obj,32,248,28469,6.199695121951219,7.75,4.129032258064516,0.026842829766805437,0.0017124745604900629,0.18739450567810348,93.72041500471099,0.16716163499995673,0.3888947800001006
tv_stand/test/tv_stand_0277.obj,32,252,28651,6.158856405846947,7.875,4.063492063492063,0.11489746000569034,0.02968953711697554,0.7783055621272921,93.37375266298248,0.07602748399995107,0.31782286699990436
tv_stand/test/tv_stand_0278.obj,32,250,28581,6.191724436741768,7.8125,4.096,0.030530138857660746,0.003526559545215819,0.6787211547301467,98.77174937413005,0.16082324199987852,0.49784818499983885
tv_stand/test/tv_stand_0279.obj,32,240,27913,6.191881100266193,7.5,4.266666666666667,0.022467664826575473,0.0011213706241516982,0.1491639225832411,99.14058857721673,0.11123799899996811,0.34933221999972375
tv_stand/test/tv_stand_0280.obj,32,244,28164,6.19806338028169,7.625,4.19672131147541,0.04162573877447792,0.004319223688005467,0.3815911497966745,92.50832608264315,0.1963956579998012,0.49237210100000084
tv_stand/test/tv_stand_0281.obj,32,252,28733,6.192456896551724,7.875,4.063492063492063,0.02861355533573043,0.0022404998035094378,0.5421316604498205,88.62154632699159,0.07594631399979335,0.5475558220000494
tv_stand/test/tv_stand_0282.obj,32,250,28615,6.183016421780467,7.8125,4.096,0.04865736778276602,0.00746261731370814,0.673547419660535,94.24327144643608,0.23085805799973969,0.25374270299971613
tv_stand/test/tv_stand_0283.obj,32,252,28626,6.169396551724138,7.875,4.063492063492063,0.04072421607851496,0.004650509887036009,0.6575352161017053,85.5113551811466,0.17103436100023828,0.29647524499978317
tv_stand/test/tv_stand_0284.obj,32,244,28076,6.195057369814651,7.625,4.19672131147541,0.042076751126067,0.010420522866985023,0.9795848407312144,95.91578139520088,0.22536101900004724,0.35409302400012166
tv_stand/test/tv_stand_0285.obj,32,248,28433,6.175716768027802,7.75,4.129032258064516,0.045099334196775684,0.008383609733231857,1.1383954907100498,92.92395872154478,0.13303493600005822,0.23757119199990484
tv_stand/test/tv_stand_0286.obj,32,252,28769,6.2002155172413795,7.875,4.063492063492063,0.03937296033442402,0.0031978966159161995,0.45221271824424086,92.15170182330786,0.1302047579997634,0.3143700959999478
tv_stand/test/tv_stand_0287.obj,32,240,27869,6.182120674356699,7.5,4.266666666666667,0.03876493930220101,0.007214521768833547,0.8773125556495018,92.5421739049405,0.13206690400011212,0.4367567960002816
tv_stand/test/tv_stand_0288.obj,32,250,28547,6.200477845351868,7.8125,4.096,0.050164078430274664,0.0062778329948045405,0.5701858424781169,88.76845354109177,0.1748540530002174,0.5591760810002597
tv_stand/test/tv_stand_0289.obj,32,242,28054,6.206637168141593,7.5625,4.231404958677686,0.023042073221730866,0.0014080310152835244,0.2870510753754252,83.26037500286928,0.18057050300012634,0.446791544000007
tv_stand/test/tv_stand_0290.obj,32,244,28130,6.190580985915493,7.625,4.19672131147541,0.04595807819648018,0.006059515911289838,0.7902433682164606,91.1332026219336,0.12032136699963303,0.4729858260002402
tv_stand/test/tv_stand_0291.obj,32,240,27859,6.179902395740905,7.5,4.266666666666667,0.048517808301688704,0.006151075060754816,0.5765746488116213,89.06279220865584,0.3871922140001516,0.3415870580001865
tv_stand/test/tv_stand_0292.obj,32,252,28687,6.182543103448276,7.875,4.063492063492063,0.05820497808709686,0.009260199030529208,0.7731303061060677,85.2121616251784,0.19190172499975233,0.5474813300002097
tv_stand/test/tv_stand_0293.obj,32,250,28667,6.210355285961872,7.8125,4.096,0.02721611504498983,0.0014960071688201446,0.14081680374201228,92.26696622606946,0.31657364600005167,0.29245656800003417
tv_stand/test/tv_stand_0294.obj,32,252,28745,6.227253032928942,7.875,4.063492063492063,0.029465052820282132,0.0021779979805266582,0.3583306347051337,90.14640524905569,0.1473228290001316,0.4676310730001205
tv_stand/test/tv_stand_0295.obj,32,234,27477,6.194093778178539,7.3125,4.3760683760683765,0.0755774351346595,0.020548171114174445,1.1704905674219068,83.55140588493339,0.24902989500014883,0.19304975299974103
tv_stand/test/tv_stand_0296.obj,32,246,28275,6.189798598949212,7.6875,4.162601626016261,0.03364721184886002,0.002614457713483248,0.2324878157553823,91.10410015631155,0.08622898499970688,0.36704284400002507
tv_stand/test/tv_stand_0297.obj,32,248,28336,6.154648132059079,7.75,4.129032258064516,0.040271377811374576,0.0050433788891413225,0.5071822356769354,91.62410441298312,0.24420214800011308,0.3666734200000974
tv_stand/test/tv_stand_0298.obj,32,246,28362,6.225197541703248,7.6875,4.162601626016261,0.030669324424152482,0.002378502203127075,0.5681119896315109,104.84438684985425,0.19858781399989311,0.2608266380002533
tv_stand/test/tv_stand_0299.obj,32,250,28575,6.2065595134665505,7.8125,4.096,0.03180751025686023,0.003169148192325333,0.5076249952857517,82.16724036822481,0.1214417000001049,0.288592331000018
tv_stand/test/tv_stand_0300.obj,32,244,28189,6.20356514084507,7.625,4.19672131147541,0.04781703110072179,0.015599821978384765,1.115680453165417,95.26605524573165,0.15180113699989306,0.1806548709996605
tv_stand/test/tv_stand_0301.obj,32,242,28009,6.18027360988526,7.5625,4.231404958677686,0.03299349916673556,0.0022145746254280015,0.2266157810894951,89.31419976851868,0.15905003299985765,0.23618990599970857
tv_stand/test/tv_stand_0302.obj,32,242,28082,6.245996441281139,7.5625,4.231404958677686,0.025411521161274386,0.0014171169305010798,0.14851954659202202,99.39518720757374,0.10900214399998731,0.2304977440003313
tv_stand/test/tv_stand_0303.obj,32,252,28794,6.221694036300778,7.875,4.063492063492063,0.029416992176227612,0.001726166959450349,0.20718974482161903,99.75844990167313,0.08160408599997027,0.24289031499984048
tv_stand/test/tv_stand_0304.obj,32,246,28303,6.179694323144105,7.6875,4.162601626016261,0.04373310615152055,0.007114605834603676,0.6116318761624184,90.05953820646135,0.1256424559996958,0.2797745070001838
tv_stand/test/tv_stand_0305.obj,32,240,27899,6.188775510204081,7.5,4.266666666666667,0.02806514810323578,0.0016403978373822421,0.17131567699496397,90.8061480646083,0.29809945900024104,0.4790495610000107
tv_stand/test/tv_stand_0306.obj,32,252,28750,6.2121866897147795,7.875,4.063492063492063,0.03528793231559346,0.0028631993084183563,0.3516977718926477,92.4805228119209,0.2391399690000071,0.46765353699993284
tv_stand/test/tv_stand_0307.obj,32,246,28328,6.217734855136085,7.6875,4.162601626016261,0.022041808537620517,0.001373859895125588,0.4326569208335952,100.2471382574196,0.2631738900004166,0.3546551570002521
tv_stand/test/tv_stand_0308.obj,32,248,28379,6.196288209606987,7.75,4.129032258064516,0.02902887756249129,0.0027729932943322284,0.42415775095610464,92.67439336363157,0.19216826100000617,0.3236196419998123
tv_stand/test/tv_stand_0309.obj,32,252,28729,6.191594827586207,7.875,4.063492063492063,0.04849266628633519,0.005461583197723366,0.6468835889825282,105.25697996720662,0.20189721399992777,0.4387771720003002
tv_stand/test/tv_stand_0310.obj,32,238,27763,6.19157002676182,7.4375,4.302521008403361,0.03613167553762476,0.003680533829708007,0.649710124374489,91.3313612239193,0.15220260900014182,0.2808783069999663
tv_stand/test/tv_stand_0311.obj,32,240,27885,6.202179715302491,7.5,4.266666666666667,0.03932440522548117,0.003401888601511112,0.5178917956336188,87.89005313532897,0.26277731199979826,0.4835813350000535
tv_stand/test/tv_stand_0312.obj,32,248,28462,6.182015638575152,7.75,4.129032258064516,0.05075610089988643,0.007034441301283123,0.534598988918935,88.58599563344686,0.1494315549998646,0.2935123649999696
tv_stand/test/tv_stand_0313.obj,32,248,28453,6.180060816681147,7.75,4.129032258064516,0.03776606807215763,0.0036660920971250963,0.3245492374209308,89.37219073858856,0.17610697200007053,0.644100471999991
tv_stand/test/tv_stand_0314.obj,32,252,28799,6.238951473136915,7.875,4.063492063492063,0.04291293810525295,0.004150707364230363,0.3165401850977701,110.13500138477926,0.28161701099998027,0.6148302440001316
tv_stand/test/tv_stand_0315.obj,32,248,28430,6.191202090592334,7.75,4.129032258064516,0.03803888476244601,0.008714672240679682,0.9576840045452283,83.00044120928462,0.20853869699976713,0.36740889300017443
tv_stand/test/tv_stand_0316.obj,32,252,28741,6.210242005185825,7.875,4.063492063492063,0.0444283750454436,0.004097429988955614,0.2671451334108161,95.08930500940266,0.088498601000083,0.3543008209999243
tv_stand/test/tv_stand_0317.obj,32,252,28687,6.182543103448276,7.875,4.063492063492063,0.07373326084426958,0.02589634338449554,1.1444179552806157,91.94852993763773,0.14221309100003054,0.36250639199988655
tv_stand/test/tv_stand_0318.obj,32,252,28558,6.202867072111208,7.875,4.063492063492063,0.05142532862015271,0.005865253101433489,0.5638820685203773,90.73632407751582,0.11966313199991419,0.4625361819998943
tv_stand/test/tv_stand_0319.obj,32,250,28644,6.2215464813205905,7.8125,4.096,0.021657688380219628,0.0011672311514505222,0.1832413998352697,93.16015296504759,0.08980095000015353,0.3232271159999982
tv_stand/test/tv_stand_0320.obj,32,252,28813,6.209698275862069,7.875,4.063492063492063,0.047771513253130206,0.004470239363096852,0.2747437193156444,82.97023003406146,0.23575002899997344,0.3190481510000609
tv_stand/test/tv_stand_0321.obj,32,252,28676,6.180172413793104,7.875,4.063492063492063,0.052006930969425394,0.009257441227533832,0.8159805206027816,86.14061771847597,0.16863196099984634,0.30968434800024625
tv_stand/test/tv_stand_0322.obj,32,250,28590,6.226045296167247,7.8125,4.096,0.04511852923235807,0.006669660217914545,0.7157338712803054,91.29481155183578,0.2914992959999836,0.3346112809999795
tv_stand/test/tv_stand_0323.obj,32,252,28800,6.190885640584694,7.875,4.063492063492063,0.05073649949904083,0.00479395269215546,0.3523992556228166,91.26125494895743,0.1655050320000555,0.27172172200016576
tv_stand/test/tv_stand_0324.obj,32,252,28663,6.161435941530525,7.875,4.063492063492063,0.04898141616940242,0.0050860184807946865,0.39032251754089115,87.81163338710738,0.23269854199998008,0.4760455800001182
tv_stand/test/tv_stand_0325.obj,32,246,28317,6.198992994746059,7.6875,4.162601626016261,0.05041899971625101,0.006598631613862956,0.7624873674470166,93.77426215115743,0.10231697600011103,0.4130251949995909
tv_stand/test/tv_stand_0326.obj,32,252,28684,6.197925669835782,7.875,4.063492063492063,0.04732186383123602,0.00809340102564432,0.8313090677693307,93.81695798376415,0.15795887400008723,0.28636668799981635
tv_stand/test/tv_stand_0327.obj,32,252,28748,6.195689655172414,7.875,4.063492063492063,0.04549665826139645,0.0036262088229827927,0.1935194693642487,90.88588889411066,0.11065872400013177,0.3404748230000223
tv_stand/test/tv_stand_0328.obj,32,252,28692,6.215771230502599,7.875,4.063492063492063,0.043603623337252796,0.014529873417556165,1.123653973262675,88.40810127098793,0.22432922000007238,0.4663942130000578
tv_stand/test/tv_stand_0329.obj,32,252,28773,6.185081685296646,7.875,4.063492063492063,0.0397796164025472,0.004148382917900291,0.627674158917014,92.74964030817287,0.18643886200015913,0.25710105999996813
tv_stand/test/tv_stand_0330.obj,32,250,28583,6.208297132927889,7.8125,4.096,0.02924517737390964,0.0019183272262054216,0.20306686759380568,85.03742114656325,0.1537525190001361,0.4128208439997252
tv_stand/test/tv_stand_0331.obj,32,248,28480,6.2020905923344944,7.75,4.129032258064516,0.039644452826082706,0.004198774489405972,0.6052354180925719,85.64402620707716,0.1328956779998407,0.24057992999996713
tv_stand/test/tv_stand_0332.obj,32,252,28751,6.212402765773552,7.875,4.063492063492063,0.03309039869214202,0.002313562501461922,0.25379755371106877,94.8968455318615,0.10752964299990708,0.22666268299963122
tv_stand/test/tv_stand_0333.obj,32,252,28729,6.207649092480553,7.875,4.063492063492063,0.03820299273273859,0.002865943341058497,0.32936501714439465,86.4117074770733,0.15871139999990191,0.27149220999990575
tv_stand/test/tv_stand_0334.obj,32,250,28552,6.185441941074523,7.8125,4.096,0.1329471557146616,0.044643508933958104,0.8390888833269998,85.72074364693071,0.07550753099985741,0.20395702599989818
tv_stand/test/tv_stand_0335.obj,32,252,28698,6.217071057192374,7.875,4.063492063492063,0.04151798225783346,0.00350047129736871,0.2826998875752149,88.6030395847886,0.1704987739999524,0.206769543000064
tv_stand/test/tv_stand_0336.obj,32,248,28328,6.1529105125977415,7.75,4.129032258064516,0.043298248752235965,0.00494578690088473,0.6918321843987367,90.43651218169737,0.2072510030002377,0.33673038500000985
tv_stand/test/tv_stand_0337.obj,32,250,28524,6.179376083188908,7.8125,4.096,0.03400053545059997,0.0023257743661521607,0.34329799026235436,80.11663667084764,0.06937287000027936,0.2971832429998358
tv_stand/test/tv_stand_0338.obj,32,244,28117,6.171422300263389,7.625,4.19672131147541,0.03866735954063323,0.0057018503359450474,0.7551083272662324,86.41123907869215,0.15270043800001076,0.23161159700021017
tv_stand/test/tv_stand_0339.obj,32,250,28479,6.153630077787382,7.8125,4.096,0.033904235138214146,0.0024271210188240304,0.2185915956981143,89.87403204320074,0.10410368900011235,0.354030339000019
tv_stand/test/tv_stand_0340.obj,32,252,28728,6.191379310344828,7.875,4.063492063492063,0.030271680074466456,0.0020385462852534585,0.2770664676132269,96.37652422370755,0.206516535999981,0.3301181460001317
tv_stand/test/tv_stand_0341.obj,32,232,27399,6.227045454545454,7.25,4.413793103448276,0.04218325875987353,0.007682676942643673,0.79575658341437,88.76897154749409,0.08674069399967266,0.25048049600036393
tv_stand/test/tv_stand_0342.obj,32,252,28818,6.226879861711322,7.875,4.063492063492063,0.08075270269737085,0.01397376073679401,0.9023893790859051,90.52528091483862,0.19287498199992115,0.38197068699992087
tv_stand/test/tv_stand_0343.obj,32,240,27928,6.211743772241993,7.5,4.266666666666667,0.01906132990239258,0.0010519633634920485,0.2732585917293693,88.44637281035489,0.21165441799985274,0.22642134099987743
tv_stand/test/tv_stand_0344.obj,32,248,28418,6.188588850174216,7.75,4.129032258064516,0.1781291037544744,0.09781675130347338,1.3877984004961716,90.08202765132518,0.11741530800009059,0.19806697600006373
tv_stand/test/tv_stand_0345.obj,32,226,26941,6.207603686635944,7.0625,4.530973451327434,0.0338949776396332,0.0037698270940449536,0.6290293512080638,90.84647552404954,0.08369721899998694,0.17774334400019143
tv_stand/test/tv_stand_0346.obj,32,242,28052,6.222715173025732,7.5625,4.231404958677686,0.024456442030720168,0.0016597326830492514,0.28290790990185666,88.14880890342211,0.2453961790001813,0.41184375200009526
tv_stand/test/tv_stand_0347.obj,32,252,28802,6.191315563198624,7.875,4.063492063492063,0.041225346567759266,0.00488151372507244,0.6897639989790433,89.64753954064244,0.2106148600000779,0.3131419989999813
tv_stand/test/tv_stand_0348.obj,32,234,27488,6.213381555153707,7.3125,4.3760683760683765,0.04521392546507,0.004853184313072481,0.5432460192818857,92.14669734167386,0.12223258499989242,0.3762734609999825
tv_stand/test/tv_stand_0349.obj,32,234,27518,6.220162748643761,7.3125,4.3760683760683765,0.06456695199281536,0.011532075661416135,0.7098485398250994,85.71360953552296,0.07613751999997476,0.3246621429998413
tv_stand/test/tv_stand_0350.obj,32,240,27922,6.1938775510204085,7.5,4.266666666666667,0.02811516871852575,0.001814278638867344,0.303218484171824,95.0536211094998,0.15838908099976834,0.2460993210002016
tv_stand/test/tv_stand_0351.obj,32,252,28699,6.169174548581255,7.875,4.063492063492063,0.03702414861789542,0.0035234497294848303,0.5656423069275427,92.68002504782964,0.16752462500016918,0.39138127900014297
tv_stand/test/tv_stand_0352.obj,32,252,28786,6.203879310344828,7.875,4.063492063492063,0.07893523699148336,0.0134572136538299,0.5856607409060767,103.51108861791813,0.12729878600021038,0.5796150890000717
tv_stand/test/tv_stand_0353.obj,32,246,28327,6.217515364354697,7.6875,4.162601626016261,0.03147335667854846,0.0019786452535950844,0.19474785713498804,86.88635461278048,0.18065239699990343,0.19204065800022363
tv_stand/test/tv_stand_0354.obj,32,252,28797,6.222342264477096,7.875,4.063492063492063,0.07184702415658428,0.0080947074341854,0.3123442570500368,84.55110053546164,0.10130028899993704,0.21291629699999248
tv_stand/test/tv_stand_0355.obj,32,252,28766,6.183576956147894,7.875,4.063492063492063,0.044047486932702856,0.003978336260742858,0.42868458759625466,86.83674044059649,0.15679828900010762,0.27212374600003386
tv_stand/test/tv_stand_0356.obj,32,252,28658,6.224587315377932,7.875,4.063492063492063,0.04298721380218394,0.003556908343726359,0.47453437552259703,83.6993348740131,0.08463429300036296,0.2640835170000173
tv_stand/test/tv_stand_0357.obj,32,252,28827,6.24501733102253,7.875,4.063492063492063,0.0362400310765051,0.002622348057584535,0.21374085411613802,99.86676227522035,0.11348466800018286,0.6059788130000925
tv_stand/test/tv_stand_0358.obj,32,252,28723,6.222487001733103,7.875,4.063492063492063,0.085031135213641,0.047447214726005445,1.3031274377776847,90.86233901901782,0.15007733499987808,0.3306670850001865
tv_stand/test/tv_stand_0359.obj,32,250,28648,6.222415291051259,7.8125,4.096,0.03271834045333598,0.00245416747897514,0.39537320706544715,85.04709693403186,0.10074276600016674,0.3883264730002338
tv_stand/test/tv_stand_0360.obj,32,252,28707,6.202895419187554,7.875,4.063492063492063,0.04897243733520588,0.004570550120380806,0.23022675798724881,90.2560148431544,0.24062255900025775,0.22952971500035346
tv_stand/test/tv_stand_0361.obj,32,248,28453,6.196210801393728,7.75,4.129032258064516,0.035929124841654295,0.003144164802213944,0.4393996793890932,99.85640132566367,0.18166532699979143,0.26045812700022
tv_stand/test/tv_stand_0362.obj,32,252,28726,6.190948275862069,7.875,4.063492063492063,0.12766687564420662,0.05390552460842594,1.4219218032108678,89.8022169489144,0.21119026299993493,0.3541880630000378
tv_stand/test/tv_stand_0363.obj,32,252,28673,6.1955488331892825,7.875,4.063492063492063,0.04588662162578648,0.0044811713083564055,0.5107331732186926,88.64992102066915,0.12214138699982868,0.2534791520001818
tv_stand/test/tv_stand_0364.obj,32,252,28749,6.195905172413793,7.875,4.063492063492063,0.04326096446899355,0.003606915124917461,0.21607851177055404,98.51484361450241,0.07475022300013734,0.22654273699981786
tv_stand/test/tv_stand_0365.obj,32,250,28594,6.210686359687228,7.8125,4.096,0.06368024715145681,0.007494866380651876,0.41561220073529764,86.96070691947735,0.15508298600025228,0.3073613899996417
tv_stand/test/tv_stand_0366.obj,32,252,28678,6.180603448275862,7.875,4.063492063492063,0.03825981502469208,0.006567784292113316,0.6584680689166044,92.82454996783468,0.09147248799990848,0.2187212889998591
tv_stand/test/tv_stand_0367.obj,32,248,28421,6.173110338835795,7.75,4.129032258064516,0.030381641674712558,0.0019606615327334024,0.24267817780412354,96.71083070169594,0.13229684599991742,0.28604734400005327
vase/test/vase_0476.obj,32,236,27607,6.2066097122302155,7.375,4.338983050847458,0.04028723631168712,0.004143788491954889,0.45198306981867054,91.19706459675174,0.2062287489998198,0.33345312200026456
vase/test/vase_0477.obj,32,252,28658,6.176293103448276,7.875,4.063492063492063,0.11094295057617087,0.020841466042399597,0.42259411173160893,94.6856790220522,0.0937736859996221,0.1901789700000336
vase/test/vase_0478.obj,32,252,28663,6.161435941530525,7.875,4.063492063492063,0.05013512172303594,0.0049643279295873075,0.260311085804156,88.96455176106858,0.09811681300016062,0.5124177239999881
vase/test/vase_0479.obj,32,252,28639,6.172198275862069,7.875,4.063492063492063,0.06598879406286236,0.008041690915028404,0.32463434334435637,88.06276380586297,0.09312866200025383,0.4692984109997269
vase/test/vase_0480.obj,32,252,28680,6.197061365600692,7.875,4.063492063492063,0.12527196340723246,0.049209461368332624,1.7731301899323926,89.21466979052275,0.25524693700026546,0.45021355300013965
vase/test/vase_0481.obj,32,252,28708,6.187068965517241,7.875,4.063492063492063,0.032086211689295874,0.0018460924910571178,0.14635481691550503,88.37174209845742,0.11807845599969369,0.44678449599996384
vase/test/vase_0482.obj,32,252,28674,6.179741379310345,7.875,4.063492063492063,0.04902138322818558,0.004155635133871921,0.20568438484503992,85.1992718535098,0.1321605999996791,0.2991519940001126
vase/test/vase_0483.obj,32,252,28663,6.1933880726015555,7.875,4.063492063492063,0.029133166690675064,0.001605146791569682,0.13679384735830083,86.58567105375604,0.2916084939997745,0.21281875100021352
vase/test/vase_0484.obj,32,248,28447,6.178757602085144,7.75,4.129032258064516,0.042878075342737576,0.004222055579309973,0.4933969022016315,86.57758063688794,0.13369149399977687,0.3116455419999511
vase/test/vase_0485.obj,32,250,28565,6.172212618841832,7.8125,4.096,0.10175992510047656,0.01823800856919628,0.4068537005277394,98.7800086090192,0.0859807050001109,0.3974064920003002
vase/test/vase_0486.obj,32,252,28632,6.1706896551724135,7.875,4.063492063492063,0.030881330228214987,0.0018800368313910778,0.16261886486382135,87.65011682395797,0.1625183050000487,0.3725568309996561
vase/test/vase_0487.obj,32,252,28639,6.172198275862069,7.875,4.063492063492063,0.03065279278982375,0.0017579248040874487,0.12458009876101898,93.78984293560546,0.17831210899976213,0.3168220430002293
vase/test/vase_0488.obj,32,252,28653,6.191227312013829,7.875,4.063492063492063,0.05549531330334375,0.005651971725760991,0.2605339539124457,93.76894186005586,0.14933090499971513,0.20027758000014728
vase/test/vase_0489.obj,32,252,28662,6.161220980223559,7.875,4.063492063492063,0.07559845962635094,0.009717435108975608,0.2990084574334103,93.92911509046954,0.09360905499988803,0.18841613099993992
vase/test/vase_0490.obj,32,252,28667,6.178232758620689,7.875,4.063492063492063,0.22338037067205416,0.11405189943501891,1.3983661797636782,89.37448320758631,0.07840954199991756,0.17962068599990744
vase/test/vase_0491.obj,32,252,28641,6.172629310344828,7.875,4.063492063492063,0.02694707863306868,0.0014633155458992314,0.1391787350537264,88.85293641625432,0.1559471770001437,0.16859639099993728
vase/test/vase_0492.obj,32,252,28641,6.204722703639515,7.875,4.063492063492063,0.03912658152616813,0.0027436090219061793,0.1819161447500982,88.44443051239415,0.07356115599986879,0.16937426499998764
vase/test/vase_0493.obj,32,252,28653,6.159286328460877,7.875,4.063492063492063,0.04306543310099306,0.0032309192173540723,0.21338432431014903,84.78718786155378,0.11819404500010933,0.21273075899989635
vase/test/vase_0494.obj,32,252,28630,6.1543422184006875,7.875,4.063492063492063,0.02445599584583592,0.001179423433660341,0.13676261322295732,85.39261993082248,0.08516936500018346,0.4125416920001044
vase/test/vase_0495.obj,32,252,28601,6.14810834049871,7.875,4.063492063492063,0.06702628141191233,0.015655121713866873,0.9020003434976536,92.76242447681048,0.0842452490001051,0.4079179240002304
vase/test/vase_0496.obj,32,252,28653,6.159286328460877,7.875,4.063492063492063,0.05268566167964221,0.00509212284352846,0.2783744184560936,89.31651307883057,0.20405578199961383,0.415048084999853
vase/test/vase_0497.obj,32,252,28670,6.162940670679277,7.875,4.063492063492063,0.030758403233359127,0.0017893103890706426,0.1439712073468174,89.568977552299,0.17716055000028064,0.3725257649998639
vase/test/vase_0498.obj,32,252,28695,6.200302506482282,7.875,4.063492063492063,0.06606000815612166,0.008477463053533371,0.5440714087045252,89.65921939077596,0.1875873309995768,0.40461285499986843
vase/test/vase_0499.obj,32,252,28683,6.1977095937770095,7.875,4.063492063492063,0.03431401494948939,0.002206354588489113,0.2596584563452335,88.85613173494852,0.15268304299979718,0.16612131300007604
vase/test/vase_0500.obj,32,252,28621,6.1683189655172415,7.875,4.063492063492063,0.04148836460039476,0.0031555120157777576,0.18260133304148074,93.28731356599971,0.07522369100024662,0.19824795499971515
vase/test/vase_0501.obj,32,252,28644,6.157351676698195,7.875,4.063492063492063,0.05985058858827508,0.00658984506586421,0.3015895642888134,87.38382671154895,0.08073544300032154,0.16715129800013528
vase/test/vase_0502.obj,32,252,28680,6.165090283748925,7.875,4.063492063492063,0.04197551052582904,0.0030473528371178452,0.19181834014750196,90.6717800746704,0.07230999500006874,0.1760023789997831
vase/test/vase_0503.obj,32,252,28635,6.155417024935511,7.875,4.063492063492063,0.05653793034389647,0.006251450045647568,0.324046477296812,84.37065775036046,0.07384426399994481,0.3963176739998744
vase/test/vase_0504.obj,32,252,28648,6.174137931034482,7.875,4.063492063492063,0.0631494814352217,0.007582699545705469,0.3052812206836613,87.81503216286856,0.1749649319999662,0.32499297899994417
vase/test/vase_0505.obj,32,252,28668,6.1944684528954195,7.875,4.063492063492063,0.0803691015321324,0.01118316515924822,0.3679952523076981,84.4621423968018,0.07233589199995549,0.32213297400039664
vase/test/vase_0506.obj,32,250,28590,6.19367417677643,7.8125,4.096,0.03712623333820196,0.0025038843447634873,0.17804531895690015,87.59078695879543,0.2121902530002444,0.23380475600015416
vase/test/vase_0507.obj,32,252,28659,6.176508620689655,7.875,4.063492063492063,0.05501264873995626,0.0059399329716318975,0.30793656712317036,90.86127424527899,0.18124406600009024,0.4489376739998079
vase/test/vase_0508.obj,32,252,28664,6.161650902837489,7.875,4.063492063492063,0.04009930287395082,0.0031329350180758606,0.2661375695878584,84.57159565109721,0.1359772079999857,0.21844195900030172
vase/test/vase_0509.obj,32,252,28636,6.155631986242477,7.875,4.063492063492063,0.04641397455896523,0.004103529011323029,0.23388967922084475,89.92146425211075,0.14675540999996883,0.2540924189997895
vase/test/vase_0510.obj,32,252,28642,6.156921754084265,7.875,4.063492063492063,0.06607133901503193,0.011974020440495016,0.7470887267416757,90.49207948195371,0.10791280900002675,0.3583987779998097
vase/test/vase_0511.obj,32,252,28613,6.150687876182287,7.875,4.063492063492063,0.053954483545010076,0.007597337418922354,0.5817998906909713,90.01794885012137,0.17133374700006243,0.35281948500005456
vase/test/vase_0512.obj,32,252,28647,6.157996560619089,7.875,4.063492063492063,0.0409113409464784,0.003119981730088937,0.18684956172819864,90.27610296668797,0.12570154299964997,0.2949498049997601
vase/test/vase_0513.obj,32,252,28642,6.156921754084265,7.875,4.063492063492063,0.0501017727410767,0.004262963127387125,0.20065504148973676,93.34563423632551,0.07148825299964301,0.23982422600010977
vase/test/vase_0514.obj,32,252,28658,6.1923076923076925,7.875,4.063492063492063,0.043972007774068456,0.003524558251809186,0.2461892175139276,89.68214280973602,0.09685917199976757,0.17332017800026733
vase/test/vase_0515.obj,32,252,28662,6.177155172413793,7.875,4.063492063492063,0.046975270674602346,0.004613596468905132,0.5341487136580307,88.70408285370993,0.07227242999988448,0.18485996200024601
vase/test/vase_0516.obj,32,252,28668,6.178448275862069,7.875,4.063492063492063,0.06129784114208285,0.006752852238937936,0.4076401106642907,92.16589083351343,0.14985391800018988,0.2542616470000212
vase/test/vase_0517.obj,32,252,28636,6.171551724137931,7.875,4.063492063492063,0.05755556478905269,0.011125032125678119,0.8104452611748131,87.57061399224403,0.0839584840000498,0.2026586080000925
vase/test/vase_0518.obj,32,252,28652,6.159071367153913,7.875,4.063492063492063,0.0521024953545306,0.005151862378125645,0.2659123911680273,91.83491372170874,0.1515575420003188,0.3803048459999445
vase/test/vase_0519.obj,32,252,28650,6.174568965517241,7.875,4.063492063492063,0.02796807352628243,0.001544705080153043,0.16862825185240968,90.51538691046703,0.24395481200008362,0.2842185940003219
vase/test/vase_0520.obj,32,252,28650,6.174568965517241,7.875,4.063492063492063,0.03720607281529924,0.00273226132247365,0.18772044468121465,93.7929831877637,0.1874180489999162,0.38211271899990606
vase/test/vase_0521.obj,32,252,28631,6.154557179707653,7.875,4.063492063492063,0.04404537029304255,0.003291100537395107,0.17493161415138972,84.67127740801685,0.14909799799988832,0.2383497239998178
vase/test/vase_0522.obj,32,252,28636,6.155631986242477,7.875,4.063492063492063,0.0644562230590484,0.007232653642918108,0.2954894424605864,92.77049747324796,0.09790805800003,0.3808806279998862
vase/test/vase_0523.obj,32,252,28689,6.199006050129646,7.875,4.063492063492063,0.0823595754256991,0.012482273206715641,0.4015792071482527,83.1238092086561,0.10917431999996552,0.4080918989998281
vase/test/vase_0524.obj,32,252,28654,6.159501289767841,7.875,4.063492063492063,0.07063645845668245,0.009213246744377894,0.3732498860147571,92.00793242915354,0.20723042600002373,0.38125036900009945
vase/test/vase_0525.obj,32,252,28633,6.1549871023215825,7.875,4.063492063492063,0.05860642118765638,0.005868730875217441,0.2449955192414336,91.47887682029928,0.10115028000018356,0.3028466999999182
vase/test/vase_0526.obj,32,252,28660,6.1607910576096305,7.875,4.063492063492063,0.06182543322838688,0.006753470838646183,0.2875435878562622,87.97943548827419,0.08790454699965267,0.231599653000103
vase/test/vase_0527.obj,32,250,28558,6.170700086430424,7.8125,4.096,0.04546553449684351,0.0034210980125637678,0.15418229510940584,84.9811570318403,0.13840100300012637,0.3330332760001511
vase/test/vase_0528.obj,32,252,28661,6.161006018916595,7.875,4.063492063492063,0.0583296971543214,0.00636605037998586,0.2996014320102863,84.5516354874787,0.0739916159996028,0.23763327200003914
vase/test/vase_0529.obj,32,252,28664,6.161650902837489,7.875,4.063492063492063,0.09003944176630482,0.01466032668899864,0.3530856978966928,85.39285816055687,0.2069522550000329,0.18389558900025804
vase/test/vase_0530.obj,32,252,28686,6.246951219512195,7.875,4.063492063492063,0.048484106395161236,0.004750038150121249,0.5057104730666168,84.39346343028244,0.16972171399993385,0.1907926869998846
vase/test/vase_0531.obj,32,252,28638,6.187986171132239,7.875,4.063492063492063,0.05107576530414536,0.004882097733296726,0.24197707926257986,90.99818949693397,0.07108746299991253,0.17797876499980703
vase/test/vase_0532.obj,32,252,28633,6.1549871023215825,7.875,4.063492063492063,0.04971293803294304,0.0048669918282008865,0.25442050633062924,90.0655838045655,0.0792103529997803,0.19605050799964374
vase/test/vase_0533.obj,32,252,28622,6.168534482758621,7.875,4.063492063492063,0.050312402302744086,0.004947273397938449,0.25085372900228303,88.81957462132068,0.15275826999959463,0.16516835800030094
vase/test/vase_0534.obj,32,252,28655,6.175646551724138,7.875,4.063492063492063,0.10036132675765988,0.021137895125843742,0.6537099885528157,87.15953416546833,0.1424406729997827,0.1792374340002425
vase/test/vase_0535.obj,32,252,28680,6.181034482758621,7.875,4.063492063492063,0.058588745491000835,0.006078105238383284,0.26621250078255854,81.52142390655357,0.07780373599962331,0.20185316600009173
vase/test/vase_0536.obj,32,252,28649,6.190363007778738,7.875,4.063492063492063,0.05615956117813064,0.005730958673413701,0.3004302301330175,94.63220904752342,0.15889000000015585,0.31278148299998065
vase/test/vase_0537.obj,32,252,28638,6.17198275862069,7.875,4.063492063492063,0.0793334709522959,0.011829143956951216,0.39688016568971546,87.22792742021647,0.09257076499989125,0.4095888609999747
vase/test/vase_0538.obj,32,252,28667,6.162295786758383,7.875,4.063492063492063,0.04508382692384659,0.0036470082268304158,0.20438728837139464,90.60798591966875,0.14625354600002538,0.2132234079999762
vase/test/vase_0539.obj,32,252,28649,6.1584264832330184,7.875,4.063492063492063,0.06005123863947617,0.006976453018518029,0.3151229027095417,89.49308473438822,0.1481064160002461,0.20325909699977274
vase/test/vase_0540.obj,32,252,28671,6.163155631986243,7.875,4.063492063492063,0.03932791380804395,0.0031390377037333935,0.2208946319700712,91.57916155293447,0.06754517299987128,0.236469679000038
vase/test/vase_0541.obj,32,252,28638,6.1560619088564055,7.875,4.063492063492063,0.03329658386419157,0.0020973391729523236,0.14459675915342626,92.1464188230073,0.07365404500023942,0.1994621870003357
vase/test/vase_0542.obj,32,252,28668,6.1625107480653485,7.875,4.063492063492063,0.03454824606600746,0.002203813537874317,0.15316822763159807,87.43557781458145,0.07275059899984626,0.20956480599988936
vase/test/vase_0543.obj,32,252,28663,6.161435941530525,7.875,4.063492063492063,0.06190814382251465,0.007623275011687023,0.322006597768348,85.90428569652929,0.0855379930003437,0.18027019000010114
vase/test/vase_0544.obj,32,252,28658,6.176293103448276,7.875,4.063492063492063,0.042656370676138936,0.0038164187966397006,0.30619544505135354,88.52343226967929,0.17700358900037827,0.23934670800008462
vase/test/vase_0545.obj,32,244,28048,6.172535211267606,7.625,4.19672131147541,0.07726052792259835,0.011438017124905487,0.34316861794800146,86.81305743993042,0.15610473300012018,0.28435620500022196
vase/test/vase_0546.obj,32,252,28665,6.161865864144454,7.875,4.063492063492063,0.06523744644400577,0.007400220067588549,0.2821764957878484,79.24437520972367,0.16223285300020507,0.226228144000288
vase/test/vase_0547.obj,32,252,28644,6.157351676698195,7.875,4.063492063492063,0.03875103239657113,0.00261059429133202,0.20539017348702052,82.5317220100533,0.07431514400013839,0.30337652700018225
vase/test/vase_0548.obj,32,252,28643,6.157136715391229,7.875,4.063492063492063,0.08966236591562765,0.018781287272137213,0.8225444883003878,91.15395949111252,0.12521064399970783,0.36390619600024365
vase/test/vase_0549.obj,32,252,28633,6.170905172413793,7.875,4.063492063492063,0.04052984369378506,0.0030967641596816994,0.20192620049609075,91.76879125600135,0.07105743400006759,0.24391064699966591
vase/test/vase_0550.obj,32,252,28643,6.157136715391229,7.875,4.063492063492063,0.034410720138540976,0.00235462636536991,0.1758301057741507,86.30565678967662,0.1895373499996822,0.2188484809998954
vase/test/vase_0551.obj,32,252,28676,6.1642304385210664,7.875,4.063492063492063,0.06522433851065125,0.008333206407190121,0.31609302614341533,88.84596547758662,0.14568078699994658,0.2055783060000067
vase/test/vase_0552.obj,32,252,28650,6.158641444539983,7.875,4.063492063492063,0.028199224783863025,0.001762563685554856,0.17707920277845365,90.48526235161827,0.08888242900002297,0.35470807399997284
vase/test/vase_0553.obj,32,248,28367,6.161381407471763,7.75,4.129032258064516,0.07251429276382926,0.00977682117902697,0.3700999994880535,82.77387495370581,0.2505168060001779,0.18162845300003028
vase/test/vase_0554.obj,32,252,28660,6.192739844425238,7.875,4.063492063492063,0.05580731263616984,0.006251174557988638,0.3022884874217338,89.88559954047653,0.16691934699974809,0.2282273589999022
vase/test/vase_0555.obj,32,252,28632,6.1706896551724135,7.875,4.063492063492063,0.036519158227302576,0.002499211648660888,0.18178772476772492,87.93463077040592,0.1094215240000267,0.1958089739996467
vase/test/vase_0556.obj,32,252,28654,6.159501289767841,7.875,4.063492063492063,0.03399267938887017,0.0021697551109394796,0.15813009477497386,89.79488877509189,0.15274658199996338,0.25429474600014146
vase/test/vase_0557.obj,32,252,28643,6.157136715391229,7.875,4.063492063492063,0.045744810564943054,0.005414122213261984,0.5692851401284729,91.29658372153455,0.08438570600037565,0.2571937130001061
vase/test/vase_0558.obj,32,252,28686,6.166380051590713,7.875,4.063492063492063,0.06227750403109824,0.010808896422778172,0.739175928507953,89.79986546237632,0.16078251299995827,0.1929927010000938
vase/test/vase_0559.obj,32,252,28631,6.154557179707653,7.875,4.063492063492063,0.06811975516327812,0.008761978342416255,0.44564121749094643,87.56621639730287,0.0855158469998969,0.22661015999983647
vase/test/vase_0560.obj,32,252,28619,6.183880726015557,7.875,4.063492063492063,0.04482411864526979,0.003928948482629464,0.42138830491987744,95.94774005292408,0.11395322399994257,0.44760537999991357
vase/test/vase_0561.obj,32,252,28633,6.170905172413793,7.875,4.063492063492063,0.051051102334359943,0.005011640891465224,0.24428384136668596,86.9062785443447,0.13454697099996338,0.2565731300001062
vase/test/vase_0562.obj,32,252,28654,6.159501289767841,7.875,4.063492063492063,0.03889822090565267,0.0029114829363550603,0.22062763589704565,85.6636956228275,0.22093356200002745,0.1946266029999606
vase/test/vase_0563.obj,32,252,28636,6.171551724137931,7.875,4.063492063492063,0.05846685821758475,0.006455396275177341,0.31561706729271993,90.64564219230527,0.07388882700024624,0.18630306599970936
vase/test/vase_0564.obj,32,252,28644,6.173275862068966,7.875,4.063492063492063,0.03651293319865843,0.0025660061412041257,0.1783925621159216,91.71273144683042,0.1041664959998343,0.3906098219999876
vase/test/vase_0565.obj,32,252,28656,6.191875540190147,7.875,4.063492063492063,0.05267136479246137,0.005128766281929338,0.25904319232052964,90.8046132151043,0.16445856499967704,0.307283876999918
vase/test/vase_0566.obj,32,252,28655,6.159716251074807,7.875,4.063492063492063,0.05711734950577283,0.006117669277839407,0.30744181196670217,88.96833504569724,0.1896282229999997,0.2824112459998105
vase/test/vase_0567.obj,32,252,28649,6.174353448275862,7.875,4.063492063492063,0.03709501894417381,0.002268287744621724,0.17102285996959818,87.92048553157336,0.175556830000005,0.290454519999912
vase/test/vase_0568.obj,32,252,28712,6.171969045571797,7.875,4.063492063492063,0.03861070762652588,0.002483710786460174,0.1357552321701604,87.9459537238462,0.286141580000276,0.44099825100011003
vase/test/vase_0569.obj,32,252,28683,6.165735167669819,7.875,4.063492063492063,0.040286757175365714,0.002760623144399163,0.14886863048906762,89.43829987654212,0.17844380999986242,0.4320940010002232
vase/test/vase_0570.obj,32,252,28642,6.156921754084265,7.875,4.063492063492063,0.05429844879191971,0.005895715892904413,0.29010345878534133,89.0645534922702,0.09963702499999272,0.3146539509998547
vase/test/vase_0571.obj,32,252,28652,6.159071367153913,7.875,4.063492063492063,0.03274231182479024,0.002037039638270414,0.15146610868618257,89.24563022737686,0.12606559999994715,0.38227555200001007
vase/test/vase_0572.obj,32,252,28687,6.1985738980121,7.875,4.063492063492063,0.041795069142938776,0.0030594118371482775,0.17076714833777012,85.73588812832219,0.16668065700014267,0.37474550100023407
vase/test/vase_0573.obj,32,252,28652,6.159071367153913,7.875,4.063492063492063,0.06004678142247444,0.006679150884582461,0.28408412702544705,91.73346876418894,0.13743691500030764,0.1637906450000628
vase/test/vase_0574.obj,32,252,28640,6.156491831470335,7.875,4.063492063492063,0.02899499374785622,0.0017179850640130759,0.15098303517344966,91.2861265215725,0.07040951099997983,0.33419554700003573
vase/test/vase_0575.obj,32,252,28670,6.194900605012965,7.875,4.063492063492063,0.0420235282658982,0.0031540717076917416,0.21846234130376868,88.68706423869665,0.15932601000031354,0.19288833600012367
wardrobe/test/wardrobe_0088.obj,32,252,28679,6.196845289541919,7.875,4.063492063492063,0.06443772884831547,0.007256821666176753,0.45141893861980703,89.07232484626402,0.07361225500017099,0.1760632970003826
wardrobe/test/wardrobe_0089.obj,32,252,28838,6.215086206896552,7.875,4.063492063492063,0.08088553426658385,0.015315419017866178,1.0729758123175899,87.98274208860775,0.06911720700009027,0.19110134200036555
wardrobe/test/wardrobe_0090.obj,32,252,28791,6.188950988822012,7.875,4.063492063492063,0.05120382994916329,0.004655941699598376,0.3007602645859378,92.20839633716139,0.07297103300015806,0.17042317100003856
wardrobe/test/wardrobe_0091.obj,32,246,28279,6.174454148471615,7.6875,4.162601626016261,0.07254618691110251,0.03242410452912333,1.358238413677214,87.05891512835538,0.23012620100007553,0.5116871990003347
wardrobe/test/wardrobe_0092.obj,32,252,28774,6.2012931034482754,7.875,4.063492063492063,0.07190571203845869,0.010971553795475077,0.9545040436818831,75.78066400414151,0.17846083600034035,0.2824253379999391
wardrobe/test/wardrobe_0093.obj,32,252,28813,6.241984402079723,7.875,4.063492063492063,0.06840493150077112,0.007513453021351042,0.30601996850162166,95.18263788634049,0.12460045399984665,0.43222124299973075
wardrobe/test/wardrobe_0094.obj,32,252,28691,6.199438202247191,7.875,4.063492063492063,0.09116701650105773,0.016239832875309272,0.41909745266872445,87.37027654236755,0.1645783140002095,0.32442060600033074
wardrobe/test/wardrobe_0095.obj,32,252,28853,6.218318965517241,7.875,4.063492063492063,0.041017322298578636,0.003012567635857365,0.36955828490882053,81.60772652825516,0.22671587099966928,0.2837614449999819
wardrobe/test/wardrobe_0096.obj,32,252,28699,6.315801056338028,7.875,4.063492063492063,0.0676031230204032,0.012966452777879561,0.7032273497524449,87.26663837411724,0.21628136900017125,0.25584380999998757
wardrobe/test/wardrobe_0097.obj,32,252,28666,6.194036300777873,7.875,4.063492063492063,0.06034582318061693,0.006366080301255915,0.30537280388590926,87.04312286205936,0.11456970800009003,0.2539642910001021
wardrobe/test/wardrobe_0098.obj,32,252,28620,6.168103448275862,7.875,4.063492063492063,0.09497759141416039,0.032814335082632366,1.3073089632298913,95.55794144921079,0.14932339100005265,0.2562704950000807
wardrobe/test/wardrobe_0099.obj,32,252,28738,6.209593777009507,7.875,4.063492063492063,0.050740744418291475,0.005593169901562306,0.5456245713928175,80.95303036553977,0.12314564199959932,0.26420983400021214
wardrobe/test/wardrobe_0100.obj,32,252,28816,6.210344827586207,7.875,4.063492063492063,0.08321504224250872,0.010769604606097771,0.3829502978415977,111.60279825131519,0.12853647800011458,0.39646633599977577
wardrobe/test/wardrobe_0101.obj,32,250,28520,6.1785095320623915,7.8125,4.096,0.059705114259982026,0.009457267845395724,0.852070005540526,94.83870286240952,0.222884238000006,0.39577184799964016
wardrobe/test/wardrobe_0102.obj,32,248,28433,6.22438704028021,7.75,4.129032258064516,0.051655883824451056,0.007295388940515128,0.6815214382428586,90.83492341190393,0.07226016000004165,0.28714918600007877
wardrobe/test/wardrobe_0103.obj,32,252,28764,6.215211754537597,7.875,4.063492063492063,0.09314950379033064,0.02005873603862235,1.0345253033463655,86.34570776582666,0.1101945400000659,0.25744623699984004
wardrobe/test/wardrobe_0104.obj,32,252,28784,6.203448275862069,7.875,4.063492063492063,0.05766776606888422,0.005436674140492152,0.2986833398260485,93.77940131464374,0.1626970600000277,0.47559996000018145
wardrobe/test/wardrobe_0105.obj,32,252,28672,6.179310344827586,7.875,4.063492063492063,0.08848420817840402,0.020145554555440832,0.8308117001980221,97.4300782382876,0.22680599899968001,0.31153410200022336
wardrobe/test/wardrobe_0106.obj,32,252,28730,6.191810344827586,7.875,4.063492063492063,0.07221597236177234,0.011300490106063285,0.6756517214991288,97.79837584844924,0.17279061600038403,0.3772821610000392
wardrobe/test/wardrobe_0107.obj,32,252,28742,6.210458081244598,7.875,4.063492063492063,0.07498206844435297,0.01471413945264264,0.8097153479659595,82.03215195803136,0.10592130899976837,0.30025097399993683
xbox/test/xbox_0104.obj,32,252,28719,6.17347377472055,7.875,4.063492063492063,0.0660948768240538,0.009252380567369373,0.7408885539674496,86.42983811804157,0.12796823000007862,0.3133841379999467
xbox/test/xbox_0105.obj,32,252,28711,6.171754084264832,7.875,4.063492063492063,0.04655233378280179,0.007673650886944448,0.7440798247718055,90.48706059012173,0.14148238500001753,0.323846438000146
xbox/test/xbox_0106.obj,32,252,28610,6.150042992261393,7.875,4.063492063492063,0.04163203842685456,0.0034864885252240633,0.38685009908594925,86.00561966272343,0.07746866900015448,0.37909565300014947
xbox/test/xbox_0107.obj,32,252,28774,6.185296646603612,7.875,4.063492063492063,0.06746117416353312,0.00679164906569826,0.2194591293210897,77.36332286630845,0.18037328599984903,0.3004067369997756
xbox/test/xbox_0108.obj,32,252,28612,6.19844020797227,7.875,4.063492063492063,0.12311000349863331,0.06848113834642919,1.8412298586963918,90.60785056862818,0.17359071999999287,0.4465081230000578
xbox/test/xbox_0109.obj,32,252,28683,6.165735167669819,7.875,4.063492063492063,0.049617234470701044,0.004455682783401971,0.27863906311399717,84.0351030328537,0.09651598300024489,0.23121489000004658
xbox/test/xbox_0110.obj,32,252,28752,6.212618841832325,7.875,4.063492063492063,0.05232468536460119,0.005243315440439222,0.42471835267861163,91.43438494929993,0.1562723189999815,0.6266150629999174
xbox/test/xbox_0111.obj,32,252,28606,6.1971403812824954,7.875,4.063492063492063,0.05612892962096551,0.008401739600743382,0.7759215704543823,96.61084291282044,0.12916040200025236,0.43718389000014213
xbox/test/xbox_0112.obj,32,252,28720,6.173688736027515,7.875,4.063492063492063,0.060620096290201986,0.0066532651487331935,0.27941285152866013,82.85722150905832,0.10639599099977204,0.3064040350000141
xbox/test/xbox_0113.obj,32,252,28732,6.192241379310345,7.875,4.063492063492063,0.05539128250981365,0.00547763077452548,0.1789861193260541,100.91195566746615,0.08062810899991746,0.3409856769999351
xbox/test/xbox_0114.obj,32,252,28762,6.198706896551724,7.875,4.063492063492063,0.044777669923553545,0.0034349989490624197,0.169056690190017,91.51163572127444,0.08419142899992949,0.39527660499970807
xbox/test/xbox_0115.obj,32,252,28697,6.184698275862069,7.875,4.063492063492063,0.03238108780831069,0.001969158075782476,0.16634418826697225,89.72718919782298,0.2788591280000219,0.23883061700007602
xbox/test/xbox_0116.obj,32,252,28735,6.192887931034483,7.875,4.063492063492063,0.055160521169954874,0.005332421030950605,0.4921720255102822,80.75498980278272,0.13240567000002557,0.16469273899974723
xbox/test/xbox_0117.obj,32,252,28732,6.192241379310345,7.875,4.063492063492063,0.08727371797148745,0.014777895103798337,0.8490569865417262,79.7807829591503,0.08020313999986683,0.18022607000011703
xbox/test/xbox_0118.obj,32,252,28692,6.167669819432502,7.875,4.063492063492063,0.11784577794758763,0.040655270301407205,0.890101767292552,87.92395032842941,0.07100677199969141,0.1666119470000922
xbox/test/xbox_0119.obj,32,252,28812,6.2255834053586865,7.875,4.063492063492063,0.0584129198685941,0.006283106966474542,0.381480985257726,81.67541920752214,0.07407597500014163,0.19818365800028914
xbox/test/xbox_0120.obj,32,252,28708,6.187068965517241,7.875,4.063492063492063,0.05788529938042742,0.009867414716717754,0.8435075387685019,95.91942355000312,0.17091367300008642,0.37365774399995644
xbox/test/xbox_0121.obj,32,252,28554,6.234497816593886,7.875,4.063492063492063,0.06018367326750687,0.011125013629472368,1.0717470221792724,76.44417242250063,0.07283364700015227,0.21978325300005963
xbox/test/xbox_0122.obj,32,252,28686,6.182327586206896,7.875,4.063492063492063,0.09393821717552064,0.019570648253280056,0.8027682780187435,72.04394572490443,0.30765293800004656,0.39648698000019067
xbox/test/xbox_0123.obj,32,250,28543,6.183492201039861,7.8125,4.096,0.05565105581403077,0.006071099048974606,0.3757783194178169,85.99178618857334,0.1675639449999835,0.18396387300026618
