mesh_path,q_level,original_vertices,original_faces,compressed_size_bytes,bpv,chamfer_distance,hausdorff_distance,compression_time_sec,decompression_time_sec
raw/airplane/test/airplane_0627.obj,2,252,500,259,8.222222222222221,0.009354698292063679,0.34510606540032013,0.004547225995338522,0.0009192010038532317
raw/airplane/test/airplane_0627.obj,4,252,500,378,12.0,0.00021701136079529072,0.043070193786864525,0.0007459699991159141,0.00085601799946744
raw/airplane/test/airplane_0627.obj,6,252,500,578,18.349206349206348,2.2455727685589257e-05,0.012650631069436664,0.0005841190068167634,0.000873469005455263
raw/airplane/test/airplane_0627.obj,8,252,500,765,24.285714285714285,1.1092875725997789e-05,0.010725329595183979,0.0006109069945523515,0.0009604650040273555
raw/airplane/test/airplane_0627.obj,10,252,500,953,30.253968253968253,1.0337011376193644e-05,0.011325298859701263,0.0007107560013537295,0.0009138609966612421
raw/airplane/test/airplane_0627.obj,12,252,500,1144,36.317460317460316,1.035737874307619e-05,0.010706793232373335,0.0006361630003084429,0.0008337379986187443
raw/airplane/test/airplane_0627.obj,14,252,500,1333,42.317460317460316,1.0287883303181695e-05,0.01048010822512303,0.0006348910028464161,0.0009167570024146698
raw/airplane/test/airplane_0628.obj,2,248,500,269,8.67741935483871,0.010653654593512299,0.34489327716966195,0.0005859269949723966,0.0007643179997103289
raw/airplane/test/airplane_0628.obj,4,248,500,396,12.774193548387096,0.0001901381162359333,0.05687758334367955,0.0006582560017704964,0.000852245997521095
raw/airplane/test/airplane_0628.obj,6,248,500,583,18.806451612903224,2.1697393712736413e-05,0.012739118004591505,0.0006073490003473125,0.000800576999608893
raw/airplane/test/airplane_0628.obj,8,248,500,773,24.93548387096774,1.1053923818404835e-05,0.01052077370182291,0.0005939539987593889,0.00085319799836725
raw/airplane/test/airplane_0628.obj,10,248,500,960,30.967741935483872,1.0624249930809191e-05,0.010582226482969848,0.00046865400508977473,0.0005934420041739941
raw/airplane/test/airplane_0628.obj,12,248,500,1146,36.96774193548387,1.049025343162663e-05,0.01088293931110491,0.0006854380044387653,0.0007921319993329234
raw/airplane/test/airplane_0628.obj,14,248,500,1332,42.96774193548387,1.0415321026980292e-05,0.012206655093502827,0.0004526839984464459,0.0006444099999498576
raw/airplane/test/airplane_0629.obj,2,252,500,258,8.19047619047619,0.016256175207454305,0.3391060153132064,0.002707599000132177,0.0016303220036206767
raw/airplane/test/airplane_0629.obj,4,252,500,375,11.904761904761905,0.0002064513179203452,0.0469749540364537,0.0007770750016788952,0.0012893759994767606
raw/airplane/test/airplane_0629.obj,6,252,500,578,18.349206349206348,2.2390839378424074e-05,0.012168155734270615,0.0006026129995007068,0.0008690009999554604
raw/airplane/test/airplane_0629.obj,8,252,500,767,24.349206349206348,1.2015438652921149e-05,0.010945973253450132,0.0006324159985524602,0.0009109260063269176
raw/airplane/test/airplane_0629.obj,10,252,500,958,30.41269841269841,1.1286446354715987e-05,0.01045395819200765,0.0006583829963346943,0.0009238700004061684
raw/airplane/test/airplane_0629.obj,12,252,500,1146,36.38095238095238,1.1250554787424387e-05,0.010952659240622177,0.0006168279942357913,0.000813842001662124
raw/airplane/test/airplane_0629.obj,14,252,500,1335,42.38095238095238,1.1096151474064847e-05,0.010090165597973703,0.0006783790013287216,0.0007676079985685647
raw/airplane/test/airplane_0630.obj,2,252,500,254,8.063492063492063,0.01170285193724742,0.3479691844302411,0.0005984309973428026,0.0011627380008576438
raw/airplane/test/airplane_0630.obj,4,252,500,373,11.841269841269842,0.00020304238492048165,0.0425810736746858,0.0006453210007748567,0.0008438200020464137
raw/airplane/test/airplane_0630.obj,6,252,500,573,18.19047619047619,2.1870275043952334e-05,0.014545879378649295,0.0008739780023461208,0.0008735970041016117
raw/airplane/test/airplane_0630.obj,8,252,500,760,24.126984126984127,1.0478851436648022e-05,0.010014763743806955,0.0006331679978757165,0.0008429180015809834
raw/airplane/test/airplane_0630.obj,10,252,500,949,30.126984126984127,9.983150952163649e-06,0.011720081739701387,0.0005742360008298419,0.0007132809987524524
raw/airplane/test/airplane_0630.obj,12,252,500,1139,36.15873015873016,9.987533090754013e-06,0.01012621187714418,0.000642065002466552,0.0009002470033010468
raw/airplane/test/airplane_0630.obj,14,252,500,1328,42.15873015873016,1.001563745023788e-05,0.010699910323449661,0.0006545790020027198,0.0008607420022599399
raw/airplane/test/airplane_0631.obj,2,252,500,261,8.285714285714286,0.008407551989633229,0.2356834260648875,0.0026771430057124235,0.0010058769985334948
raw/airplane/test/airplane_0631.obj,4,252,500,383,12.158730158730158,0.0002026084216817917,0.04467483639710619,0.0007324160033022054,0.0009416210014023818
raw/airplane/test/airplane_0631.obj,6,252,500,576,18.285714285714285,2.4904683413092397e-05,0.012038461615501829,0.0005955099986749701,0.0008804519966361113
raw/airplane/test/airplane_0631.obj,8,252,500,764,24.253968253968253,1.4699576426187899e-05,0.011926985288708924,0.0005944980002823286,0.0008475729991914704
raw/airplane/test/airplane_0631.obj,10,252,500,952,30.22222222222222,1.4014446919569371e-05,0.01203671540883878,0.0006165270024212077,0.0010003069983213209
raw/airplane/test/airplane_0631.obj,12,252,500,1142,36.25396825396825,1.3883047804340163e-05,0.01172734627689952,0.0006744209968019277,0.0008800809955573641
raw/airplane/test/airplane_0631.obj,14,252,500,1331,42.25396825396825,1.395284351177052e-05,0.011430938931423454,0.0005831769958604127,0.0008737500029383227
raw/airplane/test/airplane_0632.obj,2,252,500,271,8.603174603174603,0.005768695161497463,0.2143667566094427,0.0005712190031772479,0.0007447600000887178
raw/airplane/test/airplane_0632.obj,4,252,500,385,12.222222222222221,0.00021968744446166207,0.04563122467107782,0.0006487470018328167,0.0008658209990244359
raw/airplane/test/airplane_0632.obj,6,252,500,575,18.253968253968253,2.470925915195331e-05,0.013711252988158755,0.000581439002417028,0.0008057859959080815
raw/airplane/test/airplane_0632.obj,8,252,500,762,24.19047619047619,1.3864326557251375e-05,0.011976911035817163,0.0006039309955667704,0.000831956000183709
raw/airplane/test/airplane_0632.obj,10,252,500,950,30.158730158730158,1.3260677780339616e-05,0.012529299452168395,0.0006269360019359738,0.0008808800048427656
raw/airplane/test/airplane_0632.obj,12,252,500,1139,36.15873015873016,1.3230478782123082e-05,0.01143403624281986,0.0007064370001899078,0.0008728940010769293
raw/airplane/test/airplane_0632.obj,14,252,500,1328,42.15873015873016,1.3022261873159244e-05,0.011192689046092726,0.0006940840030438267,0.0008749490007176064
raw/airplane/test/airplane_0633.obj,2,252,500,263,8.34920634920635,0.006728302907401753,0.2651997435915978,0.0005950049962848425,0.0008816519984975457
raw/airplane/test/airplane_0633.obj,4,252,500,389,12.34920634920635,0.00019735056449433566,0.05002299352391036,0.0006052949975128286,0.0008381689985981211
raw/airplane/test/airplane_0633.obj,6,252,500,586,18.603174603174605,2.3911346319798463e-05,0.013645953028437909,0.0004394589996081777,0.0006822819996159524
raw/airplane/test/airplane_0633.obj,8,252,500,774,24.571428571428573,1.3592325176569507e-05,0.012062777892466134,0.0005711900012101978,0.0008561939976061694
raw/airplane/test/airplane_0633.obj,10,252,500,963,30.571428571428573,1.2947206882775336e-05,0.011522631799114415,0.000529962002474349,0.0007694890009588562
raw/airplane/test/airplane_0633.obj,12,252,500,1152,36.57142857142857,1.304181075654672e-05,0.011611838982732697,0.0004432360001374036,0.0007444610018865205
raw/airplane/test/airplane_0633.obj,14,252,500,1341,42.57142857142857,1.3062040871327395e-05,0.012313974081048742,0.0004539159999694675,0.0006260250011109747
raw/airplane/test/airplane_0634.obj,2,252,500,257,8.158730158730158,0.012265724602629759,0.3479776650063693,0.0005164859976503067,0.0007581959944218397
raw/airplane/test/airplane_0634.obj,4,252,500,378,12.0,0.00023745153684523993,0.05021293905228464,0.0005228569934843108,0.0007425669973599724
raw/airplane/test/airplane_0634.obj,6,252,500,571,18.126984126984127,2.0584827782720128e-05,0.01621880711316278,0.00036994599940953776,0.0005644869961543009
raw/airplane/test/airplane_0634.obj,8,252,500,759,24.095238095238095,1.1244544318513771e-05,0.010795683407546513,0.00038091700116638094,0.0005411530000856146
raw/airplane/test/airplane_0634.obj,10,252,500,948,30.095238095238095,1.05693385546414e-05,0.010596343032194979,0.0004547279968392104,0.000565188005566597
raw/airplane/test/airplane_0634.obj,12,252,500,1137,36.095238095238095,1.0500377229392178e-05,0.01045089691826509,0.00040641600207891315,0.0005178179999347776
raw/airplane/test/airplane_0634.obj,14,252,500,1326,42.095238095238095,1.0468981438587594e-05,0.01086221438940886,0.00042581199522828683,0.0005693170023732819
raw/airplane/test/airplane_0635.obj,2,252,500,261,8.285714285714286,0.009548285093704827,0.2372207288813436,0.0022480569969047792,0.0015001339997979812
raw/airplane/test/airplane_0635.obj,4,252,500,379,12.031746031746032,0.0002186144253448771,0.0389863230403493,0.0007446980016538873,0.0009151039994321764
raw/airplane/test/airplane_0635.obj,6,252,500,573,18.19047619047619,2.2362744941008412e-05,0.013168614506094,0.000666888001433108,0.0009589719993527979
raw/airplane/test/airplane_0635.obj,8,252,500,760,24.126984126984127,1.1678798991191872e-05,0.010666004326133672,0.0006084730048314668,0.0008634010009700432
raw/airplane/test/airplane_0635.obj,10,252,500,949,30.126984126984127,1.0804359846045717e-05,0.010220545707758984,0.0006349510003929026,0.0008826760022202507
raw/airplane/test/airplane_0635.obj,12,252,500,1138,36.12698412698413,1.0937074045487844e-05,0.010077043675742673,0.000550898999790661,0.000771746999816969
raw/airplane/test/airplane_0635.obj,14,252,500,1327,42.12698412698413,1.0694761977943898e-05,0.011781837547024394,0.0006637120022787713,0.0008659849991090596
raw/airplane/test/airplane_0636.obj,2,252,500,263,8.34920634920635,0.0099116595960909,0.3566809159092934,0.0005501790001289919,0.0007001150006544776
raw/airplane/test/airplane_0636.obj,4,252,500,380,12.063492063492063,0.0001959574790691007,0.04627138212831943,0.000613540003541857,0.0010682860011002049
raw/airplane/test/airplane_0636.obj,6,252,500,574,18.22222222222222,2.0617855215602995e-05,0.01161485954390246,0.0008204939949791878,0.0007974109976203181
raw/airplane/test/airplane_0636.obj,8,252,500,760,24.126984126984127,1.0827823812832343e-05,0.01203391168292675,0.0006142610000097193,0.0008950159972300753
raw/airplane/test/airplane_0636.obj,10,252,500,949,30.126984126984127,1.0380308255369105e-05,0.010458832929260212,0.0006045730042387731,0.000840421998873353
raw/airplane/test/airplane_0636.obj,12,252,500,1138,36.12698412698413,1.027787402113807e-05,0.010009996257610638,0.0006325959984678775,0.0008723330029170029
raw/airplane/test/airplane_0636.obj,14,252,500,1327,42.12698412698413,1.014147645050923e-05,0.009877740514156798,0.0008575100000598468,0.0008423660037806258
raw/airplane/test/airplane_0637.obj,2,252,500,255,8.095238095238095,0.012093741487275444,0.33798502183160445,0.0005719109976780601,0.0011105179946753196
raw/airplane/test/airplane_0637.obj,4,252,500,380,12.063492063492063,0.0002730070722676527,0.045413300283285586,0.0006446200059144758,0.0008335499951499514
raw/airplane/test/airplane_0637.obj,6,252,500,582,18.476190476190474,2.3225615403711364e-05,0.012909291005150324,0.0006344599969452247,0.0008753200017963536
raw/airplane/test/airplane_0637.obj,8,252,500,770,24.444444444444443,1.2172771084440213e-05,0.010468560259574999,0.0006058450017007999,0.0008821520023047924
raw/airplane/test/airplane_0637.obj,10,252,500,959,30.444444444444443,1.152837602892261e-05,0.010423875406642016,0.0006422250007744879,0.000960612997005228
raw/airplane/test/airplane_0637.obj,12,252,500,1147,36.41269841269841,1.1700589427005414e-05,0.012291647456600625,0.0006585869996342808,0.000930595000681933
raw/airplane/test/airplane_0637.obj,14,252,500,1336,42.41269841269841,1.1316012253964588e-05,0.011103488424192468,0.0006763900018995628,0.001001671000267379
raw/airplane/test/airplane_0638.obj,2,252,500,243,7.714285714285714,0.010358396058550018,0.35143284523075563,0.0006019580032443628,0.0007798500009812415
raw/airplane/test/airplane_0638.obj,4,252,500,373,11.841269841269842,0.00017795987966204752,0.04294159635918028,0.0006072780015529133,0.0008382879968849011
raw/airplane/test/airplane_0638.obj,6,252,500,574,18.22222222222222,1.7917565242720873e-05,0.011300058111114269,0.0006408720000763424,0.0008935639998526312
raw/airplane/test/airplane_0638.obj,8,252,500,766,24.317460317460316,9.543736186959687e-06,0.010332851140138816,0.0006406819957192056,0.000916367003810592
raw/airplane/test/airplane_0638.obj,10,252,500,953,30.253968253968253,9.051378765803788e-06,0.01022878734438296,0.0006380269987857901,0.0008458830052404664
raw/airplane/test/airplane_0638.obj,12,252,500,1142,36.25396825396825,9.059446793612655e-06,0.010331430162324759,0.0006152829955681227,0.0009286099957535043
raw/airplane/test/airplane_0638.obj,14,252,500,1331,42.25396825396825,9.025729557914493e-06,0.010862069467171328,0.0006371840063366108,0.0008427459979429841
raw/airplane/test/airplane_0639.obj,2,252,500,264,8.380952380952381,0.0083489274088551,0.21460749180114666,0.002360234000661876,0.001594784000189975
raw/airplane/test/airplane_0639.obj,4,252,500,386,12.253968253968255,0.00016878178150683972,0.041417048077782376,0.0008051059994613752,0.000827185001980979
raw/airplane/test/airplane_0639.obj,6,252,500,585,18.571428571428573,2.6213598624826573e-05,0.013990181233674064,0.0008139019992086105,0.0008385660039493814
raw/airplane/test/airplane_0639.obj,8,252,500,773,24.53968253968254,1.5781419357376268e-05,0.01209621298700404,0.0006153249996714294,0.0008239600065280683
raw/airplane/test/airplane_0639.obj,10,252,500,959,30.444444444444443,1.4979156085680419e-05,0.011468577741396464,0.0006926340065547265,0.0008621290035080165
raw/airplane/test/airplane_0639.obj,12,252,500,1146,36.38095238095238,1.5032117411132623e-05,0.01322068339833802,0.0007375150016741827,0.0008416810014750808
raw/airplane/test/airplane_0639.obj,14,252,500,1335,42.38095238095238,1.4941667084418715e-05,0.012449134710975291,0.0006438470009015873,0.0008156949988915585
raw/airplane/test/airplane_0640.obj,2,252,500,260,8.253968253968255,0.007140110866032974,0.2125383678031263,0.0005779429993708618,0.0011127019970444962
raw/airplane/test/airplane_0640.obj,4,252,500,377,11.968253968253968,0.00022678478567956525,0.048089800793055915,0.000621555998804979,0.0007626150036230683
raw/airplane/test/airplane_0640.obj,6,252,500,574,18.22222222222222,2.341146120555045e-05,0.012151698250157515,0.0006129800021881238,0.0009455039980821311
raw/airplane/test/airplane_0640.obj,8,252,500,767,24.349206349206348,1.3441569974466081e-05,0.012358922099782978,0.0006188200059114024,0.0007661519994144328
raw/airplane/test/airplane_0640.obj,10,252,500,956,30.349206349206348,1.295026429156671e-05,0.011487995373269074,0.0006507619982585311,0.0008222890028264374
raw/airplane/test/airplane_0640.obj,12,252,500,1145,36.34920634920635,1.2915991389983236e-05,0.011101918386174726,0.00043821599683724344,0.0005879819946130738
raw/airplane/test/airplane_0640.obj,14,252,500,1334,42.34920634920635,1.2899302934282605e-05,0.011356650926858997,0.0006045740010449663,0.0007819829988875426
raw/airplane/test/airplane_0641.obj,2,252,500,266,8.444444444444445,0.006919514517551937,0.2611872247477714,0.0005651750034303404,0.0006776979935239069
raw/airplane/test/airplane_0641.obj,4,252,500,387,12.285714285714286,0.0001780129538989266,0.041824044842042746,0.000681685000017751,0.0008162359954440035
raw/airplane/test/airplane_0641.obj,6,252,500,579,18.38095238095238,2.5039617622666208e-05,0.012989255602372612,0.0006185020029079169,0.0008964209991972893
raw/airplane/test/airplane_0641.obj,8,252,500,763,24.22222222222222,1.4578329142992214e-05,0.011670341499841334,0.0005938770045759156,0.0008103660002234392
raw/airplane/test/airplane_0641.obj,10,252,500,953,30.253968253968253,1.3854445378875968e-05,0.011312394087335262,0.0006341100015561096,0.002193656997405924
raw/airplane/test/airplane_0641.obj,12,252,500,1141,36.22222222222222,1.3887977725616612e-05,0.013593613056233507,0.000663692997477483,0.001707488001557067
raw/airplane/test/airplane_0641.obj,14,252,500,1331,42.25396825396825,1.3918423657793276e-05,0.012474486582139383,0.0007193630008259788,0.0008090839983196929
raw/airplane/test/airplane_0642.obj,2,252,500,260,8.253968253968255,0.015411948395576242,0.4133126434784786,0.00047107999853324145,0.000636996999674011
raw/airplane/test/airplane_0642.obj,4,252,500,373,11.841269841269842,0.00020962595748559457,0.048484064736385585,0.0006302609981503338,0.000825814000563696
raw/airplane/test/airplane_0642.obj,6,252,500,562,17.841269841269842,1.9202278719900943e-05,0.012234573012438068,0.0005984210001770407,0.0007851170012145303
raw/airplane/test/airplane_0642.obj,8,252,500,746,23.682539682539684,9.609776426751416e-06,0.009883579418953407,0.0006141010017017834,0.0008492380002280697
raw/airplane/test/airplane_0642.obj,10,252,500,935,29.682539682539684,8.875672202366641e-06,0.00914708710549743,0.0005880309981876053,0.0008591380028519779
raw/airplane/test/airplane_0642.obj,12,252,500,1124,35.682539682539684,8.819323727001804e-06,0.009556512315505859,0.002480230999935884,0.0009372130007250234
raw/airplane/test/airplane_0642.obj,14,252,500,1313,41.682539682539684,8.758340646849856e-06,0.01082039279519578,0.000708109000697732,0.0008495389993186109
raw/airplane/test/airplane_0643.obj,2,252,500,265,8.412698412698413,0.010330859832106902,0.23680001560006206,0.0005465719950734638,0.0008456110008410178
raw/airplane/test/airplane_0643.obj,4,252,500,387,12.285714285714286,0.00021342718522600617,0.04403083628128554,0.0005499389953911304,0.0007662509960937314
raw/airplane/test/airplane_0643.obj,6,252,500,586,18.603174603174605,2.4469686824173235e-05,0.014760734738678262,0.0006208740014699288,0.0008900069951778278
raw/airplane/test/airplane_0643.obj,8,252,500,769,24.41269841269841,1.3827630052149565e-05,0.013728580825557234,0.000637495999399107,0.0008273279963759705
raw/airplane/test/airplane_0643.obj,10,252,500,957,30.38095238095238,1.3351338271184377e-05,0.012112171528493934,0.0005611300002783537,0.0007918800038169138
raw/airplane/test/airplane_0643.obj,12,252,500,1146,36.38095238095238,1.3187026985337936e-05,0.012336005949152212,0.0007508469934691675,0.0008053060009842739
raw/airplane/test/airplane_0643.obj,14,252,500,1335,42.38095238095238,1.3264001000209925e-05,0.013390844039477873,0.0006672919989796355,0.000900357001228258
raw/airplane/test/airplane_0644.obj,2,252,500,258,8.19047619047619,0.009965644280267104,0.2263011242529295,0.0005789110000478104,0.0006771870030206628
raw/airplane/test/airplane_0644.obj,4,252,500,382,12.126984126984127,0.0002328457318097034,0.04592000194944206,0.0006573349965037778,0.0008287880045827478
raw/airplane/test/airplane_0644.obj,6,252,500,584,18.53968253968254,2.483919858224651e-05,0.013341127002494643,0.0005819529978907667,0.0008659340019221418
raw/airplane/test/airplane_0644.obj,8,252,500,771,24.476190476190474,1.466618274832262e-05,0.012102278014256106,0.0005865450002602302,0.0008594350001658313
raw/airplane/test/airplane_0644.obj,10,252,500,961,30.50793650793651,1.4000968655437618e-05,0.012659820560824127,0.0005982280054013245,0.0008861509995767847
raw/airplane/test/airplane_0644.obj,12,252,500,1150,36.507936507936506,1.4013326264757754e-05,0.011739682653514699,0.0005838330034748651,0.00077708200115012
raw/airplane/test/airplane_0644.obj,14,252,500,1339,42.507936507936506,1.4058411439890285e-05,0.014477790976652923,0.0006464820035034791,0.0008936529993661679
raw/airplane/test/airplane_0645.obj,2,252,500,256,8.126984126984127,0.013500916406071515,0.33701295064927433,0.004563492002489511,0.003091601000051014
raw/airplane/test/airplane_0645.obj,4,252,500,371,11.777777777777779,0.0001985695027786159,0.044189410548631805,0.0008090229966910556,0.0008395779950660653
raw/airplane/test/airplane_0645.obj,6,252,500,568,18.03174603174603,2.2781921753248054e-05,0.012664793747802284,0.0005440180029836483,0.0008038129963097163
raw/airplane/test/airplane_0645.obj,8,252,500,759,24.095238095238095,1.1049794123913711e-05,0.011102980112402211,0.0005891490000067279,0.0008181399971363135
raw/airplane/test/airplane_0645.obj,10,252,500,944,29.96825396825397,1.0348687667855168e-05,0.010365709850818836,0.0006104670028435066,0.0011068579988204874
raw/airplane/test/airplane_0645.obj,12,252,500,1133,35.96825396825397,1.0139143433566052e-05,0.010714688603422881,0.0007139719964470714,0.001022216005367227
raw/airplane/test/airplane_0645.obj,14,252,500,1322,41.96825396825397,1.0446295412411792e-05,0.010221889904752335,0.0006456799965235405,0.0010564480035100132
raw/airplane/test/airplane_0646.obj,2,252,500,262,8.317460317460318,0.007972335126531057,0.22946493497325948,0.0005757150065619498,0.0007948689963086508
raw/airplane/test/airplane_0646.obj,4,252,500,367,11.65079365079365,0.00023676103362401592,0.04383070826224488,0.0006215370012796484,0.0008341089996974915
raw/airplane/test/airplane_0646.obj,6,252,500,562,17.841269841269842,2.0514570270719238e-05,0.012506016434805005,0.0006030520016793162,0.0008240859970101155
raw/airplane/test/airplane_0646.obj,8,252,500,752,23.873015873015873,1.1295108969851608e-05,0.011559738937859583,0.000540565000846982,0.000794241001131013
raw/airplane/test/airplane_0646.obj,10,252,500,941,29.873015873015873,1.0406902718048036e-05,0.009529880304881236,0.0034039759993902408,0.0008721609992790036
raw/airplane/test/airplane_0646.obj,12,252,500,1130,35.87301587301587,1.0439256302393943e-05,0.00983092550798213,0.0006459829965024255,0.0008084510045591742
raw/airplane/test/airplane_0646.obj,14,252,500,1319,41.87301587301587,1.043485046193189e-05,0.010264640440916413,0.0006595909944735467,0.0008219690062105656
raw/airplane/test/airplane_0647.obj,2,248,500,268,8.64516129032258,0.010851872082370841,0.34768524123684647,0.007974339001521003,0.0037567210019915365
raw/airplane/test/airplane_0647.obj,4,248,500,389,12.548387096774194,0.00025770319874226773,0.045709146397111516,0.0007230780029203743,0.0009005679967231117
raw/airplane/test/airplane_0647.obj,6,248,500,579,18.677419354838708,2.111745684175005e-05,0.011829392712362384,0.0005828879948239774,0.0007934759996715002
raw/airplane/test/airplane_0647.obj,8,248,500,767,24.741935483870968,1.11075512459981e-05,0.011343068503989355,0.0005842000027769245,0.0008499469986418262
raw/airplane/test/airplane_0647.obj,10,248,500,956,30.838709677419356,1.042303841926589e-05,0.010106208228624831,0.0005803729945910163,0.0009723870025482029
raw/airplane/test/airplane_0647.obj,12,248,500,1143,36.87096774193548,1.0380301651979287e-05,0.009742567951947804,0.0006335779980872758,0.000946579995797947
raw/airplane/test/airplane_0647.obj,14,248,500,1329,42.87096774193548,1.022978037223615e-05,0.009854711534485854,0.0007528819987783208,0.00089643999672262
raw/airplane/test/airplane_0648.obj,2,252,500,260,8.253968253968255,0.009581220746552502,0.34561621369135437,0.0005327879989636131,0.000687936000758782
raw/airplane/test/airplane_0648.obj,4,252,500,376,11.936507936507937,0.00022857938097372183,0.049003613477907416,0.0005922649943386205,0.0008150240028044209
raw/airplane/test/airplane_0648.obj,6,252,500,577,18.317460317460316,2.2208204615899624e-05,0.013074440306693384,0.0006397090037353337,0.0008467509978800081
raw/airplane/test/airplane_0648.obj,8,252,500,761,24.158730158730158,1.0712648274869734e-05,0.010147092543766709,0.0006853119994048029,0.0008376650002901442
raw/airplane/test/airplane_0648.obj,10,252,500,951,30.19047619047619,1.0132304904508658e-05,0.011472184886370008,0.0007133319959393702,0.0010083219967782497
raw/airplane/test/airplane_0648.obj,12,252,500,1139,36.15873015873016,1.0049562835884932e-05,0.012061821328707867,0.0006291809986578301,0.0007721869988017716
raw/airplane/test/airplane_0648.obj,14,252,500,1329,42.19047619047619,1.0078377479669314e-05,0.0104438826058808,0.0007131110032787547,0.0008857319990056567
raw/airplane/test/airplane_0649.obj,2,248,500,276,8.903225806451612,0.007310687944397884,0.22352371585425632,0.0005168489951756783,0.0006254539985093288
raw/airplane/test/airplane_0649.obj,4,248,500,391,12.612903225806452,0.00020219243433048926,0.046223654973961935,0.000650766996841412,0.0008372519951080903
raw/airplane/test/airplane_0649.obj,6,248,500,584,18.838709677419356,2.1303008344760002e-05,0.01359270621229562,0.0005826039996463805,0.0008464389975415543
raw/airplane/test/airplane_0649.obj,8,248,500,775,25.0,1.223986515012922e-05,0.012094507465740081,0.0005487079979502596,0.000745092002034653
raw/airplane/test/airplane_0649.obj,10,248,500,958,30.903225806451612,1.1354304721630389e-05,0.010477976934398817,0.0006041349988663569,0.0008087919995887205
raw/airplane/test/airplane_0649.obj,12,248,500,1145,36.935483870967744,1.1365185783073012e-05,0.010496992364713558,0.0006506159988930449,0.0008793610031716526
raw/airplane/test/airplane_0649.obj,14,248,500,1331,42.935483870967744,1.1312857122501426e-05,0.010200305970361015,0.0006992330017965287,0.0008306140007334761
raw/airplane/test/airplane_0650.obj,2,252,500,266,8.444444444444445,0.009617147765491257,0.3481650374541866,0.0029793450012221,0.0028776579929399304
raw/airplane/test/airplane_0650.obj,4,252,500,382,12.126984126984127,0.0002306472024178763,0.0433852656554837,0.0007416820008074865,0.0008541149945813231
raw/airplane/test/airplane_0650.obj,6,252,500,582,18.476190476190474,2.1952377470106447e-05,0.01391968219278195,0.0005550170026253909,0.0008046450020628981
raw/airplane/test/airplane_0650.obj,8,252,500,767,24.349206349206348,1.2263387161319234e-05,0.01095514707162387,0.0006585730006918311,0.0009240600047633052
raw/airplane/test/airplane_0650.obj,10,252,500,959,30.444444444444443,1.1546027123557e-05,0.01166069133238235,0.0009096950016100891,0.0009958489972632378
raw/airplane/test/airplane_0650.obj,12,252,500,1148,36.44444444444444,1.1470371782448074e-05,0.011335690994452646,0.0006496069981949404,0.0009339479947811924
raw/airplane/test/airplane_0650.obj,14,252,500,1336,42.41269841269841,1.137516765444411e-05,0.011964136250737292,0.0006787800011807121,0.0009290590023738332
raw/airplane/test/airplane_0651.obj,2,252,500,259,8.222222222222221,0.009108577936139856,0.3436342953701731,0.0005969519988866523,0.0007766760027152486
raw/airplane/test/airplane_0651.obj,4,252,500,363,11.523809523809524,0.0002115600413557693,0.03944346222912817,0.000640006001049187,0.0008092440039035864
raw/airplane/test/airplane_0651.obj,6,252,500,572,18.158730158730158,1.900708112197769e-05,0.013857983546839342,0.0006311629986157641,0.0008168870044755749
raw/airplane/test/airplane_0651.obj,8,252,500,756,24.0,9.722410077346662e-06,0.009801687827546274,0.0006587450043298304,0.0007852059934521094
raw/airplane/test/airplane_0651.obj,10,252,500,949,30.126984126984127,9.059702749028189e-06,0.009478549564946153,0.0006435270042857155,0.0010348630021326244
raw/airplane/test/airplane_0651.obj,12,252,500,1136,36.06349206349206,9.109039400322454e-06,0.009362644169174586,0.0006409420020645484,0.0008654399935039692
raw/airplane/test/airplane_0651.obj,14,252,500,1327,42.12698412698413,8.958073994195524e-06,0.009935689084150393,0.0006097829973441549,0.0008283790011773817
raw/airplane/test/airplane_0652.obj,2,248,500,269,8.67741935483871,0.009408892286151709,0.34042170223563073,0.0006248429999686778,0.0006700540034216829
raw/airplane/test/airplane_0652.obj,4,248,500,398,12.838709677419354,0.00023313391409673099,0.054188231525664314,0.0005931039995630272,0.0010355170015827753
raw/airplane/test/airplane_0652.obj,6,248,500,597,19.258064516129032,2.6454762376370686e-05,0.014309650313312793,0.0006233789972611703,0.0008594449973315932
raw/airplane/test/airplane_0652.obj,8,248,500,783,25.258064516129032,1.500194924019709e-05,0.013233738892061172,0.000623498999630101,0.0008336820028489456
raw/airplane/test/airplane_0652.obj,10,248,500,972,31.35483870967742,1.4572863002343121e-05,0.012982564355331424,0.0006339289975585416,0.0010475559975020587
raw/airplane/test/airplane_0652.obj,12,248,500,1158,37.354838709677416,1.4608228937955222e-05,0.013322105906800136,0.0005500319966813549,0.0007758189967717044
raw/airplane/test/airplane_0652.obj,14,248,500,1343,43.32258064516129,1.4412598531234307e-05,0.011976285939040212,0.0006794649962102994,0.0007770209995214827
raw/airplane/test/airplane_0653.obj,2,250,500,260,8.32,0.008110006641107417,0.3474707713511259,0.0005779519997304305,0.000801488000433892
raw/airplane/test/airplane_0653.obj,4,250,500,369,11.808,0.00023699116266373836,0.044585163272570144,0.0005947839963482693,0.0010479039992787875
raw/airplane/test/airplane_0653.obj,6,250,500,559,17.888,1.9715478162697158e-05,0.0141979019414823,0.00062098399939714,0.0008111770002869889
raw/airplane/test/airplane_0653.obj,8,250,500,743,23.776,9.45372935777211e-06,0.009391445832169124,0.0006470539956353605,0.0007749279975541867
raw/airplane/test/airplane_0653.obj,10,250,500,931,29.792,9.043900830017587e-06,0.010602452101508848,0.0006466429986176081,0.0008637380014988594
raw/airplane/test/airplane_0653.obj,12,250,500,1116,35.712,9.059555469729787e-06,0.009523956365923765,0.0006152740024845116,0.000938338998821564
raw/airplane/test/airplane_0653.obj,14,250,500,1305,41.76,8.96527599238398e-06,0.00934562042065214,0.0006679840007564053,0.0008742579957470298
raw/airplane/test/airplane_0654.obj,2,252,500,259,8.222222222222221,0.014891267268091195,0.41401582787905966,0.0005919789982726797,0.0009659619972808287
raw/airplane/test/airplane_0654.obj,4,252,500,367,11.65079365079365,0.00019258149293719935,0.0489970302852775,0.0005947440004092641,0.0008710499969311059
raw/airplane/test/airplane_0654.obj,6,252,500,558,17.714285714285715,1.9582351085710685e-05,0.015221367467848803,0.0006389780028257519,0.0008195019981940277
raw/airplane/test/airplane_0654.obj,8,252,500,745,23.650793650793652,9.787722713828456e-06,0.009350862390890566,0.0006178979965625331,0.000810535995697137
raw/airplane/test/airplane_0654.obj,10,252,500,934,29.650793650793652,8.933021506605755e-06,0.009614859775858721,0.0006185689999256283,0.0008015380008146167
raw/airplane/test/airplane_0654.obj,12,252,500,1124,35.682539682539684,9.047606355172876e-06,0.009880505232538792,0.0006512210020446219,0.0008793059969320893
raw/airplane/test/airplane_0654.obj,14,252,500,1314,41.714285714285715,9.042566683086069e-06,0.009733690367427494,0.0007622029952472076,0.0008274479987449013
raw/airplane/test/airplane_0655.obj,2,248,500,268,8.64516129032258,0.010283320566952204,0.3548042796524304,0.0005635619963868521,0.0007440760018653236
raw/airplane/test/airplane_0655.obj,4,248,500,382,12.32258064516129,0.00018547527264707586,0.03985893861056753,0.0007038850017124787,0.0008879960005288012
raw/airplane/test/airplane_0655.obj,6,248,500,578,18.64516129032258,2.039531367612737e-05,0.012576463044052662,0.0006565399962710217,0.00096530399605399
raw/airplane/test/airplane_0655.obj,8,248,500,762,24.580645161290324,1.032626477613124e-05,0.009746904748309776,0.0005879160016775131,0.0008329769989359193
raw/airplane/test/airplane_0655.obj,10,248,500,953,30.741935483870968,9.858074241183653e-06,0.010425573486754899,0.0006731500034220517,0.0008219079973059706
raw/airplane/test/airplane_0655.obj,12,248,500,1139,36.74193548387097,9.910931818639192e-06,0.009365287720263227,0.0008197329952963628,0.0009938760049408302
raw/airplane/test/airplane_0655.obj,14,248,500,1325,42.74193548387097,9.716939406156915e-06,0.01067755312467808,0.0006440970028052106,0.0007971130035002716
raw/airplane/test/airplane_0656.obj,2,252,500,254,8.063492063492063,0.006768796433809861,0.22794146594346154,0.0006010199940646999,0.0006490469968412071
raw/airplane/test/airplane_0656.obj,4,252,500,374,11.873015873015873,0.0002294165913336246,0.049059431587383046,0.0005972949948045425,0.0008735049996175803
raw/airplane/test/airplane_0656.obj,6,252,500,567,18.0,2.031348380414936e-05,0.013458712445444535,0.0006198999981279485,0.0008707769957254641
raw/airplane/test/airplane_0656.obj,8,252,500,754,23.936507936507937,1.100377908882219e-05,0.010032371987175097,0.0006196710019139573,0.0008332479992532171
raw/airplane/test/airplane_0656.obj,10,252,500,944,29.96825396825397,1.0208507391194257e-05,0.012066723008780174,0.000642794999293983,0.0008046139992075041
raw/airplane/test/airplane_0656.obj,12,252,500,1133,35.96825396825397,1.0325780680724307e-05,0.010509569433951297,0.0006410120040527545,0.00088484599837102
raw/airplane/test/airplane_0656.obj,14,252,500,1322,41.96825396825397,1.030216382399935e-05,0.010434569473534988,0.0006895850019645877,0.0008130499991239049
raw/airplane/test/airplane_0657.obj,2,252,500,258,8.19047619047619,0.02090269821037086,0.6638741375832274,0.0005925650038989261,0.0007680099952267483
raw/airplane/test/airplane_0657.obj,4,252,500,372,11.80952380952381,0.00018496789082301113,0.06043769246968674,0.0005788630005554296,0.0008878049993654713
raw/airplane/test/airplane_0657.obj,6,252,500,575,18.253968253968253,1.9681474968033142e-05,0.012511969061476159,0.0006117560042184778,0.0008861800015438348
raw/airplane/test/airplane_0657.obj,8,252,500,758,24.063492063492063,1.1329868531508598e-05,0.01096784075691286,0.000566107002669014,0.0006747840016032569
raw/airplane/test/airplane_0657.obj,10,252,500,947,30.063492063492063,1.0783976627963428e-05,0.010553952126687294,0.0006452199959312566,0.0008545190066797659
raw/airplane/test/airplane_0657.obj,12,252,500,1137,36.095238095238095,1.07804163523367e-05,0.0116418990142275,0.0006388269976014271,0.0008517940004821867
raw/airplane/test/airplane_0657.obj,14,252,500,1326,42.095238095238095,1.0715443827234518e-05,0.010685702227298035,0.0006344189969240688,0.0007876719973864965
raw/airplane/test/airplane_0658.obj,2,252,500,251,7.968253968253968,0.009335262232433961,0.2139398616604751,0.0005819760044687428,0.0007672089996049181
raw/airplane/test/airplane_0658.obj,4,252,500,363,11.523809523809524,0.00026788437988522064,0.043959217103163986,0.0006129480025265366,0.0008506610029144213
raw/airplane/test/airplane_0658.obj,6,252,500,548,17.396825396825395,1.8914674778421533e-05,0.012972980625301358,0.0006145920051494613,0.0007961269948282279
raw/airplane/test/airplane_0658.obj,8,252,500,748,23.746031746031747,1.0257414938700036e-05,0.010609757686978909,0.0006139809993328527,0.0007532660019933246
raw/airplane/test/airplane_0658.obj,10,252,500,937,29.746031746031747,9.551616849057904e-06,0.009480053261655533,0.0006836829998064786,0.0008386879999306984
raw/airplane/test/airplane_0658.obj,12,252,500,1127,35.77777777777778,9.463139454221543e-06,0.010690014914663351,0.0006857270054752007,0.0008374859971809201
raw/airplane/test/airplane_0658.obj,14,252,500,1316,41.77777777777778,9.574623031557736e-06,0.01032354813215376,0.0006961469989619218,0.0008528159960405901
raw/airplane/test/airplane_0659.obj,2,252,500,266,8.444444444444445,0.005554112079157841,0.22494411322076668,0.003370874997926876,0.0021250099962344393
raw/airplane/test/airplane_0659.obj,4,252,500,393,12.476190476190476,0.00021163714507389737,0.046640867941230804,0.0007464209993486293,0.0009005269967019558
raw/airplane/test/airplane_0659.obj,6,252,500,587,18.634920634920636,2.7075177113684214e-05,0.01390362741058722,0.0006187909966683947,0.0009268440044252202
raw/airplane/test/airplane_0659.obj,8,252,500,778,24.6984126984127,1.6279904171874424e-05,0.011532019759522432,0.0006020820001140237,0.0008215349953388795
raw/airplane/test/airplane_0659.obj,10,252,500,969,30.761904761904763,1.5501158768985192e-05,0.012644352403057037,0.0006231099978322163,0.0009518990045762621
raw/airplane/test/airplane_0659.obj,12,252,500,1157,36.73015873015873,1.5524728851725443e-05,0.013790455451509203,0.0006219569986569695,0.0009695810003904626
raw/airplane/test/airplane_0659.obj,14,252,500,1347,42.76190476190476,1.573052668626078e-05,0.013654582100917283,0.0006841889990027994,0.0008588830023654737
raw/airplane/test/airplane_0660.obj,2,252,500,263,8.34920634920635,0.007692894530868303,0.2156631608960565,0.0006590169941773638,0.0007168170050135814
raw/airplane/test/airplane_0660.obj,4,252,500,388,12.317460317460318,0.00020243025897588867,0.047041664166900886,0.0006281180030782707,0.000886519999767188
raw/airplane/test/airplane_0660.obj,6,252,500,588,18.666666666666668,2.418965341921756e-05,0.013994550358883763,0.0006229979990166612,0.0008620840017101727
raw/airplane/test/airplane_0660.obj,8,252,500,773,24.53968253968254,1.4525829000935731e-05,0.012992795596001527,0.0006394590018317103,0.0008981130013125949
raw/airplane/test/airplane_0660.obj,10,252,500,962,30.53968253968254,1.3815535735390286e-05,0.011374914930232608,0.0006238600035430863,0.000869739000336267
raw/airplane/test/airplane_0660.obj,12,252,500,1151,36.53968253968254,1.3685867300135703e-05,0.01228236712352425,0.0006748870000592433,0.00088110999786295
raw/airplane/test/airplane_0660.obj,14,252,500,1341,42.57142857142857,1.3741818782901742e-05,0.01180661729360008,0.0007930570063763298,0.0008975020027719438
raw/airplane/test/airplane_0661.obj,2,252,500,270,8.571428571428571,0.006947331361991561,0.2064876557192708,0.0005287789972499013,0.0007700479982304387
raw/airplane/test/airplane_0661.obj,4,252,500,385,12.222222222222221,0.00015861056894333196,0.04353704494171316,0.0006261640010052361,0.0008601910012657754
raw/airplane/test/airplane_0661.obj,6,252,500,583,18.50793650793651,2.5979617709252648e-05,0.013881071918060957,0.0006142019992694259,0.0008628060022601858
raw/airplane/test/airplane_0661.obj,8,252,500,768,24.38095238095238,1.531959932888357e-05,0.0126319489018362,0.0006802770003559999,0.0008662219988764264
raw/airplane/test/airplane_0661.obj,10,252,500,956,30.349206349206348,1.475572752671933e-05,0.013061956603767527,0.0006336779988487251,0.0008556829998269677
raw/airplane/test/airplane_0661.obj,12,252,500,1145,36.34920634920635,1.474204584498222e-05,0.012152200250352104,0.0006750780012225732,0.0008699099998921156
raw/airplane/test/airplane_0661.obj,14,252,500,1334,42.34920634920635,1.4731670949310064e-05,0.012455717624043206,0.0006680949954898097,0.0008595199979026802
raw/airplane/test/airplane_0662.obj,2,248,500,290,9.35483870967742,0.006367561718820106,0.26435398070317934,0.0009174200022243895,0.001016889997117687
raw/airplane/test/airplane_0662.obj,4,248,500,420,13.548387096774194,0.0001619260183997028,0.06026785878943934,0.0006719609955325723,0.0008699999962118454
raw/airplane/test/airplane_0662.obj,6,248,500,602,19.419354838709676,2.8702401841842832e-05,0.015106873659879958,0.0006277379943639971,0.000867224000103306
raw/airplane/test/airplane_0662.obj,8,248,500,788,25.419354838709676,1.9226833807759313e-05,0.014664224023293707,0.0006258940047700889,0.0008612629972049035
raw/airplane/test/airplane_0662.obj,10,248,500,976,31.483870967741936,1.8493600484897714e-05,0.014941732798508302,0.0006695069969282486,0.0008520859992131591
raw/airplane/test/airplane_0662.obj,12,248,500,1163,37.516129032258064,1.8609354067803306e-05,0.013965048302565081,0.0006433270027628168,0.0008655809942865744
raw/airplane/test/airplane_0662.obj,14,248,500,1349,43.516129032258064,1.8452222691388264e-05,0.01491430001897512,0.0006888939969940111,0.0008114380034385249
raw/airplane/test/airplane_0663.obj,2,252,500,248,7.873015873015873,0.01593961342721377,0.3663221967123735,0.0005383089956012554,0.0006597320025321096
raw/airplane/test/airplane_0663.obj,4,252,500,350,11.11111111111111,0.00019016242206700338,0.03908329207776503,0.0006418310003937222,0.0007987339995452203
raw/airplane/test/airplane_0663.obj,6,252,500,531,16.857142857142858,1.7774275062750154e-05,0.012700881686874856,0.0006436469993786886,0.0008280280017061159
raw/airplane/test/airplane_0663.obj,8,252,500,714,22.666666666666668,7.745350977364974e-06,0.00931617269454334,0.0005616300040856004,0.0007873810027376749
raw/airplane/test/airplane_0663.obj,10,252,500,908,28.825396825396826,7.199462219077061e-06,0.008589430452198498,0.0006531149992952123,0.0009327779989689589
raw/airplane/test/airplane_0663.obj,12,252,500,1096,34.79365079365079,7.18445278136956e-06,0.009117665328460032,0.0006259729998419061,0.000879146005900111
raw/airplane/test/airplane_0663.obj,14,252,500,1285,40.79365079365079,7.201099048436044e-06,0.008559448484624133,0.0006729929955326952,0.0008052949997363612
raw/airplane/test/airplane_0664.obj,2,248,500,268,8.64516129032258,0.014525102117702554,0.37378884069624485,0.002143730001989752,0.0014854969995212741
raw/airplane/test/airplane_0664.obj,4,248,500,385,12.419354838709678,0.00018744789088581988,0.05064620439388425,0.0007329069994739257,0.0009883249949780293
raw/airplane/test/airplane_0664.obj,6,248,500,579,18.677419354838708,1.934035336566527e-05,0.012076053695373713,0.0006466619961429387,0.0009090829989872873
raw/airplane/test/airplane_0664.obj,8,248,500,767,24.741935483870968,1.105343125366246e-05,0.010409177209317336,0.0006435449977288954,0.0008382759988307953
raw/airplane/test/airplane_0664.obj,10,248,500,952,30.70967741935484,1.0376090301196127e-05,0.012464684043391365,0.000684168997395318,0.0009528209993732162
raw/airplane/test/airplane_0664.obj,12,248,500,1138,36.70967741935484,1.0387557336643956e-05,0.010302494057980614,0.0007448079995810986,0.0008838180001475848
raw/airplane/test/airplane_0664.obj,14,248,500,1325,42.74193548387097,1.0190510197758192e-05,0.010020532110682387,0.0006203939992701635,0.0008635519989184104
raw/airplane/test/airplane_0665.obj,2,248,500,263,8.483870967741936,0.009153637054182075,0.3480363879741029,0.0005892779954592697,0.0008320659981109202
raw/airplane/test/airplane_0665.obj,4,248,500,398,12.838709677419354,0.00019822066854483737,0.043025932672143184,0.0005369749997043982,0.0007595849965582602
raw/airplane/test/airplane_0665.obj,6,248,500,599,19.322580645161292,2.3020992992629176e-05,0.012496370435963439,0.0006669580034213141,0.0009823349973885342
raw/airplane/test/airplane_0665.obj,8,248,500,782,25.225806451612904,1.2439145152834001e-05,0.011772655799275285,0.0006613789955736138,0.0007321759985643439
raw/airplane/test/airplane_0665.obj,10,248,500,970,31.29032258064516,1.1922242854583166e-05,0.01223399141965308,0.000686683997628279,0.0008147340049617924
raw/airplane/test/airplane_0665.obj,12,248,500,1156,37.29032258064516,1.1855805399377291e-05,0.010663367650206321,0.0006954500058782287,0.0009320250028395094
raw/airplane/test/airplane_0665.obj,14,248,500,1342,43.29032258064516,1.1777038415799068e-05,0.01161218111709018,0.0007219670005724765,0.00087713600078132
raw/airplane/test/airplane_0666.obj,2,252,500,258,8.19047619047619,0.0072890881036045945,0.27318569947481713,0.0020273810005164705,0.001960665002116002
raw/airplane/test/airplane_0666.obj,4,252,500,379,12.031746031746032,0.00015277509514153217,0.04446478785121048,0.0007293300004675984,0.0008250009996118024
raw/airplane/test/airplane_0666.obj,6,252,500,573,18.19047619047619,1.9305653048945045e-05,0.012970656890453581,0.0005659270027535968,0.0007603659978485666
raw/airplane/test/airplane_0666.obj,8,252,500,759,24.095238095238095,1.0455320946681858e-05,0.011054924482004553,0.000580492996959947,0.0008351599972229451
raw/airplane/test/airplane_0666.obj,10,252,500,950,30.158730158730158,9.878216784825044e-06,0.010533011605966128,0.0005564299935940653,0.0008442969992756844
raw/airplane/test/airplane_0666.obj,12,252,500,1140,36.19047619047619,9.770066517921792e-06,0.010251408314723752,0.000597413003561087,0.0008241300020017661
raw/airplane/test/airplane_0666.obj,14,252,500,1329,42.19047619047619,9.69933719557238e-06,0.009619275052949378,0.0006361229970934801,0.0008357510014320724
raw/airplane/test/airplane_0667.obj,2,248,500,271,8.741935483870968,0.00840898067334439,0.26775150309661444,0.0005487470043590292,0.0007452819991158321
raw/airplane/test/airplane_0667.obj,4,248,500,391,12.612903225806452,0.00020821204173124147,0.047137283198972084,0.0006804779986850917,0.0009505639973212965
raw/airplane/test/airplane_0667.obj,6,248,500,589,19.0,2.159439624601939e-05,0.014848882093022297,0.0007415839936584234,0.0009161680063698441
raw/airplane/test/airplane_0667.obj,8,248,500,776,25.032258064516128,1.1953967893322552e-05,0.010912969954049886,0.0006264149997150525,0.0009528680020594038
raw/airplane/test/airplane_0667.obj,10,248,500,963,31.06451612903226,1.1469565680340011e-05,0.010640165366010814,0.0007640869953320362,0.0008947360038291663
raw/airplane/test/airplane_0667.obj,12,248,500,1150,37.096774193548384,1.1377983920419633e-05,0.011192142366632877,0.0007115270054782741,0.0009840470011113212
raw/airplane/test/airplane_0667.obj,14,248,500,1336,43.096774193548384,1.1472950966952423e-05,0.010040176573545405,0.0006866800031275488,0.0009042960009537637
raw/airplane/test/airplane_0668.obj,2,252,500,262,8.317460317460318,0.00694869179275223,0.260878737519037,0.0005633449982269667,0.000800385998445563
raw/airplane/test/airplane_0668.obj,4,252,500,387,12.285714285714286,0.00018325729934098877,0.05109153708802894,0.0006126590014901012,0.0008123299994622357
raw/airplane/test/airplane_0668.obj,6,252,500,578,18.349206349206348,2.4548830015543962e-05,0.012349918020750743,0.0006218359994818456,0.0007884739970904775
raw/airplane/test/airplane_0668.obj,8,252,500,765,24.285714285714285,1.3801198999749485e-05,0.012058488056482628,0.0004909659983240999,0.0006267360004130751
raw/airplane/test/airplane_0668.obj,10,252,500,954,30.285714285714285,1.3029624503007274e-05,0.011458630347072426,0.000611115996434819,0.0008809010032564402
raw/airplane/test/airplane_0668.obj,12,252,500,1144,36.317460317460316,1.2988991611645631e-05,0.01195016832177756,0.0006243620009627193,0.0007117679997463711
raw/airplane/test/airplane_0668.obj,14,252,500,1333,42.317460317460316,1.3215080255305514e-05,0.010785179049995342,0.0006147430030978285,0.0007486079994123429
raw/airplane/test/airplane_0669.obj,2,248,500,286,9.225806451612904,0.009532850570395957,0.2570708759852838,0.0019778119967668317,0.0010720449936343357
raw/airplane/test/airplane_0669.obj,4,248,500,398,12.838709677419354,0.00018279198036973517,0.048322287032785315,0.0007772660028422251,0.0009692910025478341
raw/airplane/test/airplane_0669.obj,6,248,500,593,19.129032258064516,2.404093184878591e-05,0.012884098587937346,0.0006701840029563755,0.0008540139970136806
raw/airplane/test/airplane_0669.obj,8,248,500,778,25.096774193548388,1.4318487397982973e-05,0.012124240865013375,0.0005962409995845519,0.0007475530001102015
raw/airplane/test/airplane_0669.obj,10,248,500,965,31.129032258064516,1.3487374634144404e-05,0.012264584015790572,0.0005965509990346618,0.0007914009984233417
raw/airplane/test/airplane_0669.obj,12,248,500,1151,37.12903225806452,1.341150813902368e-05,0.011968163211282763,0.0006173800065880641,0.0007924240053398535
raw/airplane/test/airplane_0669.obj,14,248,500,1337,43.12903225806452,1.350351781171295e-05,0.013726510550881128,0.0007411510014208034,0.0008063990026130341
raw/airplane/test/airplane_0670.obj,2,252,500,265,8.412698412698413,0.0160598240184731,0.3448376319444566,0.0027367160000721924,0.001057409004715737
raw/airplane/test/airplane_0670.obj,4,252,500,378,12.0,0.0002672311556733026,0.07057468303895818,0.0007153240003390238,0.0009679889990366064
raw/airplane/test/airplane_0670.obj,6,252,500,581,18.444444444444443,2.1689033108713496e-05,0.013619696145522412,0.000636352997389622,0.0008844789990689605
raw/airplane/test/airplane_0670.obj,8,252,500,770,24.444444444444443,1.1995586460499524e-05,0.01068417664028405,0.0006101460021454841,0.0008560079950257204
raw/airplane/test/airplane_0670.obj,10,252,500,958,30.41269841269841,1.1066623927763948e-05,0.012034045536773612,0.0006073810000088997,0.0009655449975980446
raw/airplane/test/airplane_0670.obj,12,252,500,1146,36.38095238095238,1.1064180690832144e-05,0.01037259807716015,0.0006827059987699613,0.0008574409948778339
raw/airplane/test/airplane_0670.obj,14,252,500,1334,42.34920634920635,1.1048800951616981e-05,0.011339079679832909,0.000700368000252638,0.0008532330029993318
raw/airplane/test/airplane_0671.obj,2,252,500,267,8.476190476190476,0.010089357388930888,0.22212828635761322,0.0005415929990704171,0.00071455400029663
raw/airplane/test/airplane_0671.obj,4,252,500,386,12.253968253968255,0.0001925646686533555,0.04180966371277956,0.0006708459986839443,0.000879469997016713
raw/airplane/test/airplane_0671.obj,6,252,500,592,18.793650793650794,2.465896884482221e-05,0.013406509983247312,0.0005863640035386197,0.0008255639986600727
raw/airplane/test/airplane_0671.obj,8,252,500,778,24.6984126984127,1.5213888892273432e-05,0.015101586623519339,0.0006445880062528886,0.0009439759960514493
raw/airplane/test/airplane_0671.obj,10,252,500,965,30.634920634920636,1.4266538165197585e-05,0.01226579477985175,0.0006988960012677126,0.0009398690017405897
raw/airplane/test/airplane_0671.obj,12,252,500,1154,36.63492063492063,1.4393852211883198e-05,0.011701425202879609,0.0006809430051362142,0.0008603160022175871
raw/airplane/test/airplane_0671.obj,14,252,500,1343,42.63492063492063,1.4645829715975657e-05,0.012899877922178546,0.0007412620034301654,0.0009498060026089661
raw/airplane/test/airplane_0672.obj,2,252,500,262,8.317460317460318,0.011660991183354497,0.35024273755961516,0.000573780998820439,0.0007200339969131164
raw/airplane/test/airplane_0672.obj,4,252,500,381,12.095238095238095,0.00022704554399655724,0.04633003429163261,0.0006220770010259002,0.0008159860008163378
raw/airplane/test/airplane_0672.obj,6,252,500,570,18.095238095238095,2.183383146471128e-05,0.01331941367479139,0.0007396090004476719,0.0008728879984118976
raw/airplane/test/airplane_0672.obj,8,252,500,757,24.03174603174603,1.1115653808256996e-05,0.011280875606276327,0.0007462209978257306,0.0008103259970084764
raw/airplane/test/airplane_0672.obj,10,252,500,950,30.158730158730158,1.037627951501264e-05,0.010823167398300795,0.0006159370022942312,0.000773881001805421
raw/airplane/test/airplane_0672.obj,12,252,500,1137,36.095238095238095,1.0392490939301353e-05,0.012697641960950386,0.0007275669995578937,0.0007925239988253452
raw/airplane/test/airplane_0672.obj,14,252,500,1326,42.095238095238095,1.020402358788025e-05,0.012174321629278647,0.000760465998610016,0.0008645339985378087
raw/airplane/test/airplane_0673.obj,2,252,500,250,7.936507936507937,0.010346323615480517,0.351608194791376,0.000617198005784303,0.001084108000213746
raw/airplane/test/airplane_0673.obj,4,252,500,370,11.746031746031745,0.0001738176284090894,0.04769536893365601,0.00042455000220797956,0.0005822099992656149
raw/airplane/test/airplane_0673.obj,6,252,500,577,18.317460317460316,2.172298331880061e-05,0.012251537092132005,0.0006590670018340461,0.0008491199987474829
raw/airplane/test/airplane_0673.obj,8,252,500,763,24.22222222222222,1.0458848886948796e-05,0.01047306287704729,0.0004558500004350208,0.0008036129947868176
raw/airplane/test/airplane_0673.obj,10,252,500,951,30.19047619047619,9.92714847800924e-06,0.011796584898117952,0.0006182900033309124,0.0007974510008352809
raw/airplane/test/airplane_0673.obj,12,252,500,1140,36.19047619047619,9.915772680100444e-06,0.01124149763537899,0.0006504509947262704,0.0008236209978349507
raw/airplane/test/airplane_0673.obj,14,252,500,1329,42.19047619047619,9.990771035235898e-06,0.010079810391376547,0.00048778099881019443,0.0006760590040357783
raw/airplane/test/airplane_0674.obj,2,252,500,265,8.412698412698413,0.005079659418297607,0.22928108652078946,0.0005855060007888824,0.0008254440035670996
raw/airplane/test/airplane_0674.obj,4,252,500,381,12.095238095238095,0.00017822666020135677,0.04905158480968054,0.0006213949964148924,0.0008434690025751479
raw/airplane/test/airplane_0674.obj,6,252,500,583,18.50793650793651,2.5257903071224096e-05,0.013245083311736117,0.0005948340040049516,0.0009088829974643886
raw/airplane/test/airplane_0674.obj,8,252,500,770,24.444444444444443,1.4266203808232622e-05,0.012679796491494038,0.0005906969963689335,0.0007878629985498264
raw/airplane/test/airplane_0674.obj,10,252,500,957,30.38095238095238,1.3869100869585292e-05,0.011849542740950795,0.0006700079975416884,0.0011690390019793995
raw/airplane/test/airplane_0674.obj,12,252,500,1147,36.41269841269841,1.3797673960949081e-05,0.012209267215758487,0.0006468630017479882,0.0009188420008285902
raw/airplane/test/airplane_0674.obj,14,252,500,1336,42.41269841269841,1.3775578678126508e-05,0.013098962147511205,0.0006739560049027205,0.0008705000000190921
raw/airplane/test/airplane_0675.obj,2,252,500,247,7.841269841269841,0.008550452208486381,0.3417727396943103,0.0005516710007213987,0.0007010400004219264
raw/airplane/test/airplane_0675.obj,4,252,500,355,11.26984126984127,0.00024803315405068425,0.06955978070262202,0.0006001280053169467,0.0008124200030579232
raw/airplane/test/airplane_0675.obj,6,252,500,549,17.428571428571427,1.7477390940353422e-05,0.011322603148158878,0.0006455900002038106,0.0008577009939472191
raw/airplane/test/airplane_0675.obj,8,252,500,735,23.333333333333332,8.20948486418755e-06,0.009804463641860595,0.0006291809986578301,0.0008111679999274202
raw/airplane/test/airplane_0675.obj,10,252,500,923,29.3015873015873,7.484244524269055e-06,0.008941643636412236,0.0007152480029617436,0.0008889589953469113
raw/airplane/test/airplane_0675.obj,12,252,500,1112,35.301587301587304,7.454816196928635e-06,0.00885689515305049,0.0006163490033941343,0.001038620997860562
raw/airplane/test/airplane_0675.obj,14,252,500,1301,41.301587301587304,7.521040719753169e-06,0.009234270318672605,0.0006516379944514483,0.0008537600006093271
raw/airplane/test/airplane_0676.obj,2,252,500,262,8.317460317460318,0.011122031963024352,0.28985341321911196,0.0005787589980172925,0.0007014299990260042
raw/airplane/test/airplane_0676.obj,4,252,500,381,12.095238095238095,0.00020507583681096174,0.04392344132076571,0.0006382770006894134,0.0008117790057440288
raw/airplane/test/airplane_0676.obj,6,252,500,590,18.73015873015873,2.3960893895305833e-05,0.013794673113585674,0.0006153759968583472,0.0007872950009186752
raw/airplane/test/airplane_0676.obj,8,252,500,776,24.634920634920636,1.4080605260178247e-05,0.011422481252996587,0.0006059579973225482,0.0034575319950818084
raw/airplane/test/airplane_0676.obj,10,252,500,965,30.634920634920636,1.3308309762266278e-05,0.012517439232308018,0.0007958200003486127,0.0010166470019612461
raw/airplane/test/airplane_0676.obj,12,252,500,1154,36.63492063492063,1.3461111842358978e-05,0.012933030113817174,0.0007023819998721592,0.0008806629994069226
raw/airplane/test/airplane_0676.obj,14,252,500,1343,42.63492063492063,1.3346683865359544e-05,0.011790990040037962,0.0007553969990112819,0.0010443270002724603
raw/airplane/test/airplane_0677.obj,2,252,500,266,8.444444444444445,0.007424899568197769,0.23113575211668821,0.0005465220019686967,0.0007141919995774515
raw/airplane/test/airplane_0677.obj,4,252,500,376,11.936507936507937,0.00018086503552902,0.04405222309800153,0.000623649000772275,0.0008319760017911904
raw/airplane/test/airplane_0677.obj,6,252,500,573,18.19047619047619,2.473080695401287e-05,0.014599361646083251,0.0006921800013515167,0.0008163370002876036
raw/airplane/test/airplane_0677.obj,8,252,500,756,24.0,1.4233233651900705e-05,0.01174606582888222,0.0006379260012181476,0.0008319359985762276
raw/airplane/test/airplane_0677.obj,10,252,500,945,30.0,1.3437863047065932e-05,0.011854451618129537,0.0006521729956148192,0.0009025710023706779
raw/airplane/test/airplane_0677.obj,12,252,500,1133,35.96825396825397,1.3449372133881257e-05,0.011703280017441493,0.0006133200004114769,0.0008002160029718652
raw/airplane/test/airplane_0677.obj,14,252,500,1322,41.96825396825397,1.345871251268147e-05,0.011320690289238133,0.0006805279990658164,0.0008706709995749407
raw/airplane/test/airplane_0678.obj,2,252,500,263,8.34920634920635,0.009159960595880137,0.29409210457447876,0.0006063559994800016,0.0006996130032348447
raw/airplane/test/airplane_0678.obj,4,252,500,386,12.253968253968255,0.00015739485112647284,0.04199769929316699,0.000576758997340221,0.0007829230016795918
raw/airplane/test/airplane_0678.obj,6,252,500,582,18.476190476190474,2.435733729572743e-05,0.013329275871028275,0.0005975390013190918,0.0007879119948484004
raw/airplane/test/airplane_0678.obj,8,252,500,769,24.41269841269841,1.3619436046603952e-05,0.011973047788174802,0.0008560170026612468,0.000834652004414238
raw/airplane/test/airplane_0678.obj,10,252,500,958,30.41269841269841,1.3132220850233123e-05,0.011361004863362473,0.00068199000088498,0.0008788060004008003
raw/airplane/test/airplane_0678.obj,12,252,500,1147,36.41269841269841,1.3250632875300096e-05,0.011805823237650042,0.0007030799970380031,0.000825123002869077
raw/airplane/test/airplane_0678.obj,14,252,500,1336,42.41269841269841,1.3047737459889109e-05,0.011732529451849293,0.0006536060027428903,0.0008396810007980093
raw/airplane/test/airplane_0679.obj,2,244,500,268,8.78688524590164,0.012730519868429623,0.3364505288951746,0.0006199010022100993,0.0006936520003364421
raw/airplane/test/airplane_0679.obj,4,244,500,397,13.01639344262295,0.00019487703944160822,0.053279364047622395,0.0005557789991144091,0.0007891440036473796
raw/airplane/test/airplane_0679.obj,6,244,500,591,19.37704918032787,2.316241458294059e-05,0.01240919779358081,0.0005656580033246428,0.0008560319984098896
raw/airplane/test/airplane_0679.obj,8,244,500,771,25.278688524590162,1.3668388585285613e-05,0.011781574165623806,0.0006050530064385384,0.0008030110038816929
raw/airplane/test/airplane_0679.obj,10,244,500,955,31.311475409836067,1.3144913587580393e-05,0.011252957953274016,0.0005724809961975552,0.0008115870004985482
raw/airplane/test/airplane_0679.obj,12,244,500,1138,37.31147540983606,1.3204099157686317e-05,0.012345494021535513,0.0006488979997811839,0.0009039130018209107
raw/airplane/test/airplane_0679.obj,14,244,500,1321,43.31147540983606,1.3088754871339737e-05,0.011274754594894663,0.0012043410024489276,0.0009037839990924112
raw/airplane/test/airplane_0680.obj,2,252,500,262,8.317460317460318,0.006176276743243037,0.2589812207029471,0.0005272449998301454,0.0007339899966609664
raw/airplane/test/airplane_0680.obj,4,252,500,379,12.031746031746032,0.00016965268367591488,0.04264026979402999,0.0006728339940309525,0.0008017090003704652
raw/airplane/test/airplane_0680.obj,6,252,500,580,18.41269841269841,2.3278754144759746e-05,0.013621347377241657,0.0005959659974905662,0.0008769229971221648
raw/airplane/test/airplane_0680.obj,8,252,500,765,24.285714285714285,1.3562240439742318e-05,0.013861180697142605,0.0006909379953867756,0.000891179995960556
raw/airplane/test/airplane_0680.obj,10,252,500,952,30.22222222222222,1.3220538327700493e-05,0.011965264520118922,0.0006562919952557422,0.0008273189960164018
raw/airplane/test/airplane_0680.obj,12,252,500,1141,36.22222222222222,1.3044506053255079e-05,0.014113434700448966,0.0006488280050689355,0.0008717330056242645
raw/airplane/test/airplane_0680.obj,14,252,500,1330,42.22222222222222,1.2945639812369371e-05,0.011484778740196665,0.0006825320015195757,0.0009290829984820448
raw/airplane/test/airplane_0681.obj,2,252,500,263,8.34920634920635,0.009064592676193223,0.2398420430533315,0.0005543970037251711,0.0007856180018279701
raw/airplane/test/airplane_0681.obj,4,252,500,385,12.222222222222221,0.00021527372496623292,0.04433573172628307,0.0006355920049827546,0.000920605001738295
raw/airplane/test/airplane_0681.obj,6,252,500,586,18.603174603174605,2.5290632613164266e-05,0.0162872069568099,0.0006237089983187616,0.0008333189980476163
raw/airplane/test/airplane_0681.obj,8,252,500,771,24.476190476190474,1.4910401290683796e-05,0.011902022872614708,0.0006539379974128678,0.0008328889962285757
raw/airplane/test/airplane_0681.obj,10,252,500,960,30.476190476190474,1.4297361588486287e-05,0.013301056645692368,0.000641985003312584,0.000816427003883291
raw/airplane/test/airplane_0681.obj,12,252,500,1149,36.476190476190474,1.4088558282211538e-05,0.012897933894298323,0.0006802569987485185,0.0008347219991264865
raw/airplane/test/airplane_0681.obj,14,252,500,1338,42.476190476190474,1.4229560711672602e-05,0.012604288721827044,0.0007367150028585456,0.0008676649958943017
raw/airplane/test/airplane_0682.obj,2,252,500,240,7.619047619047619,0.010439316339854263,0.35096540090315403,0.0005873299960512668,0.0006685750049655326
raw/airplane/test/airplane_0682.obj,4,252,500,376,11.936507936507937,0.00021957839415642248,0.044458023410751765,0.0006283179973252118,0.0007973510000738315
raw/airplane/test/airplane_0682.obj,6,252,500,576,18.285714285714285,2.1352083033040528e-05,0.013911196680278085,0.0005882420009584166,0.0008064380017458461
raw/airplane/test/airplane_0682.obj,8,252,500,764,24.253968253968253,1.1883937697392401e-05,0.010950248643770897,0.0006349309987854213,0.0009236510013579391
raw/airplane/test/airplane_0682.obj,10,252,500,952,30.22222222222222,1.1079360117869671e-05,0.010627279755540448,0.0006361630003084429,0.0008624149995739572
raw/airplane/test/airplane_0682.obj,12,252,500,1140,36.19047619047619,1.1123946289749444e-05,0.010418310078033455,0.0005879210002603941,0.0007721820002188906
raw/airplane/test/airplane_0682.obj,14,252,500,1329,42.19047619047619,1.1058445228968498e-05,0.01015920982973621,0.0006691259986837395,0.0009022910016938113
raw/airplane/test/airplane_0683.obj,2,246,500,284,9.235772357723578,0.014028039625511279,0.33805905612053844,0.0009083730037673377,0.000779175003117416
raw/airplane/test/airplane_0683.obj,4,246,500,408,13.268292682926829,0.00019534313549840156,0.046734390785699305,0.0006258330031414516,0.0008321570057887584
raw/airplane/test/airplane_0683.obj,6,246,500,605,19.67479674796748,2.546089029495174e-05,0.013650569488054197,0.0006373349970090203,0.0012458249984774739
raw/airplane/test/airplane_0683.obj,8,246,500,787,25.59349593495935,1.5288762127040154e-05,0.013727116549133354,0.0006262340029934421,0.0009054469992406666
raw/airplane/test/airplane_0683.obj,10,246,500,974,31.67479674796748,1.5088885132231875e-05,0.012510344003737454,0.0006100129976402968,0.0007976909982971847
raw/airplane/test/airplane_0683.obj,12,246,500,1157,37.6260162601626,1.4720639816594584e-05,0.012769693383651044,0.0006490680025308393,0.000814453000202775
raw/airplane/test/airplane_0683.obj,14,246,500,1342,43.642276422764226,1.4743224246501064e-05,0.012722311281385944,0.0006283789989538491,0.0007763700050418265
raw/airplane/test/airplane_0684.obj,2,250,500,265,8.48,0.00840018945221562,0.29721154142601897,0.0005444489943329245,0.0006585059963981621
raw/airplane/test/airplane_0684.obj,4,250,500,378,12.096,0.00019787616460599375,0.04666356551832974,0.0006246520060813054,0.0009078719958779402
raw/airplane/test/airplane_0684.obj,6,250,500,571,18.272,2.137849491218532e-05,0.01346292956853991,0.0004588350057019852,0.0006315349965007044
raw/airplane/test/airplane_0684.obj,8,250,500,761,24.352,1.0448695363259028e-05,0.01042441641729321,0.0005849860026501119,0.0007742169982520863
raw/airplane/test/airplane_0684.obj,10,250,500,948,30.336,9.947344561860026e-06,0.010139524891732954,0.0006283480033744127,0.0008950769988587126
raw/airplane/test/airplane_0684.obj,12,250,500,1136,36.352,9.963031542881916e-06,0.012523733912765034,0.0006400120037142187,0.0008166179977706634
raw/airplane/test/airplane_0684.obj,14,250,500,1324,42.368,1.0076595743205655e-05,0.01140253432188355,0.0006158649994176812,0.0007836049990146421
raw/airplane/test/airplane_0685.obj,2,252,500,255,8.095238095238095,0.009209098479243765,0.3417063673350186,0.0006053769975551404,0.0006870849974802695
raw/airplane/test/airplane_0685.obj,4,252,500,365,11.587301587301587,0.0001907541139250102,0.05448191324961141,0.0006066720015951432,0.0008153510061674751
raw/airplane/test/airplane_0685.obj,6,252,500,564,17.904761904761905,1.9633019896357545e-05,0.011485301455823075,0.0006390829948941246,0.0008184300022548996
raw/airplane/test/airplane_0685.obj,8,252,500,748,23.746031746031747,9.783907522972606e-06,0.009228609202483567,0.000635201002296526,0.0008453019981971011
raw/airplane/test/airplane_0685.obj,10,252,500,940,29.841269841269842,9.032240672278989e-06,0.009446379311405252,0.0005965579985058866,0.0008551899954909459
raw/airplane/test/airplane_0685.obj,12,252,500,1129,35.84126984126984,9.07487913003814e-06,0.011135178420769783,0.0006561799964401871,0.0008825819968478754
raw/airplane/test/airplane_0685.obj,14,252,500,1318,41.84126984126984,9.154518095927638e-06,0.010430970653686247,0.0006537160006701015,0.0007469740012311377
raw/airplane/test/airplane_0686.obj,2,252,500,259,8.222222222222221,0.0049485908812202115,0.17277292060610602,0.0005817850033054128,0.0040202390009653755
raw/airplane/test/airplane_0686.obj,4,252,500,380,12.063492063492063,0.0001698132321479976,0.05917721619668508,0.0006429440036299638,0.0008546919998480007
raw/airplane/test/airplane_0686.obj,6,252,500,559,17.746031746031747,1.7918995663912544e-05,0.010379860687786633,0.0006699010045849718,0.0008310150005854666
raw/airplane/test/airplane_0686.obj,8,252,500,761,24.158730158730158,1.0023551908346274e-05,0.009476228450795914,0.0005766469985246658,0.0007552210008725524
raw/airplane/test/airplane_0686.obj,10,252,500,950,30.158730158730158,9.580733632779422e-06,0.00926478427250544,0.0006476080016000196,0.000882049003848806
raw/airplane/test/airplane_0686.obj,12,252,500,1140,36.19047619047619,9.443648107407747e-06,0.00931007279867149,0.000706776998413261,0.0008478460003971122
raw/airplane/test/airplane_0686.obj,14,252,500,1329,42.19047619047619,9.333888429716132e-06,0.010223351335454198,0.0007261020000441931,0.0008385780020034872
raw/airplane/test/airplane_0687.obj,2,252,500,260,8.253968253968255,0.009787189600077961,0.3225091569800797,0.0005637419963022694,0.0007059880008455366
raw/airplane/test/airplane_0687.obj,4,252,500,384,12.19047619047619,0.0002383192726931786,0.04728375789450111,0.0007200039981398731,0.0009135309956036508
raw/airplane/test/airplane_0687.obj,6,252,500,577,18.317460317460316,2.2687611734773942e-05,0.01302969565653197,0.0006250529986573383,0.0008083229986368679
raw/airplane/test/airplane_0687.obj,8,252,500,764,24.253968253968253,1.180062396667282e-05,0.010120038736362904,0.0006309140007942915,0.0007443069989676587
raw/airplane/test/airplane_0687.obj,10,252,500,954,30.285714285714285,1.1333252876793959e-05,0.010855768439289213,0.0006150050030555576,0.0007707449985900894
raw/airplane/test/airplane_0687.obj,12,252,500,1143,36.285714285714285,1.1321707038149752e-05,0.011426698100437296,0.0007848110035411082,0.0008347300026798621
raw/airplane/test/airplane_0687.obj,14,252,500,1332,42.285714285714285,1.1014923088048133e-05,0.010411330532723511,0.0008382060041185468,0.0021014369995100424
raw/airplane/test/airplane_0688.obj,2,252,500,262,8.317460317460318,0.0072727496084021275,0.21812696129510573,0.0005247000008239411,0.000737635993573349
raw/airplane/test/airplane_0688.obj,4,252,500,379,12.031746031746032,0.00022820058175144592,0.055642207631838116,0.0005619319999823347,0.0007956869958434254
raw/airplane/test/airplane_0688.obj,6,252,500,579,18.38095238095238,2.480078547467421e-05,0.013659256127144649,0.0012426449975464493,0.0028458970045903698
raw/airplane/test/airplane_0688.obj,8,252,500,766,24.317460317460316,1.3711183809706208e-05,0.012620260636776171,0.0005808179994346574,0.000824973001726903
raw/airplane/test/airplane_0688.obj,10,252,500,956,30.349206349206348,1.3074427534507523e-05,0.012093351472486288,0.0006266260024858639,0.0008349719937541522
raw/airplane/test/airplane_0688.obj,12,252,500,1145,36.34920634920635,1.3067803482628303e-05,0.011695124208160643,0.0006409819980035536,0.0008451419998891652
raw/airplane/test/airplane_0688.obj,14,252,500,1334,42.34920634920635,1.291023331873935e-05,0.011402929400104072,0.0007906579994596541,0.0017276989965466782
raw/airplane/test/airplane_0689.obj,2,252,500,262,8.317460317460318,0.008557635669955828,0.2954961277219179,0.0005521029961528257,0.000600314000621438
raw/airplane/test/airplane_0689.obj,4,252,500,372,11.80952380952381,0.00017863467421568399,0.04121667482410857,0.0006387280009221286,0.0008897070001694374
raw/airplane/test/airplane_0689.obj,6,252,500,574,18.22222222222222,2.1170724141460197e-05,0.013814205459082343,0.0006149319960968569,0.0008448509979643859
raw/airplane/test/airplane_0689.obj,8,252,500,762,24.19047619047619,1.1167771225389862e-05,0.009861462967671979,0.0006232790037756786,0.000859298997966107
raw/airplane/test/airplane_0689.obj,10,252,500,947,30.063492063492063,1.0524380213640124e-05,0.010212723359776717,0.0012278920039534569,0.0008390399962081574
raw/airplane/test/airplane_0689.obj,12,252,500,1136,36.06349206349206,1.0470459717568968e-05,0.010574102197561901,0.0006364229993778281,0.000813730999652762
raw/airplane/test/airplane_0689.obj,14,252,500,1325,42.06349206349206,1.046804810407575e-05,0.010919738075678836,0.000653175993647892,0.000884908004081808
raw/airplane/test/airplane_0690.obj,2,252,500,271,8.603174603174603,0.01056040226305707,0.2415410187531009,0.000543734997336287,0.000680611003190279
raw/airplane/test/airplane_0690.obj,4,252,500,390,12.380952380952381,0.0001756950540673279,0.0467935129557955,0.0005884010024601594,0.0007953359963721596
raw/airplane/test/airplane_0690.obj,6,252,500,589,18.6984126984127,2.5342134230501188e-05,0.014236247542220267,0.0005790040013380349,0.0008686559958732687
raw/airplane/test/airplane_0690.obj,8,252,500,776,24.634920634920636,1.5580328195216216e-05,0.012801462672161337,0.0007347659993683919,0.001089828001568094
raw/airplane/test/airplane_0690.obj,10,252,500,967,30.6984126984127,1.5043085824613876e-05,0.013349600883735284,0.0005906260048504919,0.0008638069994049147
raw/airplane/test/airplane_0690.obj,12,252,500,1157,36.73015873015873,1.4931645844282087e-05,0.01227494493211261,0.0006289489974733442,0.0008386990011786111
raw/airplane/test/airplane_0690.obj,14,252,500,1346,42.73015873015873,1.4850582356470157e-05,0.0131135695982591,0.0006454510003095493,0.0010813720000442117
raw/airplane/test/airplane_0691.obj,2,252,500,266,8.444444444444445,0.009326616197527398,0.2753903048333866,0.0005690049947588705,0.0007043329969746992
raw/airplane/test/airplane_0691.obj,4,252,500,395,12.53968253968254,0.00022411941457095382,0.0439585937068595,0.0006056749989511445,0.0007629850006196648
raw/airplane/test/airplane_0691.obj,6,252,500,593,18.825396825396826,2.3731448623296735e-05,0.013761095913886549,0.0005808069981867447,0.0008229290033341385
raw/airplane/test/airplane_0691.obj,8,252,500,780,24.761904761904763,1.3944339640903466e-05,0.011280632095420793,0.0006489279985544272,0.0009121639959630556
raw/airplane/test/airplane_0691.obj,10,252,500,967,30.6984126984127,1.3225894930831592e-05,0.011020450836459729,0.0006202519944054075,0.0008503920034854673
raw/airplane/test/airplane_0691.obj,12,252,500,1157,36.73015873015873,1.3162265176627893e-05,0.011721308295049719,0.0006497490030596964,0.0008810700019239448
raw/airplane/test/airplane_0691.obj,14,252,500,1345,42.698412698412696,1.3151768137923406e-05,0.012288644786796506,0.0006473739995271899,0.0007962680028867908
raw/airplane/test/airplane_0692.obj,2,252,500,251,7.968253968253968,0.008865231519135621,0.34896469445256517,0.0005610500011243857,0.0007532759991590865
raw/airplane/test/airplane_0692.obj,4,252,500,369,11.714285714285714,0.00020897555974933594,0.05211874705065415,0.0006104439962655306,0.000881259999005124
raw/airplane/test/airplane_0692.obj,6,252,500,561,17.80952380952381,1.787161159054837e-05,0.012074992685356924,0.0005645870041917078,0.0007131490056053735
raw/airplane/test/airplane_0692.obj,8,252,500,748,23.746031746031747,9.499631133109713e-06,0.010097438745276546,0.0005335579990060069,0.0008082209969870746
raw/airplane/test/airplane_0692.obj,10,252,500,937,29.746031746031747,8.97342541036977e-06,0.009981041117930366,0.0006344189969240688,0.0008820720031508245
raw/airplane/test/airplane_0692.obj,12,252,500,1127,35.77777777777778,8.822409506670166e-06,0.009635703609827306,0.0005591360022663139,0.0007123280011001043
raw/airplane/test/airplane_0692.obj,14,252,500,1316,41.77777777777778,9.042731225235838e-06,0.010375583475537143,0.0006731739995302632,0.0008045939976000227
raw/airplane/test/airplane_0693.obj,2,252,500,267,8.476190476190476,0.0087366561186818,0.2392610964146199,0.0005601159937214106,0.0007090339931892231
raw/airplane/test/airplane_0693.obj,4,252,500,385,12.222222222222221,0.00020924795771484948,0.04733945761114911,0.0006405009989975952,0.0007883660000516102
raw/airplane/test/airplane_0693.obj,6,252,500,582,18.476190476190474,2.364798778960996e-05,0.01353917798532954,0.0006220370050868951,0.0009918220021063462
raw/airplane/test/airplane_0693.obj,8,252,500,772,24.50793650793651,1.3590302502005792e-05,0.012112639211477004,0.00068386899511097,0.000919151003472507
raw/airplane/test/airplane_0693.obj,10,252,500,963,30.571428571428573,1.309795277321981e-05,0.011583627600815844,0.0006932559990673326,0.000812509999377653
raw/airplane/test/airplane_0693.obj,12,252,500,1152,36.57142857142857,1.3075090444290183e-05,0.012476256480842841,0.0025951869974960573,0.0008581920046708547
raw/airplane/test/airplane_0693.obj,14,252,500,1341,42.57142857142857,1.304515404326324e-05,0.01217572646337051,0.0006534739950438961,0.0009007879998534918
raw/airplane/test/airplane_0694.obj,2,252,500,257,8.158730158730158,0.010212792696310142,0.3485895197052273,0.0005918390015722252,0.000762093004595954
raw/airplane/test/airplane_0694.obj,4,252,500,370,11.746031746031745,0.0002298602253279828,0.04009412126617363,0.0006670930015388876,0.0008631470045656897
raw/airplane/test/airplane_0694.obj,6,252,500,569,18.063492063492063,2.1662579033925195e-05,0.013464392649051585,0.0006311440010904334,0.0007981420058058575
raw/airplane/test/airplane_0694.obj,8,252,500,761,24.158730158730158,1.0720733713124856e-05,0.011027041136209543,0.0006523049960378557,0.0008588589989813045
raw/airplane/test/airplane_0694.obj,10,252,500,947,30.063492063492063,1.0340180519977954e-05,0.010793912787417207,0.00065877699671546,0.0008579369969083928
raw/airplane/test/airplane_0694.obj,12,252,500,1136,36.06349206349206,1.0236878921798233e-05,0.010434566031826463,0.0007077310001477599,0.000968447006016504
raw/airplane/test/airplane_0694.obj,14,252,500,1326,42.095238095238095,1.0049780146739639e-05,0.0106885343640111,0.000656903997878544,0.000840623994008638
raw/airplane/test/airplane_0695.obj,2,252,500,256,8.126984126984127,0.006097192487020554,0.20853827049807064,0.0005780979990959167,0.0007710550053161569
raw/airplane/test/airplane_0695.obj,4,252,500,380,12.063492063492063,0.00019423180934202488,0.046675120846853387,0.0006956200013519265,0.001130971999373287
raw/airplane/test/airplane_0695.obj,6,252,500,575,18.253968253968253,2.0692506591781285e-05,0.01275748677947084,0.0007283480008482002,0.0009663759992690757
raw/airplane/test/airplane_0695.obj,8,252,500,762,24.19047619047619,1.1770549947585649e-05,0.010114812251982006,0.0005944879958406091,0.0007872850037529133
raw/airplane/test/airplane_0695.obj,10,252,500,950,30.158730158730158,1.1189393963356914e-05,0.009991121000665007,0.0007022919962764718,0.0008178700009011663
raw/airplane/test/airplane_0695.obj,12,252,500,1139,36.15873015873016,1.1303201500550227e-05,0.010554661951814304,0.0006523119955090806,0.000833487996715121
raw/airplane/test/airplane_0695.obj,14,252,500,1327,42.12698412698413,1.1015836129747937e-05,0.009879707513702778,0.0006712169997626916,0.0007865730003686622
raw/airplane/test/airplane_0696.obj,2,252,500,258,8.19047619047619,0.009885850227159322,0.34565155821346233,0.0006354619981721044,0.0011446130010881461
raw/airplane/test/airplane_0696.obj,4,252,500,376,11.936507936507937,0.00019397409228228823,0.04276102628504045,0.0006729730012011714,0.0009421370050404221
raw/airplane/test/airplane_0696.obj,6,252,500,576,18.285714285714285,2.147778785894637e-05,0.011962755275869003,0.0005659489979734644,0.0007561829988844693
raw/airplane/test/airplane_0696.obj,8,252,500,763,24.22222222222222,1.0638198670044167e-05,0.010989711673414488,0.0006245109980227426,0.0008436790012638085
raw/airplane/test/airplane_0696.obj,10,252,500,950,30.158730158730158,1.0045297564549257e-05,0.009902858149807169,0.0006190509957377799,0.0008548710029572248
raw/airplane/test/airplane_0696.obj,12,252,500,1140,36.19047619047619,9.925154187286444e-06,0.011858142162283525,0.0006557610031450167,0.0008984340020106174
raw/airplane/test/airplane_0696.obj,14,252,500,1328,42.15873015873016,9.92384817683966e-06,0.011846889904066953,0.0006624129964620806,0.0033804990016506054
raw/airplane/test/airplane_0697.obj,2,252,500,247,7.841269841269841,0.006757588141826123,0.3484787210826028,0.003747438000573311,0.0012208240004838444
raw/airplane/test/airplane_0697.obj,4,252,500,359,11.396825396825397,0.00019184798128269487,0.0401911171547037,0.0007854210052755661,0.0009516490026726387
raw/airplane/test/airplane_0697.obj,6,252,500,559,17.746031746031747,1.9787610602389094e-05,0.011973264960241663,0.0005983649971312843,0.0009226469992427155
raw/airplane/test/airplane_0697.obj,8,252,500,747,23.714285714285715,8.900856896124288e-06,0.010258451937302565,0.0005894990026718006,0.000883707994944416
raw/airplane/test/airplane_0697.obj,10,252,500,937,29.746031746031747,8.318812085231796e-06,0.00947830204764552,0.0006111779948696494,0.0009191609933623113
raw/airplane/test/airplane_0697.obj,12,252,500,1126,35.74603174603175,8.184639369517726e-06,0.0088488035168907,0.0006077819998608902,0.0008657549988129176
raw/airplane/test/airplane_0697.obj,14,252,500,1315,41.74603174603175,8.218598320252211e-06,0.00905936689774876,0.0006393179937731475,0.000879699997312855
raw/airplane/test/airplane_0698.obj,2,252,500,252,8.0,0.009246868848263617,0.34159039694290166,0.000597874000959564,0.0008151830043061636
raw/airplane/test/airplane_0698.obj,4,252,500,361,11.46031746031746,0.00021595998576784758,0.04578159386235701,0.0006044559995643795,0.0008312339996336959
raw/airplane/test/airplane_0698.obj,6,252,500,541,17.174603174603174,1.9442065382731735e-05,0.013821155106651403,0.000604697001108434,0.0007839379977667704
raw/airplane/test/airplane_0698.obj,8,252,500,743,23.58730158730159,9.614137104305546e-06,0.011554982974944028,0.0006211959989741445,0.0007984439944266342
raw/airplane/test/airplane_0698.obj,10,252,500,934,29.650793650793652,8.980841262545688e-06,0.009358798251661906,0.0012362409979687072,0.0015326139982789755
raw/airplane/test/airplane_0698.obj,12,252,500,1123,35.65079365079365,8.847851252712235e-06,0.009136864401419365,0.0007182600020314567,0.0008570099962526001
raw/airplane/test/airplane_0698.obj,14,252,500,1312,41.65079365079365,8.822057762388385e-06,0.010790904713067852,0.0006741610050085001,0.0007995069972821511
raw/airplane/test/airplane_0699.obj,2,248,500,278,8.96774193548387,0.007288693430714062,0.26609458315822077,0.0005435359998955391,0.0007314840040635318
raw/airplane/test/airplane_0699.obj,4,248,500,396,12.774193548387096,0.000216052577991199,0.04647525589379544,0.0006025889961165376,0.0008173690002877265
raw/airplane/test/airplane_0699.obj,6,248,500,595,19.193548387096776,2.2627378456788083e-05,0.01364092941272879,0.0006229870050447062,0.00078783200297039
raw/airplane/test/airplane_0699.obj,8,248,500,782,25.225806451612904,1.2619415569539688e-05,0.011149880297516474,0.0005969780031591654,0.0007929419953143224
raw/airplane/test/airplane_0699.obj,10,248,500,970,31.29032258064516,1.2091681836791637e-05,0.011678004832135961,0.0005834519979543984,0.0008039029999054037
raw/airplane/test/airplane_0699.obj,12,248,500,1156,37.29032258064516,1.1908332501940215e-05,0.011864358742691363,0.0006628339979215525,0.0009282290047849528
raw/airplane/test/airplane_0699.obj,14,248,500,1341,43.25806451612903,1.2042080950172952e-05,0.01119294084373444,0.000647113993181847,0.0008285400035674684
raw/airplane/test/airplane_0700.obj,2,252,500,246,7.809523809523809,0.007310503444576714,0.34696425638822487,0.0006084499982534908,0.0008036330036702566
raw/airplane/test/airplane_0700.obj,4,252,500,353,11.206349206349206,0.00023508853503901588,0.04103809970837669,0.0008969910049927421,0.0008506420053890906
raw/airplane/test/airplane_0700.obj,6,252,500,541,17.174603174603174,1.883445243917717e-05,0.012051007977516875,0.0005942139978287742,0.0008937550010159612
raw/airplane/test/airplane_0700.obj,8,252,500,738,23.428571428571427,7.961807815725754e-06,0.008288254443402015,0.0006395000018528663,0.0009202559958794154
raw/airplane/test/airplane_0700.obj,10,252,500,928,29.46031746031746,7.421797431559611e-06,0.008379767529064644,0.000617477999185212,0.0008464749989798293
raw/airplane/test/airplane_0700.obj,12,252,500,1115,35.3968253968254,7.3371289609438535e-06,0.009283224347600452,0.000726344995200634,0.0008486990045639686
raw/airplane/test/airplane_0700.obj,14,252,500,1304,41.3968253968254,7.226304719009418e-06,0.008962339641692895,0.0006372860007104464,0.0008208059953176416
raw/airplane/test/airplane_0701.obj,2,248,500,265,8.548387096774194,0.009828188793044774,0.3506584888693943,0.002298693005286623,0.0009957079964806326
raw/airplane/test/airplane_0701.obj,4,248,500,379,12.225806451612904,0.00024040131564970457,0.042414628162441285,0.0008567890035919845,0.0008630500014987774
raw/airplane/test/airplane_0701.obj,6,248,500,579,18.677419354838708,2.2418426871790873e-05,0.012532641592268771,0.0006011999939801171,0.001270492997718975
raw/airplane/test/airplane_0701.obj,8,248,500,765,24.677419354838708,1.0771497846867134e-05,0.009250633962192476,0.0005874950002180412,0.0008719760007807054
raw/airplane/test/airplane_0701.obj,10,248,500,953,30.741935483870968,1.0068210489615866e-05,0.00979939598365696,0.0006221670046215877,0.0009006780019262806
raw/airplane/test/airplane_0701.obj,12,248,500,1139,36.74193548387097,1.011725910005285e-05,0.010521273277833523,0.0006219069982762448,0.000871115000336431
raw/airplane/test/airplane_0701.obj,14,248,500,1325,42.74193548387097,9.994976006495682e-06,0.010701500921898859,0.0008247419973486103,0.0011754820006899536
raw/airplane/test/airplane_0702.obj,2,252,500,256,8.126984126984127,0.008375349586793233,0.34299562832423386,0.0005058340029790998,0.0007290799985639751
raw/airplane/test/airplane_0702.obj,4,252,500,367,11.65079365079365,0.00019126716807394757,0.04691616743858701,0.0006329460011329502,0.0007823209962225519
raw/airplane/test/airplane_0702.obj,6,252,500,565,17.936507936507937,2.1780608235777684e-05,0.011787932313257336,0.0006179890042403713,0.0008222980031860061
raw/airplane/test/airplane_0702.obj,8,252,500,755,23.96825396825397,9.58833557752785e-06,0.009679722986675632,0.0005621620002784766,0.0007577149954158813
raw/airplane/test/airplane_0702.obj,10,252,500,944,29.96825396825397,8.910626690236515e-06,0.009688881951014201,0.0011233719997107983,0.0009962289987015538
raw/airplane/test/airplane_0702.obj,12,252,500,1133,35.96825396825397,8.934774161402823e-06,0.009972226170165147,0.0006629740018979646,0.0008348810006282292
raw/airplane/test/airplane_0702.obj,14,252,500,1323,42.0,8.852794154588817e-06,0.010882110908036893,0.0018246799954795279,0.0008829329963191412
raw/airplane/test/airplane_0703.obj,2,248,500,274,8.838709677419354,0.007395348069851893,0.2143759847248325,0.0005399899964686483,0.0006998450044193305
raw/airplane/test/airplane_0703.obj,4,248,500,397,12.806451612903226,0.00020978127320652671,0.04613962168793491,0.0006310640019364655,0.0009025120016303845
raw/airplane/test/airplane_0703.obj,6,248,500,586,18.903225806451612,2.071422430450608e-05,0.012472412641781377,0.0006094519994803704,0.000886941998032853
raw/airplane/test/airplane_0703.obj,8,248,500,771,24.870967741935484,1.206661714830625e-05,0.010677893852823453,0.0006287289943429641,0.0009362960045109503
raw/airplane/test/airplane_0703.obj,10,248,500,959,30.93548387096774,1.1470783178992477e-05,0.012000560098505132,0.0006566820011357777,0.0010601120011415333
raw/airplane/test/airplane_0703.obj,12,248,500,1143,36.87096774193548,1.1408741541243527e-05,0.010274768521365442,0.0006680540027446114,0.0008652000033180229
raw/airplane/test/airplane_0703.obj,14,248,500,1329,42.87096774193548,1.1303238184807765e-05,0.01040974215018703,0.0006602089997613803,0.00092061599571025
raw/airplane/test/airplane_0704.obj,2,252,500,258,8.19047619047619,0.008690385203580352,0.29493610381101265,0.0010315220060874708,0.0007154049962991849
raw/airplane/test/airplane_0704.obj,4,252,500,371,11.777777777777779,0.0001730444673034651,0.04073320169257353,0.0006545959986397065,0.0008447680011158809
raw/airplane/test/airplane_0704.obj,6,252,500,568,18.03174603174603,2.04721645829834e-05,0.013874601917273466,0.0005675599968526512,0.0007916719987406395
raw/airplane/test/airplane_0704.obj,8,252,500,753,23.904761904761905,1.0537220773678145e-05,0.011625766174187294,0.0007605860009789467,0.0009485140035394579
raw/airplane/test/airplane_0704.obj,10,252,500,944,29.96825396825397,9.937208000542976e-06,0.010165311425942085,0.0006404710002243519,0.0007566700005554594
raw/airplane/test/airplane_0704.obj,12,252,500,1133,35.96825396825397,9.87826525493288e-06,0.010521792282507027,0.0006365240042214282,0.0008541649949620478
raw/airplane/test/airplane_0704.obj,14,252,500,1323,42.0,9.917857459388639e-06,0.009908472690080047,0.0018852630018955097,0.0010111169976880774
raw/airplane/test/airplane_0705.obj,2,252,500,255,8.095238095238095,0.008355526261954906,0.34210242308945144,0.0005031090040574782,0.0007075389949022792
raw/airplane/test/airplane_0705.obj,4,252,500,366,11.619047619047619,0.00018682478844541268,0.049770005395586236,0.0006296300052781589,0.0008051049953792244
raw/airplane/test/airplane_0705.obj,6,252,500,557,17.682539682539684,2.1934392824259632e-05,0.01466666373985676,0.000571920994843822,0.0008945750014390796
raw/airplane/test/airplane_0705.obj,8,252,500,752,23.873015873015873,9.61957559276058e-06,0.01005295578263144,0.0005689050012733787,0.0008378170023206621
raw/airplane/test/airplane_0705.obj,10,252,500,943,29.936507936507937,8.942686412480332e-06,0.010137662625612564,0.000647214001219254,0.0009490590018685907
raw/airplane/test/airplane_0705.obj,12,252,500,1131,35.904761904761905,8.894850323424828e-06,0.010019899115990775,0.0010103659951710142,0.0015858389961067587
raw/airplane/test/airplane_0705.obj,14,252,500,1321,41.93650793650794,8.829028297953637e-06,0.009480279958664082,0.0006587759999092668,0.0008353529992746189
raw/airplane/test/airplane_0706.obj,2,252,500,281,8.920634920634921,0.008126755113152306,0.33970024763816425,0.0005647170037264004,0.0010827139994944446
raw/airplane/test/airplane_0706.obj,4,252,500,400,12.698412698412698,0.00018790649065349852,0.04115358245190095,0.0011649520020000637,0.0008773129957262427
raw/airplane/test/airplane_0706.obj,6,252,500,596,18.92063492063492,2.869813926023153e-05,0.014603225898640158,0.0006395500022335909,0.0008747379979467951
raw/airplane/test/airplane_0706.obj,8,252,500,781,24.793650793650794,1.9354182396484108e-05,0.014502273450579807,0.0006452099987654947,0.0008851780003169551
raw/airplane/test/airplane_0706.obj,10,252,500,969,30.761904761904763,1.867258383427071e-05,0.014477445483331913,0.000641113001620397,0.0008968199981609359
raw/airplane/test/airplane_0706.obj,12,252,500,1158,36.76190476190476,1.8423280016662238e-05,0.014231590010070932,0.0006054350014892407,0.0007929429993964732
raw/airplane/test/airplane_0706.obj,14,252,500,1347,42.76190476190476,1.8585598668685703e-05,0.01453786587544197,0.0006843259980087169,0.0008652999968035147
raw/airplane/test/airplane_0707.obj,2,252,500,257,8.158730158730158,0.008355050933635144,0.3477922205130493,0.000530272998730652,0.0007789410010445863
raw/airplane/test/airplane_0707.obj,4,252,500,376,11.936507936507937,0.00018242536485606182,0.04596096087792602,0.0006741120014339685,0.0008429790032096207
raw/airplane/test/airplane_0707.obj,6,252,500,574,18.22222222222222,1.8640190198141e-05,0.014301019615901864,0.0005897540031583048,0.0008476660004816949
raw/airplane/test/airplane_0707.obj,8,252,500,761,24.158730158730158,1.0350457183807421e-05,0.009982713688325685,0.0006149730033939704,0.0008295209991047159
raw/airplane/test/airplane_0707.obj,10,252,500,950,30.158730158730158,9.636451262210824e-06,0.010342835894526371,0.0006122170016169548,0.0007993140025064349
raw/airplane/test/airplane_0707.obj,12,252,500,1139,36.15873015873016,9.554847348386847e-06,0.009943800714180566,0.0006185989986988716,0.0008661009997013025
raw/airplane/test/airplane_0707.obj,14,252,500,1329,42.19047619047619,9.705350502495638e-06,0.010594072989320616,0.0006930210001883097,0.0009210760035784915
raw/airplane/test/airplane_0708.obj,2,252,500,275,8.73015873015873,0.010456281639122642,0.24345043297266183,0.0005483560016728006,0.0007242520005092956
raw/airplane/test/airplane_0708.obj,4,252,500,393,12.476190476190476,0.00018414004866729123,0.05183014559391417,0.0006120879988884553,0.0008321580025949515
raw/airplane/test/airplane_0708.obj,6,252,500,588,18.666666666666668,2.5226000652484738e-05,0.013190375103017467,0.0006894149992149323,0.0008661030005896464
raw/airplane/test/airplane_0708.obj,8,252,500,772,24.50793650793651,1.5463882755329152e-05,0.011952296968462254,0.0005682539995177649,0.0007465239978046156
raw/airplane/test/airplane_0708.obj,10,252,500,961,30.50793650793651,1.5036956636616947e-05,0.01276060174862602,0.0005913980057812296,0.0007582370017189533
raw/airplane/test/airplane_0708.obj,12,252,500,1153,36.6031746031746,1.4935167582657117e-05,0.011053226168805436,0.00044817500020144507,0.0006266959971981123
raw/airplane/test/airplane_0708.obj,14,252,500,1342,42.6031746031746,1.499115985796419e-05,0.012344237318108782,0.0006242010058485903,0.0007485979949706234
raw/airplane/test/airplane_0709.obj,2,248,500,270,8.709677419354838,0.00802783380541683,0.34081549645672765,0.0005751140051870607,0.0007343500037677586
raw/airplane/test/airplane_0709.obj,4,248,500,398,12.838709677419354,0.00022065558842647285,0.05619935119431469,0.0006445719991461374,0.0008508290047757328
raw/airplane/test/airplane_0709.obj,6,248,500,593,19.129032258064516,2.6746174012620764e-05,0.015285062222300125,0.0007594349954160862,0.0008225179990404285
raw/airplane/test/airplane_0709.obj,8,248,500,781,25.193548387096776,1.5171929644709057e-05,0.012557897745396434,0.00063351900462294,0.0008296510059153661
raw/airplane/test/airplane_0709.obj,10,248,500,967,31.193548387096776,1.4511834438705862e-05,0.01284111175675087,0.0006445290055125952,0.0008377359990845434
raw/airplane/test/airplane_0709.obj,12,248,500,1153,37.193548387096776,1.4629183133966398e-05,0.012311447818146295,0.0006227970006875694,0.0007988340003066696
raw/airplane/test/airplane_0709.obj,14,248,500,1339,43.193548387096776,1.451319305402262e-05,0.012963547080765737,0.0006468549981946126,0.0008480730029987171
raw/airplane/test/airplane_0710.obj,2,252,500,269,8.53968253968254,0.009528536609973737,0.25030151981106574,0.0005550089990720153,0.0008313660000567324
raw/airplane/test/airplane_0710.obj,4,252,500,388,12.317460317460318,0.00018252556775175967,0.039535577604877255,0.0006015580001985654,0.0008271379992947914
raw/airplane/test/airplane_0710.obj,6,252,500,586,18.603174603174605,2.434917186917332e-05,0.01613676421534904,0.0006348109964164905,0.0008371270014322363
raw/airplane/test/airplane_0710.obj,8,252,500,771,24.476190476190474,1.4041208322180773e-05,0.0122075811041559,0.0005488270035129972,0.0007842459963285364
raw/airplane/test/airplane_0710.obj,10,252,500,961,30.50793650793651,1.346817751427369e-05,0.011262557430027131,0.000664218001475092,0.0008119990015984513
raw/airplane/test/airplane_0710.obj,12,252,500,1150,36.507936507936506,1.3389676162850876e-05,0.012924370899232443,0.0006379769984050654,0.0009290520029026084
raw/airplane/test/airplane_0710.obj,14,252,500,1339,42.507936507936506,1.3373081988665764e-05,0.013060637789742034,0.0006503900003735907,0.0008652210017316975
raw/airplane/test/airplane_0711.obj,2,248,500,266,8.580645161290322,0.011061042187587463,0.3474819266723306,0.0005442279943963513,0.0007312449961318634
raw/airplane/test/airplane_0711.obj,4,248,500,384,12.387096774193548,0.00023724626217459436,0.04458096386609611,0.0003693350008688867,0.0005613110042759217
raw/airplane/test/airplane_0711.obj,6,248,500,577,18.612903225806452,2.053896781966347e-05,0.012021255392363058,0.0004020769993076101,0.0005373849999159575
raw/airplane/test/airplane_0711.obj,8,248,500,762,24.580645161290324,1.0464179551406814e-05,0.009783496924286861,0.0004352710020611994,0.0005348610065993853
raw/airplane/test/airplane_0711.obj,10,248,500,946,30.516129032258064,1.0032405766491379e-05,0.010674411764625906,0.00039503399602836,0.0005261939950287342
raw/airplane/test/airplane_0711.obj,12,248,500,1133,36.54838709677419,1.00484977931606e-05,0.010380732536907791,0.0004128479995415546,0.0005583849997492507
raw/airplane/test/airplane_0711.obj,14,248,500,1318,42.516129032258064,9.903427758253369e-06,0.010649308422809742,0.0004174469941062853,0.0005514119984582067
raw/airplane/test/airplane_0712.obj,2,248,500,276,8.903225806451612,0.005318457038182313,0.23597016547815364,0.0006331370022962801,0.000819141001557
raw/airplane/test/airplane_0712.obj,4,248,500,386,12.451612903225806,0.00023471849192779063,0.04412455957077434,0.0007211160045699216,0.0008429849985986948
raw/airplane/test/airplane_0712.obj,6,248,500,583,18.806451612903224,2.270504975414493e-05,0.014046041255305989,0.0010225419973721728,0.0008571910002501681
raw/airplane/test/airplane_0712.obj,8,248,500,766,24.70967741935484,1.0491711756848645e-05,0.010170177309663722,0.0006355830046231858,0.0008287289965664968
raw/airplane/test/airplane_0712.obj,10,248,500,952,30.70967741935484,9.896165022589386e-06,0.010239927400969531,0.0005985159950796515,0.0006822759969509207
raw/airplane/test/airplane_0712.obj,12,248,500,1138,36.70967741935484,9.979305653375901e-06,0.01052699661090526,0.0013214799982961267,0.001541208999697119
raw/airplane/test/airplane_0712.obj,14,248,500,1324,42.70967741935484,9.913844615586351e-06,0.009588428984504157,0.0006515709974337369,0.0008015500061446801
raw/airplane/test/airplane_0713.obj,2,252,500,255,8.095238095238095,0.00907598005182683,0.3421575582994759,0.000560976994165685,0.0007092839950928465
raw/airplane/test/airplane_0713.obj,4,252,500,371,11.777777777777779,0.00020985080795635683,0.04751921623641543,0.0006231799998204224,0.0007878660035203211
raw/airplane/test/airplane_0713.obj,6,252,500,575,18.253968253968253,1.9641742832307517e-05,0.012485648686875296,0.0006000180001137778,0.0008159659992088564
raw/airplane/test/airplane_0713.obj,8,252,500,761,24.158730158730158,9.673591098097807e-06,0.010141373677101152,0.0006139229953987524,0.000807320000603795
raw/airplane/test/airplane_0713.obj,10,252,500,949,30.126984126984127,9.136098111521842e-06,0.00937442756763557,0.0006533839987241663,0.0008303619979415089
raw/airplane/test/airplane_0713.obj,12,252,500,1137,36.095238095238095,8.973946905725815e-06,0.008932618138867194,0.0006547169978148304,0.000870553994900547
raw/airplane/test/airplane_0713.obj,14,252,500,1326,42.095238095238095,9.048894022729773e-06,0.009706030018817197,0.00231600600091042,0.0008898289961507544
raw/airplane/test/airplane_0714.obj,2,252,500,259,8.222222222222221,0.009298498561682429,0.3515049640362058,0.0005767399998148903,0.0007435779989464208
raw/airplane/test/airplane_0714.obj,4,252,500,380,12.063492063492063,0.0002440037620729487,0.047938581854975536,0.0006219960050657392,0.000810145000286866
raw/airplane/test/airplane_0714.obj,6,252,500,579,18.38095238095238,2.393174996488105e-05,0.012301991391568741,0.0006368540052790195,0.0008578059932915494
raw/airplane/test/airplane_0714.obj,8,252,500,766,24.317460317460316,1.1172492492286248e-05,0.01079372569353285,0.0006243500029086135,0.0009605020022718236
raw/airplane/test/airplane_0714.obj,10,252,500,954,30.285714285714285,1.0497310093432748e-05,0.010800281824567963,0.0006289699958870187,0.0008402929961448535
raw/airplane/test/airplane_0714.obj,12,252,500,1142,36.25396825396825,1.065160178440033e-05,0.011233783210020864,0.0006276060012169182,0.0007976210035849363
raw/airplane/test/airplane_0714.obj,14,252,500,1331,42.25396825396825,1.0466551939187327e-05,0.010500152614128608,0.000696367998898495,0.0008381579973502085
raw/airplane/test/airplane_0715.obj,2,248,500,285,9.193548387096774,0.009250952950195887,0.2149104838251927,0.000622619001660496,0.0012972109980182722
raw/airplane/test/airplane_0715.obj,4,248,500,404,13.03225806451613,0.00023611082650417357,0.044200701303252606,0.0006577720050700009,0.0008580120047554374
raw/airplane/test/airplane_0715.obj,6,248,500,603,19.451612903225808,2.5891742360829493e-05,0.013555498392422574,0.0005975259991828352,0.0008745180020923726
raw/airplane/test/airplane_0715.obj,8,248,500,788,25.419354838709676,1.6345029244993932e-05,0.012309851583939902,0.0006354329962050542,0.0008425580017501488
raw/airplane/test/airplane_0715.obj,10,248,500,974,31.419354838709676,1.572620835176974e-05,0.014388876460554775,0.0005973660008748993,0.0008640579981147312
raw/airplane/test/airplane_0715.obj,12,248,500,1159,37.38709677419355,1.5741102635532987e-05,0.013838591413341724,0.0006314819984254427,0.0008723619976080954
raw/airplane/test/airplane_0715.obj,14,248,500,1346,43.41935483870968,1.5679418142814458e-05,0.01309633420663228,0.000652059999993071,0.0008257099980255589
raw/airplane/test/airplane_0716.obj,2,252,500,272,8.634920634920634,0.010619203943167945,0.24139735638525034,0.0006028689967934042,0.0007800870007486083
raw/airplane/test/airplane_0716.obj,4,252,500,394,12.507936507936508,0.0001747786078632792,0.04669340754841211,0.0005967380056972615,0.000749630002246704
raw/airplane/test/airplane_0716.obj,6,252,500,592,18.793650793650794,2.6086944039054365e-05,0.014266613946424339,0.0005935319932177663,0.000838429004943464
raw/airplane/test/airplane_0716.obj,8,252,500,775,24.603174603174605,1.5307884264562067e-05,0.013008374291156678,0.0006186989994603209,0.0009818570033530705
raw/airplane/test/airplane_0716.obj,10,252,500,966,30.666666666666668,1.4945472880366802e-05,0.012149253821577295,0.0006086499997763894,0.0008386490007978864
raw/airplane/test/airplane_0716.obj,12,252,500,1156,36.698412698412696,1.4849236032763538e-05,0.01139533926819704,0.000652934999379795,0.0008543290023226291
raw/airplane/test/airplane_0716.obj,14,252,500,1345,42.698412698412696,1.4688543413711492e-05,0.011783334425096612,0.0006349809991661459,0.0008508929968229495
raw/airplane/test/airplane_0717.obj,2,252,500,253,8.031746031746032,0.009134099085728594,0.34752603134961424,0.0006029620053595863,0.0007470990021829493
raw/airplane/test/airplane_0717.obj,4,252,500,358,11.365079365079366,0.00022152735403651642,0.04344042648958884,0.0006341490006889217,0.0008323869988089427
raw/airplane/test/airplane_0717.obj,6,252,500,548,17.396825396825395,2.009832945509978e-05,0.011792309810473038,0.0006324760033749044,0.0008534369990229607
raw/airplane/test/airplane_0717.obj,8,252,500,732,23.238095238095237,9.347366154243797e-06,0.009912023093029812,0.0006046720009180717,0.0009075699999812059
raw/airplane/test/airplane_0717.obj,10,252,500,921,29.238095238095237,8.72469775373098e-06,0.009717926814230053,0.000627496003289707,0.000935021998884622
raw/airplane/test/airplane_0717.obj,12,252,500,1110,35.23809523809524,8.684045655505144e-06,0.00979067663066794,0.0006394489973899908,0.0008116669996525161
raw/airplane/test/airplane_0717.obj,14,252,500,1299,41.23809523809524,8.78266129628603e-06,0.009602842187402,0.0006727630025125109,0.0019180580056854524
raw/airplane/test/airplane_0718.obj,2,252,500,263,8.34920634920635,0.006871659170414022,0.18928105657977862,0.0005395499974838458,0.000690761000441853
raw/airplane/test/airplane_0718.obj,4,252,500,375,11.904761904761905,0.00022205856023395438,0.0470406578127655,0.0007109169964678586,0.0008767250037635677
raw/airplane/test/airplane_0718.obj,6,252,500,575,18.253968253968253,2.297967302731133e-05,0.012534018529178225,0.0006223480013431981,0.0008186310005839914
raw/airplane/test/airplane_0718.obj,8,252,500,757,24.03174603174603,1.1656242558032719e-05,0.010157622077969768,0.0007029430053080432,0.0010732790033216588
raw/airplane/test/airplane_0718.obj,10,252,500,945,30.0,1.1003604970904823e-05,0.010588765294489131,0.0007242110004881397,0.0008547359975636937
raw/airplane/test/airplane_0718.obj,12,252,500,1136,36.06349206349206,1.0915329531906074e-05,0.011106200661432041,0.000622539002506528,0.0007613280031364411
raw/airplane/test/airplane_0718.obj,14,252,500,1324,42.03174603174603,1.0926937676459207e-05,0.010804584972860245,0.0006827469987911172,0.0008706549997441471
raw/airplane/test/airplane_0719.obj,2,248,500,275,8.870967741935484,0.008224066913776869,0.31545717340959367,0.00058053699467564,0.0007019690019660629
raw/airplane/test/airplane_0719.obj,4,248,500,387,12.483870967741936,0.00019526199898129188,0.046696051978661515,0.0006013669990352355,0.0009013590024551377
raw/airplane/test/airplane_0719.obj,6,248,500,582,18.774193548387096,2.052921182610171e-05,0.012717758885578516,0.005395539999881294,0.0009210070056724362
raw/airplane/test/airplane_0719.obj,8,248,500,769,24.806451612903224,1.0504219644348463e-05,0.010932496280341377,0.0005666910001309589,0.0009354389985674061
raw/airplane/test/airplane_0719.obj,10,248,500,955,30.806451612903224,9.984137919672829e-06,0.010921600996355045,0.0006518829977721907,0.0009219490020768717
raw/airplane/test/airplane_0719.obj,12,248,500,1142,36.83870967741935,9.959399076475925e-06,0.010179944399343104,0.0006409030029317364,0.0008729749970370904
raw/airplane/test/airplane_0719.obj,14,248,500,1328,42.83870967741935,1.0056836309794101e-05,0.009597629698332636,0.0006805980010540225,0.0008372270021936856
raw/airplane/test/airplane_0720.obj,2,252,500,257,8.158730158730158,0.0071975478589901805,0.3061446187375238,0.002465628000209108,0.002325128996744752
raw/airplane/test/airplane_0720.obj,4,252,500,372,11.80952380952381,0.00020830041938983956,0.04744005471224427,0.0007158660009736195,0.0009595240044291131
raw/airplane/test/airplane_0720.obj,6,252,500,574,18.22222222222222,2.4328238736951996e-05,0.01323742237364051,0.0006180299969855696,0.0009403989970451221
raw/airplane/test/airplane_0720.obj,8,252,500,768,24.38095238095238,1.3804365681029931e-05,0.010881384376644036,0.0006308419979177415,0.0008218360017053783
raw/airplane/test/airplane_0720.obj,10,252,500,956,30.349206349206348,1.3155799492685216e-05,0.012604943474443162,0.0006058079961803742,0.0010118770005647093
raw/airplane/test/airplane_0720.obj,12,252,500,1146,36.38095238095238,1.3045823325635084e-05,0.012140831051763024,0.0006968419984332286,0.0009286680069635622
raw/airplane/test/airplane_0720.obj,14,252,500,1335,42.38095238095238,1.3003999345822231e-05,0.011631954108255982,0.000659294004435651,0.0008955279990914278
raw/airplane/test/airplane_0721.obj,2,252,500,261,8.285714285714286,0.01088895973006208,0.3324648103730284,0.0005811040027765557,0.0009365329970023595
raw/airplane/test/airplane_0721.obj,4,252,500,374,11.873015873015873,0.0001970923839371534,0.04490466105855769,0.000563519999559503,0.000814939005067572
raw/airplane/test/airplane_0721.obj,6,252,500,577,18.317460317460316,2.1655416760678033e-05,0.011735529557952904,0.0006083560001570731,0.0008222710021072999
raw/airplane/test/airplane_0721.obj,8,252,500,759,24.095238095238095,1.086084519949691e-05,0.01053882383153645,0.0006159979966469109,0.0009245389956049621
raw/airplane/test/airplane_0721.obj,10,252,500,949,30.126984126984127,1.0115037407545317e-05,0.010239659232215235,0.0005697879969375208,0.0007590620007249527
raw/airplane/test/airplane_0721.obj,12,252,500,1138,36.12698412698413,1.0217641240561257e-05,0.01096671980716259,0.0006769809988327324,0.0009166370000457391
raw/airplane/test/airplane_0721.obj,14,252,500,1327,42.12698412698413,1.0204612131704682e-05,0.011266115302113784,0.0006848659977549687,0.0008320859997184016
raw/airplane/test/airplane_0722.obj,2,250,500,265,8.48,0.010538631483496918,0.34675004631589224,0.0005850450033904053,0.0006816700042691082
raw/airplane/test/airplane_0722.obj,4,250,500,381,12.192,0.0002104121578830143,0.048562673504969144,0.0014153270021779463,0.0010004680007114075
raw/airplane/test/airplane_0722.obj,6,250,500,580,18.56,1.8405623562633455e-05,0.012541052391967214,0.0006297709987848066,0.000890217001142446
raw/airplane/test/airplane_0722.obj,8,250,500,763,24.416,9.9207039540962e-06,0.00999323156155862,0.0005570719949901104,0.0007962090021464974
raw/airplane/test/airplane_0722.obj,10,250,500,952,30.464,9.449375940724925e-06,0.009565929802120154,0.0006291800018516369,0.0008895560022210702
raw/airplane/test/airplane_0722.obj,12,250,500,1139,36.448,9.246070138843583e-06,0.009338745525018849,0.0006499390001408756,0.0008824229953461327
raw/airplane/test/airplane_0722.obj,14,250,500,1326,42.432,9.316661614226425e-06,0.009363641428547119,0.000668756001687143,0.0008646089991088957
raw/airplane/test/airplane_0723.obj,2,252,500,274,8.698412698412698,0.007381199897839171,0.23753589389213717,0.0005975829990347847,0.0007755030019325204
raw/airplane/test/airplane_0723.obj,4,252,500,395,12.53968253968254,0.00017159454392493863,0.04140314766547523,0.0006937259968253784,0.0008750019987928681
raw/airplane/test/airplane_0723.obj,6,252,500,591,18.761904761904763,2.8635123398420533e-05,0.014649346257948353,0.0006919329971424304,0.0008095949960988946
raw/airplane/test/airplane_0723.obj,8,252,500,778,24.6984126984127,1.9207370213236932e-05,0.015489567285522206,0.004516820001299493,0.0008271769984276034
raw/airplane/test/airplane_0723.obj,10,252,500,967,30.6984126984127,1.88786947428807e-05,0.013529118083823378,0.0007468110052286647,0.0008753329966566525
raw/airplane/test/airplane_0723.obj,12,252,500,1156,36.698412698412696,1.9147940463595277e-05,0.014361760239365647,0.0006489559964393266,0.0007873549984651618
raw/airplane/test/airplane_0723.obj,14,252,500,1346,42.73015873015873,1.873590004449298e-05,0.013088666175155958,0.0006656659970758483,0.0007657659953110851
raw/airplane/test/airplane_0724.obj,2,252,500,261,8.285714285714286,0.009769318965046521,0.3527269080032806,0.0006111179973231629,0.0009127899975283071
raw/airplane/test/airplane_0724.obj,4,252,500,377,11.968253968253968,0.00022320649186901537,0.051269936427403344,0.0006341200059978291,0.0008140280042425729
raw/airplane/test/airplane_0724.obj,6,252,500,577,18.317460317460316,2.2617648392955772e-05,0.013671530195150878,0.0006461609955294989,0.0007748070056550205
raw/airplane/test/airplane_0724.obj,8,252,500,769,24.41269841269841,1.1910373898949846e-05,0.0110039766622491,0.0006614209996769205,0.0008688169982633553
raw/airplane/test/airplane_0724.obj,10,252,500,958,30.41269841269841,1.147326118346561e-05,0.01132419320298357,0.0006264039984671399,0.0008485369980917312
raw/airplane/test/airplane_0724.obj,12,252,500,1147,36.41269841269841,1.130728615158272e-05,0.011354014080779075,0.0007002950005698949,0.0008326870010932907
raw/airplane/test/airplane_0724.obj,14,252,500,1336,42.41269841269841,1.1438162128269643e-05,0.011699598920949348,0.0006555799991474487,0.0008879930028342642
raw/airplane/test/airplane_0725.obj,2,252,500,264,8.380952380952381,0.009561244794256862,0.2478488686545326,0.000592929995036684,0.0009253840034944005
raw/airplane/test/airplane_0725.obj,4,252,500,384,12.19047619047619,0.00021038963920443407,0.04612913661141666,0.0006842949951533228,0.0008318859981955029
raw/airplane/test/airplane_0725.obj,6,252,500,576,18.285714285714285,2.4340573096625244e-05,0.014455331022028034,0.000612797994108405,0.0009240219951607287
raw/airplane/test/airplane_0725.obj,8,252,500,766,24.317460317460316,1.4257454739944741e-05,0.012366944382005236,0.0006322560002445243,0.0008782549994066358
raw/airplane/test/airplane_0725.obj,10,252,500,952,30.22222222222222,1.352613330725764e-05,0.012031901216738408,0.000651612994261086,0.0009810120027395897
raw/airplane/test/airplane_0725.obj,12,252,500,1142,36.25396825396825,1.3547487158855025e-05,0.012138410121080497,0.0006531760009238496,0.000874928999110125
raw/airplane/test/airplane_0725.obj,14,252,500,1332,42.285714285714285,1.3344734102979922e-05,0.011687849316518178,0.0007084219978423789,0.0009387399986735545
raw/airplane/test/airplane_0726.obj,2,252,500,276,8.761904761904763,0.008170650366206527,0.21111390712329423,0.0005757879989687353,0.0007385589997284114
raw/airplane/test/airplane_0726.obj,4,252,500,391,12.412698412698413,0.00020766240966760106,0.042814026115069806,0.0006459720025304705,0.0008265260039479472
raw/airplane/test/airplane_0726.obj,6,252,500,578,18.349206349206348,1.876539807441285e-05,0.01126876948501475,0.0004915280005661771,0.0014000259980093688
raw/airplane/test/airplane_0726.obj,8,252,500,765,24.285714285714285,9.258388410674834e-06,0.009666672084198982,0.000672453003062401,0.0008568240009481087
raw/airplane/test/airplane_0726.obj,10,252,500,955,30.317460317460316,8.729014810347228e-06,0.009280122270701206,0.0004343190012150444,0.0007285099927685224
raw/airplane/test/airplane_0726.obj,12,252,500,1143,36.285714285714285,8.867939992526726e-06,0.009488811377918367,0.0006153540016384795,0.0008051670010900125
raw/airplane/test/airplane_0726.obj,14,252,500,1332,42.285714285714285,8.834667463223284e-06,0.009947965514134342,0.0007081709991325624,0.0008007880023797043
