mesh_path,q_level,original_vertices,original_faces,original_file_size_bytes,compressed_size_bytes,compression_ratio,bpv,p2s_dist,chamfer_distance,hausdorff_distance,compression_time_sec,decompression_time_sec
alien/test/T124.obj,2,250,500,14136,279,50.666666666666664,8.928,0.07545826988069351,0.00899960578967165,0.36616281192326167,0.0006137729997135466,0.00026189399977738503
alien/test/T124.obj,4,250,500,14136,400,35.34,12.8,0.014699014924478896,0.0003836717153843127,0.0669853168520702,0.0006534119993375498,0.00033062700003938517
alien/test/T124.obj,6,250,500,14136,597,23.678391959798994,19.104,0.0035861869525150017,5.8377074611633685e-05,0.023451916736223415,0.0007570449997729156,0.00036031999934493797
alien/test/T124.obj,8,250,500,14136,785,18.007643312101912,25.12,0.0009098773720234456,4.033612227910401e-05,0.020885512818637833,0.0006259609999688109,0.0003384709998499602
alien/test/T124.obj,10,250,500,14136,972,14.54320987654321,31.104,0.00023482570208930304,3.906992467445575e-05,0.02145572215066454,0.000586790999477671,0.00029660000018338906
alien/test/T124.obj,12,250,500,14136,1160,12.186206896551724,37.12,5.7871181208494284e-05,3.9109761212117436e-05,0.020742854940606424,0.0006934829998499481,0.00035070400008407887
alien/test/T124.obj,14,250,500,14136,1347,10.494432071269488,43.104,1.3644201633805064e-05,3.90968386671359e-05,0.027313448424414,0.00048777699976199074,0.00022017999981471803
alien/test/T411.obj,2,252,500,14243,275,51.79272727272727,8.73015873015873,0.07561558941232871,0.010495964656116956,0.426078935454285,0.0005969580006421893,0.0002680200004760991
alien/test/T411.obj,4,252,500,14243,404,35.254950495049506,12.825396825396826,0.012731616064718433,0.00029408301279733556,0.06331063054779923,0.0048488649999853806,0.000386742999580747
alien/test/T411.obj,6,252,500,14243,594,23.978114478114477,18.857142857142858,0.0034985859507641525,5.567247653451324e-05,0.024301252710302895,0.010593266000796575,0.00037765899924124824
alien/test/T411.obj,8,252,500,14243,781,18.236875800256083,24.793650793650794,0.0008121594001771874,3.74159604348759e-05,0.02108177414702317,0.0006344920002447907,0.0003549659995769616
alien/test/T411.obj,10,252,500,14243,973,14.638232271325796,30.88888888888889,0.0002054145090816675,3.696074408885286e-05,0.02033734508931948,0.0004672779996326426,0.00021919699975114781
alien/test/T411.obj,12,252,500,14243,1161,12.267872523686478,36.857142857142854,5.4496018677564474e-05,3.727279828596812e-05,0.020205774659494146,0.0005480249992615427,0.00028370600011839997
alien/test/T411.obj,14,252,500,14243,1350,10.55037037037037,42.857142857142854,1.2029919236189252e-05,3.706690965193051e-05,0.018549652309941468,0.0006672350000371807,0.00030901799982530065
alien/test/T511.obj,2,252,500,14283,269,53.09665427509294,8.53968253968254,0.08239429805412812,0.01772704336189795,0.6230478855132906,0.0006070140007068403,0.0002649340003699763
alien/test/T511.obj,4,252,500,14283,391,36.529411764705884,12.412698412698413,0.013229171614947044,0.00031388524168449704,0.0680186527374974,0.0006861069996375591,0.0003057750000152737
alien/test/T511.obj,6,252,500,14283,587,24.332197614991482,18.634920634920636,0.003257868389841284,5.509043879429255e-05,0.021589286094014993,0.001018130999909772,0.0004027129998576129
alien/test/T511.obj,8,252,500,14283,772,18.501295336787564,24.50793650793651,0.0009350972865384722,3.94681855851543e-05,0.01992920707023073,0.0005797650001113652,0.0003116629995929543
alien/test/T511.obj,10,252,500,14283,959,14.893639207507821,30.444444444444443,0.00022670045122875172,3.782345984604676e-05,0.01994930860852459,0.0005928059999860125,0.00037710799915657844
alien/test/T511.obj,12,252,500,14283,1148,12.44163763066202,36.44444444444444,5.7156312528149755e-05,3.792082980896181e-05,0.020867593082673306,0.0006009429998812266,0.0003150689999529277
alien/test/T511.obj,14,252,500,14283,1337,10.68287210172027,42.44444444444444,1.356486488457482e-05,3.803084464493525e-05,0.022308162538101618,0.0006123949997345335,0.0002891160002036486
alien/test/T547.obj,2,252,500,14213,275,51.68363636363637,8.73015873015873,0.07676210567634163,0.009915955781785045,0.3466067478113048,0.00047806000020500505,0.0002427259996693465
alien/test/T547.obj,4,252,500,14213,398,35.71105527638191,12.634920634920634,0.0149186938800886,0.000380435896736284,0.06166077083052079,0.0007214290008050739,0.00034449599934305297
alien/test/T547.obj,6,252,500,14213,588,24.171768707482993,18.666666666666668,0.0038197680412809134,6.124311057719432e-05,0.02402498825281333,0.0006371190002028015,0.0003103950002696365
alien/test/T547.obj,8,252,500,14213,776,18.315721649484537,24.634920634920636,0.0009475663793093744,3.947594137090801e-05,0.01996293081236851,0.0006373030000759172,0.00040489000002708053
alien/test/T547.obj,10,252,500,14213,966,14.713250517598343,30.666666666666668,0.00021956358451792997,3.790820353716789e-05,0.018877241848363896,0.0006660950002697064,0.0003190650004398776
alien/test/T547.obj,12,252,500,14213,1155,12.305627705627705,36.666666666666664,5.918849629603914e-05,3.790824941417427e-05,0.021746731102888755,0.0006539909991261084,0.0003555249995770282
alien/test/T547.obj,14,252,500,14213,1344,10.57514880952381,42.666666666666664,1.4573222141330656e-05,3.81541430725644e-05,0.02216354274272533,0.0006121469996287487,0.0002868189994842396
ants/test/T1.obj,2,252,500,14241,252,56.51190476190476,8.0,0.10668159858371368,0.05405208234639255,0.6639279039056072,0.0006918010003573727,0.00025166200066450983
ants/test/T1.obj,4,252,500,14241,381,37.37795275590551,12.095238095238095,0.015427751528740572,0.00041246202645425697,0.07056592337878963,0.0006055449994164519,0.00031069800024852157
ants/test/T1.obj,6,252,500,14241,571,24.94045534150613,18.126984126984127,0.00415295891902581,6.173398212911637e-05,0.020837229182502758,0.0006163999996715575,0.0002987219995702617
ants/test/T1.obj,8,252,500,14241,754,18.887267904509283,23.936507936507937,0.001023290104249237,3.6028430901384284e-05,0.01857922844416615,0.0005772199992861715,0.0003242719994887011
ants/test/T1.obj,10,252,500,14241,943,15.101802757158007,29.936507936507937,0.0002585866266856973,3.424000524614492e-05,0.019262545513004166,0.0007905679995019455,0.000772959000642004
ants/test/T1.obj,12,252,500,14241,1131,12.591511936339522,35.904761904761905,6.577476976607461e-05,3.422627230338134e-05,0.01853509732019789,0.0006502529995486839,0.0003178710003339802
ants/test/T1.obj,14,252,500,14241,1320,10.788636363636364,41.904761904761905,1.6875953973242087e-05,3.4193859011800645e-05,0.017801846800997438,0.0006294140002864879,0.0003178529996148427
ants/test/T347.obj,2,252,500,14281,264,54.09469696969697,8.380952380952381,0.11247096550513841,0.01766371112306911,0.36926001150086696,0.000579782999921008,0.0002629230002639815
ants/test/T347.obj,4,252,500,14281,372,38.38978494623656,11.80952380952381,0.016531548793057405,0.0004650710923622662,0.07424943426038111,0.0008267429993793485,0.000328193999848736
ants/test/T347.obj,6,252,500,14281,561,25.45632798573975,17.80952380952381,0.00424959488221735,6.155289756398656e-05,0.02032794102084248,0.000859419999869715,0.000406092999583052
ants/test/T347.obj,8,252,500,14281,747,19.117804551539493,23.714285714285715,0.0010916045710304355,3.5049770188398934e-05,0.02000109877707052,0.0007347649998337147,0.0002962600001410465
ants/test/T347.obj,10,252,500,14281,936,15.257478632478632,29.714285714285715,0.00026796760932085764,3.3520080949099845e-05,0.018537037861795704,0.0007046129994705552,0.008441937000498001
ants/test/T347.obj,12,252,500,14281,1126,12.682948490230906,35.74603174603175,6.938205751783118e-05,3.367458902335423e-05,0.019624221330085782,0.0007593319996885839,0.00031659399974159896
ants/test/T347.obj,14,252,500,14281,1315,10.860076045627377,41.74603174603175,1.7491416234721975e-05,3.305151643247768e-05,0.01775592369163929,0.0006414269992092159,0.0003313899997010594
ants/test/T484.obj,2,252,500,14238,253,56.276679841897234,8.031746031746032,0.13773063286771597,0.14680816265598143,1.1706581691288969,0.0007534639998993953,0.0004008860005342285
ants/test/T484.obj,4,252,500,14238,371,38.37735849056604,11.777777777777779,0.01716699427145236,0.0004958308519584219,0.08261113662430057,0.0010187370007770369,0.00046181400011846563
ants/test/T484.obj,6,252,500,14238,549,25.934426229508198,17.428571428571427,0.004390926520738605,6.802299512675451e-05,0.022364768098744246,0.0007811909999873023,0.0003650130001915386
ants/test/T484.obj,8,252,500,14238,739,19.26657645466847,23.46031746031746,0.001131690547476293,3.870530628044509e-05,0.020710091921098336,0.0005384539999795379,0.0003145649998259614
ants/test/T484.obj,10,252,500,14238,929,15.326157158234661,29.49206349206349,0.00025405885910138024,3.782017714559234e-05,0.020531458452501077,0.0005799760001536924,0.00030964199959271355
ants/test/T484.obj,12,252,500,14238,1117,12.746642793196061,35.46031746031746,7.10677107515221e-05,3.684808222964143e-05,0.020051169015165498,0.0007544279997091508,0.014818225999988499
ants/test/T484.obj,14,252,500,14238,1306,10.90199081163859,41.46031746031746,1.7690061432984373e-05,3.7354810349529255e-05,0.021504380039617754,0.0007307690002562595,0.00034799500008375617
ants/test/T518.obj,2,252,500,14229,259,54.938223938223935,8.222222222222221,0.09758978626778696,0.02790407586801584,0.5682885318900108,0.0005959469999652356,0.0002649890002430766
ants/test/T518.obj,4,252,500,14229,389,36.57840616966581,12.34920634920635,0.016479780198223985,0.00047489855038701577,0.07313404222516068,0.0006083270000090124,0.00029955799982417375
ants/test/T518.obj,6,252,500,14229,572,24.875874125874127,18.158730158730158,0.0038653172584104892,6.438015995100126e-05,0.02287678450500208,0.0005767339998783427,0.00027486199996928917
ants/test/T518.obj,8,252,500,14229,759,18.74703557312253,24.095238095238095,0.001132339018153712,4.27354707219311e-05,0.02077553624571576,0.0006861620004201541,0.0003359180000188644
ants/test/T518.obj,10,252,500,14229,949,14.99367755532139,30.126984126984127,0.00027014111231054894,4.135192512738668e-05,0.01996606595912399,0.0007444359998771688,0.0004738810002891114
ants/test/T518.obj,12,252,500,14229,1139,12.492537313432836,36.15873015873016,6.842001567700483e-05,4.056457088057974e-05,0.020985224542078275,0.0005703050001102383,0.0002773040005195071
ants/test/T518.obj,14,252,500,14229,1328,10.71460843373494,42.15873015873016,1.729249412831022e-05,4.09823668316554e-05,0.02119856739318439,0.0006377529998644604,0.0003107620004811906
armadillo/test/T138.obj,2,252,500,14274,267,53.46067415730337,8.476190476190476,0.09320731112986647,0.021391163462713636,0.5261379501000194,0.0005627370001093368,0.00027595499977906
armadillo/test/T138.obj,4,252,500,14274,398,35.8643216080402,12.634920634920634,0.016405342549947667,0.0004670863304815583,0.06774275434684048,0.0010630870001477888,0.00046341100005520275
armadillo/test/T138.obj,6,252,500,14274,581,24.567986230636834,18.444444444444443,0.003952691302261442,6.813216622907086e-05,0.025920173530930617,0.00064662499971746,0.00031958799991116393
armadillo/test/T138.obj,8,252,500,14274,767,18.610169491525422,24.349206349206348,0.001064071551585569,4.572387005129752e-05,0.02280173124389429,0.0006311220004135976,0.00032230699980573263
armadillo/test/T138.obj,10,252,500,14274,958,14.899791231732777,30.41269841269841,0.00024774939668921513,4.435704741173231e-05,0.020243424323622212,0.000601677999839012,0.0002901249999922584
armadillo/test/T138.obj,12,252,500,14274,1147,12.44463818657367,36.41269841269841,6.323384775515337e-05,4.4057918909979794e-05,0.023079376872986394,0.0008101779994831304,0.0003549650000422844
armadillo/test/T138.obj,14,252,500,14274,1336,10.684131736526947,42.41269841269841,1.6121824504148038e-05,4.4384701493064714e-05,0.0216088206335236,0.0005970219999653636,0.00028294399999140296
armadillo/test/T473.obj,2,252,500,14232,270,52.71111111111111,8.571428571428571,0.08610993515850163,0.01225108419836815,0.3005998522654326,0.000528480999491876,0.0002774880003926228
armadillo/test/T473.obj,4,252,500,14232,393,36.213740458015266,12.476190476190476,0.014862509998866465,0.0004041110743835502,0.07145370684700077,0.0006228660004126141,0.00034523899921623524
armadillo/test/T473.obj,6,252,500,14232,578,24.622837370242216,18.349206349206348,0.004177492468114399,7.563019488594783e-05,0.02395256166348548,0.000641628999801469,0.0003335569999762811
armadillo/test/T473.obj,8,252,500,14232,769,18.507152145643694,24.41269841269841,0.0010199344819016311,5.0518194573319675e-05,0.021524110993687513,0.0005632980000882526,0.0002994480000779731
armadillo/test/T473.obj,10,252,500,14232,958,14.855949895615867,30.41269841269841,0.0002587248947767387,4.8258599715122714e-05,0.02103816361815105,0.0006219189999683294,0.0003301229999124189
armadillo/test/T473.obj,12,252,500,14232,1148,12.397212543554007,36.44444444444444,6.819923284596483e-05,4.878020815918378e-05,0.020744097374848208,0.0008361929994862294,0.0003175770007146639
armadillo/test/T473.obj,14,252,500,14232,1337,10.644727000747944,42.44444444444444,1.5819496522925896e-05,4.873356315517699e-05,0.020495106477588773,0.000664919999508129,0.0003034330002265051
armadillo/test/T55.obj,2,252,500,14194,261,54.383141762452105,8.285714285714286,0.10945618333204876,0.017251878256258894,0.4229867713368625,0.0004953079996994347,0.00025598799948056694
armadillo/test/T55.obj,4,252,500,14194,383,37.06005221932115,12.158730158730158,0.015576628564322554,0.0004351278830986945,0.07673793052793683,0.0006526590004796162,0.0003136280001854175
armadillo/test/T55.obj,6,252,500,14194,567,25.033509700176367,18.0,0.004305144737831427,6.809041239853034e-05,0.022140366278351586,0.0006981480000831652,0.0003067309999096324
armadillo/test/T55.obj,8,252,500,14194,750,18.925333333333334,23.80952380952381,0.0009826535749553795,4.0573874882806954e-05,0.019535089227379114,0.000849428000037733,0.005146227999830444
armadillo/test/T55.obj,10,252,500,14194,940,15.1,29.841269841269842,0.00026578410532322397,3.9500322942380084e-05,0.021452198696971278,0.0006332990005830652,0.00034518400025262963
armadillo/test/T55.obj,12,252,500,14194,1129,12.572187776793623,35.84126984126984,6.896477423388845e-05,3.9649087846994076e-05,0.019753579780836143,0.0006252539997149142,0.0003522099996189354
armadillo/test/T55.obj,14,252,500,14194,1318,10.769347496206374,41.84126984126984,1.5262142862915566e-05,3.9469717263444505e-05,0.02029797504106865,0.0006169969992697588,0.0002977579997605062
armadillo/test/T574.obj,2,252,500,14225,260,54.71153846153846,8.253968253968255,0.07483496484616836,0.008872996360696566,0.3497034237010815,0.0005334130000846926,0.0002541049998399103
armadillo/test/T574.obj,4,252,500,14225,385,36.94805194805195,12.222222222222221,0.015175279651721335,0.0003976603934686538,0.06302759745406791,0.0009381379995829775,0.00034890400002041133
armadillo/test/T574.obj,6,252,500,14225,584,24.357876712328768,18.53968253968254,0.003703516920292329,6.488604523235115e-05,0.025065632119475198,0.0005373710000640131,0.0002911359997597174
armadillo/test/T574.obj,8,252,500,14225,769,18.498049414824447,24.41269841269841,0.0009129583930446804,4.445479883388446e-05,0.02141081001660666,0.0006124599995018798,0.000369613999282592
armadillo/test/T574.obj,10,252,500,14225,958,14.848643006263048,30.41269841269841,0.00023895153214816217,4.391259941687117e-05,0.020123124255286534,0.0006540820004374837,0.00036982599976909114
armadillo/test/T574.obj,12,252,500,14225,1147,12.401918047079338,36.41269841269841,5.7486254738955256e-05,4.33033513308259e-05,0.024281212521407185,0.000613203999819234,0.00032710100003896514
armadillo/test/T574.obj,14,252,500,14225,1336,10.64745508982036,42.41269841269841,1.3862168305099997e-05,4.394146923239057e-05,0.02205276139749389,0.0009164359998976579,0.0003512369994496112
bird1/test/T118.obj,2,252,500,14249,277,51.44043321299639,8.793650793650794,0.10298199886785647,0.015136180624295363,0.3724500211091753,0.0005327779999788618,0.0004400610005177441
bird1/test/T118.obj,4,252,500,14249,399,35.711779448621556,12.666666666666666,0.020920346621296486,0.00068369283628375,0.06672298097766033,0.0008792489998086239,0.0003183389999321662
bird1/test/T118.obj,6,252,500,14249,602,23.669435215946844,19.11111111111111,0.003957085657908272,8.343963538235107e-05,0.027332582292998515,0.0005610289999822271,0.0003014679996340419
bird1/test/T118.obj,8,252,500,14249,799,17.83354192740926,25.365079365079364,0.0010458585910855384,6.087822042919259e-05,0.024131966441522087,0.0006556990001627128,0.00035750099959841464
bird1/test/T118.obj,10,252,500,14249,988,14.422064777327936,31.365079365079364,0.0002854253459051143,6.0080982384385395e-05,0.0261512431873622,0.0006988180002736044,0.0003463419998297468
bird1/test/T118.obj,12,252,500,14249,1176,12.116496598639456,37.333333333333336,6.581128999201172e-05,5.98035007146574e-05,0.025360993081277473,0.000743397000405821,0.00036291899959906004
bird1/test/T118.obj,14,252,500,14249,1365,10.438827838827839,43.333333333333336,1.6330456505619108e-05,5.9869211073575656e-05,0.028484529225833336,0.0007300070001292625,0.0003222330005883123
bird1/test/T41.obj,2,252,500,14211,262,54.24045801526717,8.317460317460318,0.15184880282289326,0.03348166750073157,0.5550839088710089,0.004594107000229997,0.0002964909999718657
bird1/test/T41.obj,4,252,500,14211,363,39.14876033057851,11.523809523809524,0.016837790608685933,0.00045977635384342565,0.06396614186030965,0.0009207430002788897,0.00041668199992273003
bird1/test/T41.obj,6,252,500,14211,549,25.885245901639344,17.428571428571427,0.0046121976045110005,6.58048411455046e-05,0.023062884811527063,0.0005381510000006529,0.0002995670001837425
bird1/test/T41.obj,8,252,500,14211,744,19.100806451612904,23.61904761904762,0.0010813280933165185,3.572388401711066e-05,0.01839646321095244,0.0005752189999839175,0.00030097199942247244
bird1/test/T41.obj,10,252,500,14211,931,15.264232008592911,29.555555555555557,0.00026499349733601746,3.431584030980059e-05,0.019548636287848968,0.0007354440003837226,0.00034568099999887636
bird1/test/T41.obj,12,252,500,14211,1120,12.688392857142857,35.55555555555556,6.817288963667983e-05,3.411327689603379e-05,0.018372909919993113,0.0006356959993354394,0.0003192849999322789
bird1/test/T41.obj,14,252,500,14211,1310,10.848091603053435,41.58730158730159,1.7294700150981528e-05,3.4237156746438153e-05,0.019257344338843015,0.0006791269997847849,0.00035061199923802633
bird1/test/T589.obj,2,252,500,14218,261,54.475095785440615,8.285714285714286,0.08043319797892497,0.010244098189945715,0.3220852811784173,0.0005177170005481457,0.00026687999979913
bird1/test/T589.obj,4,252,500,14218,384,37.026041666666664,12.19047619047619,0.014115205129527918,0.0003496272177481574,0.05800241369476693,0.0007942319998619496,0.00031370199940283783
bird1/test/T589.obj,6,252,500,14218,570,24.943859649122807,18.095238095238095,0.003560469383847355,5.292548202035253e-05,0.023069799432852544,0.0006538799998452305,0.00032776199986983556
bird1/test/T589.obj,8,252,500,14218,755,18.831788079470197,23.96825396825397,0.0008671708790182035,3.5212938984433814e-05,0.018619863837138262,0.000630094000371173,0.000302359000670549
bird1/test/T589.obj,10,252,500,14218,944,15.061440677966102,29.96825396825397,0.0002225059152516716,3.430043509407696e-05,0.019303269624696102,0.0007010490007814951,0.0003537439997671754
bird1/test/T589.obj,12,252,500,14218,1133,12.548984995586938,35.96825396825397,5.712022910871375e-05,3.391381310952555e-05,0.019736477633310618,0.0006617970002480433,0.00034664500071812654
bird1/test/T589.obj,14,252,500,14218,1321,10.763058289174868,41.93650793650794,1.5003560775964754e-05,3.37024355207697e-05,0.018292678136756,0.0006820660000812495,0.00033142699976451695
bird1/test/T66.obj,2,252,500,14253,270,52.78888888888889,8.571428571428571,0.06717284430766317,0.009699966649527127,0.48193921344099927,0.0005259730005491292,0.0002423859996270039
bird1/test/T66.obj,4,252,500,14253,411,34.67883211678832,13.047619047619047,0.015638540223911764,0.00043100387132272557,0.06910931678189115,0.000664744999994582,0.000318146999234159
bird1/test/T66.obj,6,252,500,14253,612,23.28921568627451,19.428571428571427,0.0034943529405288857,7.756093354395642e-05,0.0251444316138624,0.0007033190004221979,0.00038764199962315615
bird1/test/T66.obj,8,252,500,14253,796,17.905778894472363,25.26984126984127,0.0009239160324132334,5.9903128210929184e-05,0.02496955406821558,0.0006731670000590384,0.00033220699970115675
bird1/test/T66.obj,10,252,500,14253,985,14.47005076142132,31.26984126984127,0.0002285874005998413,5.896063178627524e-05,0.0249076650360012,0.0006290560004345025,0.00031775099978403887
bird1/test/T66.obj,12,252,500,14253,1174,12.140545144804088,37.26984126984127,6.346790101104128e-05,5.918501544116382e-05,0.026362605162792044,0.0006975229998715804,0.019521989000168105
bird1/test/T66.obj,14,252,500,14253,1363,10.457079970652972,43.26984126984127,1.5865441949852838e-05,5.8905017545032775e-05,0.024606021260670654,0.0006675829999949201,0.00038006599970685784
bird2/test/T100.obj,2,252,500,14238,257,55.400778210116734,8.158730158730158,0.10093644783530367,0.014507153187054173,0.3180755801658384,0.0005156050001460244,0.00024831100017763674
bird2/test/T100.obj,4,252,500,14238,345,41.2695652173913,10.952380952380953,0.013919373293932249,0.00034325094987898024,0.07430551504861181,0.0009008500001073116,0.00033234500006074086
bird2/test/T100.obj,6,252,500,14238,531,26.8135593220339,16.857142857142858,0.004198798188673769,4.6853501200893566e-05,0.019971283888944254,0.0005722059995605377,0.0002749720006249845
bird2/test/T100.obj,8,252,500,14238,720,19.775,22.857142857142858,0.0009487598449248623,1.992103500706234e-05,0.013213448700483918,0.0006047460001354921,0.0003112129998044111
bird2/test/T100.obj,10,252,500,14238,907,15.697905181918413,28.793650793650794,0.00023441838355999005,1.8937114854787805e-05,0.015475485649602248,0.0006127359993115533,0.0003275139997640508
bird2/test/T100.obj,12,252,500,14238,1096,12.99087591240876,34.79365079365079,6.731165929385827e-05,1.8914734717173933e-05,0.013395051323746278,0.0006159129998195567,0.00031725600001664134
bird2/test/T100.obj,14,252,500,14238,1284,11.088785046728972,40.76190476190476,1.598048925345947e-05,1.8612238553941494e-05,0.015089378281745391,0.0006573520004167221,0.00031708999995316844
bird2/test/T494.obj,2,252,500,14224,256,55.5625,8.126984126984127,0.11556564443076787,0.019217509012457456,0.3949163847978682,0.0006377350000548176,0.00030914599938114407
bird2/test/T494.obj,4,252,500,14224,347,40.99135446685879,11.015873015873016,0.01461969212481624,0.00038158371097469026,0.07159600175577926,0.0005708660000891541,0.0002981529996759491
bird2/test/T494.obj,6,252,500,14224,529,26.888468809073725,16.793650793650794,0.004203698872365566,4.481576583738039e-05,0.018781375682212352,0.000622553000539483,0.0003468469994913903
bird2/test/T494.obj,8,252,500,14224,717,19.838214783821478,22.761904761904763,0.0010451553709008641,2.0408377794356188e-05,0.01369502783584817,0.0006385519991454203,0.0003711200006364379
bird2/test/T494.obj,10,252,500,14224,906,15.699779249448124,28.761904761904763,0.00024719136182031504,1.8832086610611487e-05,0.013919015854243147,0.000586010000006354,0.00030838399925414706
bird2/test/T494.obj,12,252,500,14224,1096,12.978102189781023,34.79365079365079,6.045090704201457e-05,1.9047278977047978e-05,0.014430002060336325,0.0006192470000314643,0.0003220039998268476
bird2/test/T494.obj,14,252,500,14224,1285,11.069260700389105,40.79365079365079,1.7432563700665043e-05,1.8743334516394355e-05,0.013231454963194082,0.0006389019999915035,0.00031370199940283783
bird2/test/T559.obj,2,252,500,14181,259,54.75289575289575,8.222222222222221,0.07796234014077202,0.05309272533190666,0.8719809793814062,0.0004989899998690817,0.00023664699983783066
bird2/test/T559.obj,4,252,500,14181,364,38.95879120879121,11.555555555555555,0.011623175116414221,0.00024293868200500406,0.053645001525572326,0.0009382420003021252,0.00036559199998009717
bird2/test/T559.obj,6,252,500,14181,558,25.413978494623656,17.714285714285715,0.0031809719815522174,3.527119290325386e-05,0.017294527956008967,0.0006443749998652493,0.00034623200008354615
bird2/test/T559.obj,8,252,500,14181,747,18.983935742971887,23.714285714285715,0.0008326787279881738,2.019583411357825e-05,0.013398538306768064,0.006969092999497661,0.00036840199936705176
bird2/test/T559.obj,10,252,500,14181,935,15.166844919786096,29.682539682539684,0.00021156205125406438,1.9092107454659773e-05,0.01341066460562997,0.0008125110007313197,0.00046711300001334166
bird2/test/T559.obj,12,252,500,14181,1124,12.616548042704625,35.682539682539684,5.1042001579161034e-05,1.9248186513494823e-05,0.01474037863397229,0.0006079510003473843,0.0002947910006696475
bird2/test/T559.obj,14,252,500,14181,1313,10.800456968773801,41.682539682539684,1.4371140275077624e-05,1.9200280758699945e-05,0.015026099795688115,0.0008069890000115265,0.0003449549994911649
bird2/test/T80.obj,2,252,500,14237,262,54.33969465648855,8.317460317460318,0.0998336902539444,0.013533897418202174,0.33803120217605986,0.0005570160001298063,0.00029180599995015655
bird2/test/T80.obj,4,252,500,14237,353,40.331444759206796,11.206349206349206,0.015953578899068538,0.00042872593236604627,0.07668599108582247,0.000810477999948489,0.00038332599979185034
bird2/test/T80.obj,6,252,500,14237,530,26.862264150943396,16.825396825396826,0.0041569944130504435,4.5032641870183264e-05,0.018841730429617558,0.000560726000003342,0.00028097799986426253
bird2/test/T80.obj,8,252,500,14237,717,19.85634588563459,22.761904761904763,0.0010844391293063419,2.0594554430264414e-05,0.013880735755170483,0.0005944860004092334,0.00037598800008709077
bird2/test/T80.obj,10,252,500,14237,905,15.731491712707182,28.73015873015873,0.0002921305533273007,1.8854902419959413e-05,0.014655511109890869,0.0009560739999869838,0.0003098440001849667
bird2/test/T80.obj,12,252,500,14237,1093,13.0256175663312,34.698412698412696,6.227882933479184e-05,1.8721351573252328e-05,0.014401179807741051,0.0006168959998831269,0.00041774800047278404
bird2/test/T80.obj,14,252,500,14237,1282,11.105304212168488,40.698412698412696,1.736652024965834e-05,1.8658261541656317e-05,0.01333995427478961,0.0006516670000564773,0.06596122800056037
camel/test/T106.obj,2,252,500,14217,257,55.31906614785992,8.158730158730158,0.10976605199819699,0.024153887711125758,0.5526019159221284,0.0005354969998734305,0.018687310999666806
camel/test/T106.obj,4,252,500,14217,366,38.84426229508197,11.619047619047619,0.01658671681262521,0.00047425634850743666,0.07651272091612772,0.0005905560001338017,0.000299548999464605
camel/test/T106.obj,6,252,500,14217,555,25.616216216216216,17.61904761904762,0.004234106886989716,5.875542764909904e-05,0.021656629674327754,0.0006406100001186132,0.0003176869995513698
camel/test/T106.obj,8,252,500,14217,744,19.108870967741936,23.61904761904762,0.0009872746243840271,3.262074231916417e-05,0.018146424859913208,0.0006103850000727107,0.00033096700008172775
camel/test/T106.obj,10,252,500,14217,932,15.254291845493562,29.58730158730159,0.0002622351450338955,3.147472007998497e-05,0.018403550989811043,0.0006164639999042265,0.0003371030006746878
camel/test/T106.obj,12,252,500,14217,1121,12.682426404995539,35.58730158730159,7.057365099944352e-05,3.1405850886955785e-05,0.018453667509325394,0.0005734180003855727,0.0003002919993377873
camel/test/T106.obj,14,252,500,14217,1310,10.852671755725192,41.58730158730159,1.7170845202957956e-05,3.1221106112810296e-05,0.01721447372038912,0.0005793970003651339,0.0003056739997191471
camel/test/T431.obj,2,252,500,14207,255,55.713725490196076,8.095238095238095,0.10207917530177604,0.021678302643018323,0.5596549653131927,0.000655376999930013,0.0003084939999098424
camel/test/T431.obj,4,252,500,14207,363,39.137741046831955,11.523809523809524,0.016939353310032747,0.0004716632018274278,0.07061943787054364,0.0008543789999748697,0.0003260079993196996
camel/test/T431.obj,6,252,500,14207,555,25.598198198198197,17.61904761904762,0.004364013123366465,5.977688127505248e-05,0.02350174851739409,0.0005682210003215005,0.009124311999585188
camel/test/T431.obj,8,252,500,14207,743,19.121130551816957,23.58730158730159,0.0010520669990683501,3.1856545886226346e-05,0.017735830143641895,0.02139165700009471,0.00032583299980615266
camel/test/T431.obj,10,252,500,14207,932,15.243562231759658,29.58730158730159,0.00027002842091994474,3.0060993324744094e-05,0.01741634667184245,0.000634557000012137,0.00030424200031120563
camel/test/T431.obj,12,252,500,14207,1120,12.684821428571428,35.55555555555556,6.845686229521976e-05,3.041859461986917e-05,0.017587477950315962,0.00063377600054082,0.0003154099995299475
camel/test/T431.obj,14,252,500,14207,1310,10.845038167938931,41.58730158730159,1.7290146356746e-05,3.0032642319746636e-05,0.01897481304118484,0.0007449960003214073,0.0003441930002736626
camel/test/T497.obj,2,252,500,14216,258,55.10077519379845,8.19047619047619,0.11656613269285196,0.0318312232573001,0.5605934056966352,0.0005301979999785544,0.00023445200076821493
camel/test/T497.obj,4,252,500,14216,364,39.05494505494506,11.555555555555555,0.016070575772373648,0.0004421227453571497,0.0739165358664425,0.0006443470001613605,0.00031967100039764773
camel/test/T497.obj,6,252,500,14216,549,25.894353369763206,17.428571428571427,0.004377248117886309,5.499882446926824e-05,0.01905483970299794,0.0006459079995693173,0.00033971999982895795
camel/test/T497.obj,8,252,500,14216,734,19.367847411444142,23.3015873015873,0.0010746973399376103,2.7495586956889194e-05,0.018137886320773833,0.0006683359997623484,0.00028231000032974407
camel/test/T497.obj,10,252,500,14216,922,15.418655097613883,29.26984126984127,0.0002704243849666198,2.591405667872911e-05,0.015609516344088767,0.0006223980008144281,0.0003380580001248745
camel/test/T497.obj,12,252,500,14216,1110,12.807207207207208,35.23809523809524,6.385816088039082e-05,2.592008958629106e-05,0.017825864942379845,0.0007832569999663974,0.00035522199959814316
camel/test/T497.obj,14,252,500,14216,1298,10.952234206471495,41.20634920634921,1.6920265652170726e-05,2.5541695854895283e-05,0.017450125036317175,0.000732817999960389,0.00036903599993820535
camel/test/T536.obj,2,252,500,14242,261,54.56704980842912,8.285714285714286,0.12042962797995349,0.02683925370916758,0.5543939238453532,0.006015504000060901,0.00047837200054345885
camel/test/T536.obj,4,252,500,14242,368,38.70108695652174,11.682539682539682,0.016008818416841313,0.0004377485319106057,0.07305639822051134,0.0006610440004806151,0.00033048099976440426
camel/test/T536.obj,6,252,500,14242,556,25.615107913669064,17.650793650793652,0.004477478165674993,6.256753919531145e-05,0.021694282460620336,0.0006664260008619749,0.0003306739999970887
camel/test/T536.obj,8,252,500,14242,745,19.116778523489934,23.650793650793652,0.0011227613204413402,3.303702885238741e-05,0.017091803701371623,0.0005705250005121343,0.000306896000438428
camel/test/T536.obj,10,252,500,14242,935,15.232085561497327,29.682539682539684,0.000267655391902847,3.08782527465031e-05,0.018131038588205806,0.0007169479995354777,0.0003523659997881623
camel/test/T536.obj,12,252,500,14242,1124,12.670818505338078,35.682539682539684,6.439796512577587e-05,3.130427391676071e-05,0.017236000494064322,0.0007055129999571363,0.0003234549994886038
camel/test/T536.obj,14,252,500,14242,1313,10.846915460776847,41.682539682539684,1.507760014554274e-05,3.0716754730755806e-05,0.01888770665438855,0.0006500879999293829,0.00032625600033497903
cat/test/T123.obj,2,252,500,14203,258,55.05038759689923,8.19047619047619,0.06904719223337812,0.011184203904180649,0.5136420298914378,0.0005753750001531444,0.00025949699920602143
cat/test/T123.obj,4,252,500,14203,366,38.80601092896175,11.619047619047619,0.0150851085158433,0.00039231620405087437,0.06655678043404056,0.0005530120006369543,0.0002869199997803662
cat/test/T123.obj,6,252,500,14203,563,25.22735346358792,17.873015873015873,0.003920499383533773,5.5603535632403485e-05,0.01914965809166114,0.0005276820002109162,0.00027792899982159724
cat/test/T123.obj,8,252,500,14203,748,18.987967914438503,23.746031746031747,0.000998766355970581,3.331489343147591e-05,0.017839115793192202,0.008900094999262365,0.0004718430000139051
cat/test/T123.obj,10,252,500,14203,936,15.1741452991453,29.714285714285715,0.0002617284555040313,3.1843437335143075e-05,0.019125726112298177,0.0006691899998259032,0.00034077599957527127
cat/test/T123.obj,12,252,500,14203,1127,12.602484472049689,35.77777777777778,6.556141469472691e-05,3.171154712460921e-05,0.020762386661934352,0.0009239659993909299,0.0003567479998309864
cat/test/T123.obj,14,252,500,14203,1316,10.792553191489361,41.77777777777778,1.6069445116056943e-05,3.192425273322549e-05,0.018079709351782176,0.0006708060000164551,0.0003567479998309864
cat/test/T448.obj,2,252,500,14242,263,54.152091254752854,8.34920634920635,0.09599453371262143,0.0196054340449188,0.5401182285256396,0.0006524749996970058,0.00034990499989362434
cat/test/T448.obj,4,252,500,14242,383,37.18537859007833,12.158730158730158,0.017274261796985595,0.0004953074239389114,0.07449991524868824,0.0005539289995795116,0.0002860390004570945
cat/test/T448.obj,6,252,500,14242,578,24.640138408304498,18.349206349206348,0.0039397767396135396,6.3370635217431e-05,0.02756654232941368,0.0006101919998400263,0.0003226369999538292
cat/test/T448.obj,8,252,500,14242,764,18.641361256544503,24.253968253968253,0.001067146218448614,4.119797136242491e-05,0.02047908075475649,0.0006584269995073555,0.0004125220002606511
cat/test/T448.obj,10,252,500,14242,953,14.944386149003147,30.253968253968253,0.0002641453853855861,3.931654641214036e-05,0.021384244289151765,0.0006633860002693837,0.00035514899991540005
cat/test/T448.obj,12,252,500,14242,1142,12.471103327495621,36.25396825396825,6.73464088731276e-05,3.8929128650158404e-05,0.01996226463371163,0.00067650999972102,0.0003510249998726067
cat/test/T448.obj,14,252,500,14242,1331,10.70022539444027,42.25396825396825,1.516382418940745e-05,3.964018775813462e-05,0.02154830878642012,0.0006629629997405573,0.0003472779999356135
cat/test/T555.obj,2,252,500,14206,258,55.06201550387597,8.19047619047619,0.08997744319893475,0.011245135081306507,0.2970347333554051,0.0005304919995978707,0.0002466850000928389
cat/test/T555.obj,4,252,500,14206,377,37.681697612732094,11.968253968253968,0.01651379284362959,0.00044098796362697075,0.08559354744594483,0.0005632700003843638,0.0003110739999101497
cat/test/T555.obj,6,252,500,14206,568,25.010563380281692,18.03174603174603,0.0038783467757842146,5.892140384086092e-05,0.02344842897596531,0.0006484349996753735,0.00031836699963605497
cat/test/T555.obj,8,252,500,14206,755,18.8158940397351,23.96825396825397,0.0010147965388464246,3.79595708334852e-05,0.020071044813176786,0.0009045329998116358,0.00033011400046234485
cat/test/T555.obj,10,252,500,14206,944,15.048728813559322,29.96825396825397,0.0002695251683999995,3.624587235132208e-05,0.02200727144313338,0.0005647219995807973,0.0003119749999314081
cat/test/T555.obj,12,252,500,14206,1133,12.538393645189762,35.96825396825397,6.334656266728794e-05,3.64973247824319e-05,0.01971237189775344,0.0006166019993543159,0.00035355999989405973
cat/test/T555.obj,14,252,500,14206,1322,10.745839636913766,41.96825396825397,1.4966769212017014e-05,3.70685586821907e-05,0.02042900343561332,0.0005959099999017781,0.0003411979996599257
cat/test/T74.obj,2,252,500,14206,270,52.614814814814814,8.571428571428571,0.1010899489679675,0.01928620141953076,0.42721520384032186,0.0005249169998933212,0.00028892299997096416
cat/test/T74.obj,4,252,500,14206,398,35.69346733668342,12.634920634920634,0.016949515230599347,0.00048516705575088557,0.07488259668954601,0.0007884460001150728,0.00041560000045137713
cat/test/T74.obj,6,252,500,14206,585,24.283760683760683,18.571428571428573,0.004330436164033715,7.743578714844729e-05,0.023641674760438682,0.0005728120004278026,0.0003203050000593066
cat/test/T74.obj,8,252,500,14206,774,18.354005167958658,24.571428571428573,0.0010905415794389985,5.109206464752662e-05,0.02375684156704108,0.0007486599997719168,0.00043484900015755557
cat/test/T74.obj,10,252,500,14206,962,14.767151767151768,30.53968253968254,0.0002829542098585648,4.894547791740521e-05,0.022434868417198765,0.0006387540006471681,0.0003798180005105678
cat/test/T74.obj,12,252,500,14206,1150,12.353043478260869,36.507936507936506,6.715831433889956e-05,4.8625365295291455e-05,0.021885911469647842,0.0006352279997372534,0.00034223600050609093
cat/test/T74.obj,14,252,500,14206,1340,10.601492537313433,42.53968253968254,1.679534090366589e-05,4.903927047811181e-05,0.025552381568898146,0.0007616279999638209,0.00034952000078192214
centaur/test/T156.obj,2,252,500,14255,268,53.190298507462686,8.507936507936508,0.06995145206093996,0.01347341681198255,0.5074795943066407,0.0005585859998973319,0.00029038200045761187
centaur/test/T156.obj,4,252,500,14255,401,35.54862842892768,12.73015873015873,0.013243690323043272,0.0003140429145596658,0.07902231532265702,0.0007491280002795975,0.00045999499980098335
centaur/test/T156.obj,6,252,500,14255,590,24.161016949152543,18.73015873015873,0.0034074660911134398,4.984466338862494e-05,0.019060319753375028,0.0006080059993109899,0.0003210479999324889
centaur/test/T156.obj,8,252,500,14255,781,18.252240717029448,24.793650793650794,0.0008570004109252285,3.370287368031245e-05,0.019564377371916086,0.0006274219995248131,0.0003242170005250955
centaur/test/T156.obj,10,252,500,14255,972,14.665637860082304,30.857142857142858,0.00020148866120004499,3.2054501482170306e-05,0.01796516845125503,0.000579479999942123,0.00036492100025498075
centaur/test/T156.obj,12,252,500,14255,1161,12.278208440999139,36.857142857142854,5.7316433558587745e-05,3.264537956837322e-05,0.018174213658891235,0.0007271879994732444,0.0010077810002258047
centaur/test/T156.obj,14,252,500,14255,1350,10.559259259259258,42.857142857142854,1.2712140977832479e-05,3.238911399126514e-05,0.018486095548723852,0.0006800269993618713,0.0003006689994435874
centaur/test/T392.obj,2,252,500,14238,263,54.136882129277566,8.34920634920635,0.09481798484375199,0.013783305941871809,0.3654065465688636,0.000610973000220838,0.0002888120006900863
centaur/test/T392.obj,4,252,500,14238,405,35.15555555555556,12.857142857142858,0.013496508928085266,0.00032151877635252835,0.08927024995402465,0.0006507580001198221,0.0003501900000628666
centaur/test/T392.obj,6,252,500,14238,599,23.769616026711184,19.015873015873016,0.0035188165577286464,5.1937093002776786e-05,0.0204102132086875,0.0007377399997494649,0.00041853800030366983
centaur/test/T392.obj,8,252,500,14238,787,18.09148665819568,24.984126984126984,0.0007717200665693152,3.568697804031468e-05,0.018424279283840963,0.0005655759996443521,0.0003361389999554376
centaur/test/T392.obj,10,252,500,14238,977,14.573183213920164,31.015873015873016,0.00020252187066860893,3.426197088577744e-05,0.019772048995405987,0.0006071979996704613,0.000356380000084755
centaur/test/T392.obj,12,252,500,14238,1166,12.210977701543738,37.01587301587302,5.4403147807671444e-05,3.412774601193161e-05,0.019278022960985533,0.000626328000180365,0.0003158049994453904
centaur/test/T392.obj,14,252,500,14238,1356,10.5,43.04761904761905,1.1972356332446327e-05,3.424195146374403e-05,0.01855350296454485,0.0007295390005310765,0.0003613299995777197
centaur/test/T565.obj,2,252,500,14228,252,56.46031746031746,8.0,0.07190110206977227,0.00827696345799355,0.2946520523079869,0.0005890040001759189,0.000265172000581515
centaur/test/T565.obj,4,252,500,14228,370,38.454054054054055,11.746031746031745,0.014081107019033803,0.0003280947318509221,0.06619674599462406,0.0007637219996468048,0.00039667000055487733
centaur/test/T565.obj,6,252,500,14228,563,25.27175843694494,17.873015873015873,0.0035780190742696243,4.1951772083116725e-05,0.018610111848811943,0.0006731210005455068,0.00034016999961750116
centaur/test/T565.obj,8,252,500,14228,751,18.945406125166446,23.841269841269842,0.0008878875397809863,2.3568272665239164e-05,0.01633497192860902,0.0006503160002466757,0.0003403079999770853
centaur/test/T565.obj,10,252,500,14228,938,15.168443496801705,29.77777777777778,0.0002214641319764358,2.21722613025099e-05,0.015982419038336512,0.0008228399992731283,0.000509708000208775
centaur/test/T565.obj,12,252,500,14228,1126,12.63587921847247,35.74603174603175,5.565459802859835e-05,2.218705791530862e-05,0.015988718460611548,0.0007562179998785723,0.00031109300016396446
centaur/test/T565.obj,14,252,500,14228,1315,10.81977186311787,41.74603174603175,1.5258416929143528e-05,2.2023849808544595e-05,0.016710441572639425,0.0006931509997230023,0.00034176799999841023
centaur/test/T576.obj,2,252,500,14253,261,54.60919540229885,8.285714285714286,0.06640971053913329,0.011575471779898882,0.43740125715010375,0.0006933999993634643,0.00033725800039974274
centaur/test/T576.obj,4,252,500,14253,385,37.02077922077922,12.222222222222221,0.013184658001363335,0.0003089973733549254,0.09110158080348005,0.0006875219996800297,0.0003950260006604367
centaur/test/T576.obj,6,252,500,14253,576,24.744791666666668,18.285714285714285,0.003394455189795603,4.339027816698149e-05,0.017875667581342063,0.0005816659995616646,0.00035063099949184107
centaur/test/T576.obj,8,252,500,14253,764,18.655759162303664,24.253968253968253,0.000807845117456539,2.6611956557575438e-05,0.019270141185043246,0.0005997680000291439,0.00033815799997682916
centaur/test/T576.obj,10,252,500,14253,954,14.940251572327044,30.285714285714285,0.00021658395924416127,2.5733623574154836e-05,0.01571270341331201,0.0006087040001148125,0.00032405199999629986
centaur/test/T576.obj,12,252,500,14253,1143,12.469816272965879,36.285714285714285,5.146376121139048e-05,2.565358042618674e-05,0.017968037786968264,0.0005898030003663735,0.0003063809999730438
centaur/test/T576.obj,14,252,500,14253,1332,10.70045045045045,42.285714285714285,1.2894793643651742e-05,2.5414112393042956e-05,0.016260543883258052,0.0007836699996914831,0.00032702800035622204
dino_ske/test/T116.obj,2,252,500,14246,259,55.003861003861005,8.222222222222221,0.09160536130032543,0.01390291324161105,0.37224803236091125,0.0005898029994568788,0.00029649899988726247
dino_ske/test/T116.obj,4,252,500,14246,361,39.46260387811634,11.46031746031746,0.01753594863499578,0.0005117505814551578,0.07216162972026804,0.0006026979999660398,0.004341774999375048
dino_ske/test/T116.obj,6,252,500,14246,546,26.09157509157509,17.333333333333332,0.004231676300313554,5.953075991233462e-05,0.020623196918347655,0.0005377110001063556,0.0003159239995511598
dino_ske/test/T116.obj,8,252,500,14246,733,19.435197817189632,23.26984126984127,0.0010623217332947493,3.3767817506238374e-05,0.018786177880063936,0.0006233069998415885,0.00032702800035622204
dino_ske/test/T116.obj,10,252,500,14246,920,15.484782608695653,29.206349206349206,0.0002706602378712593,3.221243105654935e-05,0.017973344545106112,0.0005772109998360975,0.00030632699963462073
dino_ske/test/T116.obj,12,252,500,14246,1109,12.845807033363391,35.20634920634921,6.662519844725655e-05,3.203418883076943e-05,0.019022489411621653,0.00059754499943665,0.00031286600005842047
dino_ske/test/T116.obj,14,252,500,14246,1298,10.975346687211093,41.20634920634921,1.694500578550049e-05,3.170530443074049e-05,0.01927281809506552,0.0006044140000085463,0.0003062430005229544
dino_ske/test/T434.obj,2,252,500,14235,254,56.04330708661417,8.063492063492063,0.08282736644495017,0.014778152848763782,0.4936545345511246,0.0005132810001668986,0.00025688900041132
dino_ske/test/T434.obj,4,252,500,14235,359,39.65181058495822,11.396825396825397,0.014764156876657036,0.0003641291236471248,0.07538782510903702,0.0008370379991902155,0.00032112200005940394
dino_ske/test/T434.obj,6,252,500,14235,551,25.834845735027223,17.49206349206349,0.0037565414060894762,4.900244978476106e-05,0.020145691201753316,0.0005957260000286624,0.0002890699997806223
dino_ske/test/T434.obj,8,252,500,14235,736,19.341032608695652,23.365079365079364,0.0009552408091696492,2.826168519584913e-05,0.017161452094613793,0.0006119820000094478,0.0002904290004153154
dino_ske/test/T434.obj,10,252,500,14235,924,15.405844155844155,29.333333333333332,0.0002529375424652065,2.679754460869655e-05,0.01675334281324181,0.0006479650000983384,0.0003168419998473837
dino_ske/test/T434.obj,12,252,500,14235,1115,12.766816143497758,35.3968253968254,6.356614760829e-05,2.671014653075474e-05,0.01658855011618523,0.0005987019994790899,0.00030477499967673793
dino_ske/test/T434.obj,14,252,500,14235,1303,10.924788948580199,41.36507936507937,1.517653749358454e-05,2.689048893117219e-05,0.017856604267924632,0.0006242529998417012,0.00029661000007763505
dino_ske/test/T554.obj,2,252,500,14234,256,55.6015625,8.126984126984127,0.08403013969936297,0.022002660673890943,0.5716753379221363,0.0005546279999180115,0.00028425699929357506
dino_ske/test/T554.obj,4,252,500,14234,385,36.97142857142857,12.222222222222221,0.015231650217350652,0.0004158578757839681,0.07276837950409581,0.00201560499954212,0.00046366800052055623
dino_ske/test/T554.obj,6,252,500,14234,582,24.457044673539517,18.476190476190474,0.004574911126024109,7.315102346067237e-05,0.023380995937870006,0.0006008330001350259,0.005530710999664734
dino_ske/test/T554.obj,8,252,500,14234,766,18.5822454308094,24.317460317460316,0.001122975409362929,4.394207788479634e-05,0.021126823403138782,0.0007905120000941679,0.0003773200005525723
dino_ske/test/T554.obj,10,252,500,14234,956,14.889121338912133,30.349206349206348,0.0002788230253147924,4.214537587989878e-05,0.022069679669578846,0.0005950380000285804,0.0003059959999518469
dino_ske/test/T554.obj,12,252,500,14234,1143,12.453193350831146,36.285714285714285,7.086658293783778e-05,4.2721937790702576e-05,0.020569701575567503,0.0007803449998391443,0.0004435920000105398
dino_ske/test/T554.obj,14,252,500,14234,1332,10.686186186186186,42.285714285714285,1.7706040811495272e-05,4.171934929563782e-05,0.019609866601262443,0.0006212120006239275,0.00034365099963906687
dino_ske/test/T598.obj,2,252,500,14204,268,53.0,8.507936507936508,0.07970448902086184,0.011278442643562602,0.40209156776620814,0.0005799199998364202,0.0003100829999311827
dino_ske/test/T598.obj,4,252,500,14204,383,37.08616187989556,12.158730158730158,0.015641760468651754,0.00042887115523225256,0.0802974501770739,0.0007953340000312892,0.010825317000126233
dino_ske/test/T598.obj,6,252,500,14204,569,24.963093145869948,18.063492063492063,0.004220584042024314,6.779797119899652e-05,0.02250193738927233,0.0047546089999741525,0.00031604299965692917
dino_ske/test/T598.obj,8,252,500,14204,762,18.64041994750656,24.19047619047619,0.0010499395884241503,4.1927488660041515e-05,0.01933044612787832,0.0006312410005193669,0.0003617250004026573
dino_ske/test/T598.obj,10,252,500,14204,949,14.967334035827186,30.126984126984127,0.0002657368449635709,4.0769958896636805e-05,0.020871620156402634,0.0005759080004281714,0.002323962999980722
dino_ske/test/T598.obj,12,252,500,14204,1137,12.492524186455585,36.095238095238095,6.565494458862152e-05,4.057813669826866e-05,0.02178018480065947,0.0006329959996946855,0.00031719100024929503
dino_ske/test/T598.obj,14,252,500,14204,1326,10.711915535444946,42.095238095238095,1.7014822234537953e-05,4.057626302572982e-05,0.021736985348370978,0.0006545959995492012,0.00033829599942691857
dinosaur/test/T12.obj,2,252,500,14229,269,52.89591078066915,8.53968253968254,0.10761445151644664,0.01651145773474694,0.3728857867003273,0.0005637289996229811,0.00025331599954370176
dinosaur/test/T12.obj,4,252,500,14229,376,37.84308510638298,11.936507936507937,0.0160446529937351,0.0004404410410231636,0.07324562760250265,0.0008917760005715536,0.0003822329999820795
dinosaur/test/T12.obj,6,252,500,14229,570,24.96315789473684,18.095238095238095,0.0038861017878757407,5.6287006520714434e-05,0.021757427041444705,0.015331268999943859,0.0003270369998062961
dinosaur/test/T12.obj,8,252,500,14229,759,18.74703557312253,24.095238095238095,0.0009165593882711214,3.435490939354057e-05,0.017442431969844196,0.0008715159992789268,0.00042381000002933433
dinosaur/test/T12.obj,10,252,500,14229,947,15.025343189017951,30.063492063492063,0.00024750833684591424,3.328802290849196e-05,0.01823802887617034,0.0006103660007283906,0.0003446059999987483
dinosaur/test/T12.obj,12,252,500,14229,1135,12.536563876651982,36.03174603174603,6.004748181764088e-05,3.335381561387034e-05,0.018164552149407417,0.00061978900066606,0.0002912010004365584
dinosaur/test/T12.obj,14,252,500,14229,1324,10.746978851963746,42.03174603174603,1.554732397281873e-05,3.330476508999306e-05,0.019702635691350195,0.0006831589998910204,0.00034921599944937043
dinosaur/test/T361.obj,2,252,500,14230,250,56.92,7.936507936507937,0.10228281736993686,0.023760060588392685,0.5717472977793815,0.0005653549997077789,0.0002669360001164023
dinosaur/test/T361.obj,4,252,500,14230,346,41.127167630057805,10.984126984126984,0.017441816544953123,0.0004846361048992345,0.07354405360600422,0.0007507450000048266,0.0003799189998971997
dinosaur/test/T361.obj,6,252,500,14230,517,27.524177949709866,16.41269841269841,0.004310699522342446,4.5885313842095506e-05,0.021728581099308374,0.010006342999986373,0.00036606000048777787
dinosaur/test/T361.obj,8,252,500,14230,705,20.18439716312057,22.38095238095238,0.0011070086098923303,1.900313568995939e-05,0.013518601525780369,0.0006088600002840394,0.00031576699984725565
dinosaur/test/T361.obj,10,252,500,14230,892,15.952914798206278,28.317460317460316,0.0002781533694647436,1.7304534542795724e-05,0.014140145554622974,0.0005925210007262649,0.0002984650000144029
dinosaur/test/T361.obj,12,252,500,14230,1081,13.163737280296022,34.317460317460316,6.743744535030459e-05,1.728043617034477e-05,0.013331500428837838,0.0005784509994555265,0.0003046360006919713
dinosaur/test/T361.obj,14,252,500,14230,1270,11.204724409448819,40.317460317460316,1.8417871892717496e-05,1.7325918578244154e-05,0.013685102194024683,0.0013430870003503514,0.00042385500000818865
dinosaur/test/T557.obj,2,252,500,14215,256,55.52734375,8.126984126984127,0.07987706284378167,0.021076293198681057,0.5437450606397246,0.0009609039998395019,0.0005653179996443214
dinosaur/test/T557.obj,4,252,500,14215,391,36.35549872122762,12.412698412698413,0.01581808943148215,0.0004370946339189315,0.07432396097367001,0.0005951299999651383,0.0043727429992941325
dinosaur/test/T557.obj,6,252,500,14215,583,24.382504288164665,18.50793650793651,0.004467327859028117,7.63478722014825e-05,0.023400854138551936,0.0006328939998638816,0.0003522650004015304
dinosaur/test/T557.obj,8,252,500,14215,771,18.437094682230867,24.476190476190474,0.0010268364239978335,4.749733097460006e-05,0.021038540384740637,0.000593843999922683,0.00035447000027488684
dinosaur/test/T557.obj,10,252,500,14215,959,14.822732012513034,30.444444444444443,0.00027169363684133367,4.737640064800586e-05,0.02207572966733067,0.0006553040002472699,0.0003080160004174104
dinosaur/test/T557.obj,12,252,500,14215,1148,12.382404181184668,36.44444444444444,6.470157429861663e-05,4.659115292692871e-05,0.02231439422637521,0.0007295030000022962,0.0003718920006576809
dinosaur/test/T557.obj,14,252,500,14215,1338,10.62406576980568,42.476190476190474,1.712895004334199e-05,4.641556265093166e-05,0.021965622772984396,0.0006533659998240182,0.00033755199910956435
dinosaur/test/T595.obj,2,252,500,14239,265,53.73207547169811,8.412698412698413,0.07382530617840145,0.014828623591280603,0.4956370338536217,0.0007632730003024335,0.00039303300036408473
dinosaur/test/T595.obj,4,252,500,14239,396,35.957070707070706,12.571428571428571,0.015069622088761288,0.00040142672439363495,0.07504298055762625,0.0006817809999120072,0.0003723780000655097
dinosaur/test/T595.obj,6,252,500,14239,585,24.34017094017094,18.571428571428573,0.003633574068066552,5.826303645512472e-05,0.020587882748013157,0.0006065359993954189,0.0003110750003543217
dinosaur/test/T595.obj,8,252,500,14239,773,18.420439844760672,24.53968253968254,0.0008470497769496285,3.790446831134979e-05,0.020257546169936143,0.0006585920000361511,0.0003647559997261851
dinosaur/test/T595.obj,10,252,500,14239,963,14.786085150571132,30.571428571428573,0.0002265871005309236,3.6891188789317414e-05,0.019830331834216817,0.0006358149994412088,0.06304111400004331
dinosaur/test/T595.obj,12,252,500,14239,1152,12.360243055555555,36.57142857142857,6.254929416047052e-05,3.705831915527393e-05,0.01987788729056998,0.0005822360008096439,0.00030856800003675744
dinosaur/test/T595.obj,14,252,500,14239,1341,10.618195376584639,42.57142857142857,1.5237941556350241e-05,3.678186218283631e-05,0.01919204107898242,0.0008258979996753624,0.0004069380001965328
dog1/test/T125.obj,2,252,500,14218,265,53.652830188679246,8.412698412698413,0.09945873279954151,0.015209252268597772,0.361690592369702,0.0007056509994072258,0.0003406099995117984
dog1/test/T125.obj,4,252,500,14218,370,38.42702702702703,11.746031746031745,0.01573817743032192,0.0004396268200547137,0.07286157511967675,0.00065945499954978,0.0004668100000344566
dog1/test/T125.obj,6,252,500,14218,563,25.25399644760213,17.873015873015873,0.004294743498900851,6.80419526111975e-05,0.02169633880583434,0.0005925309997110162,0.0003231050004615099
dog1/test/T125.obj,8,252,500,14218,747,19.0334672021419,23.714285714285715,0.0011294370133433259,4.0743871866253624e-05,0.020336592202238633,0.0007412300001305994,0.0003526780001266161
dog1/test/T125.obj,10,252,500,14218,937,15.173959445037353,29.746031746031747,0.00025910112832531595,3.850921176453495e-05,0.01992120621363392,0.0006382139999914216,0.00029318400083866436
dog1/test/T125.obj,12,252,500,14218,1126,12.626998223801065,35.74603174603175,6.579619379143786e-05,3.8768969216219644e-05,0.020311390150596,0.0005795170000055805,0.0002887939999709488
dog1/test/T125.obj,14,252,500,14218,1316,10.803951367781155,41.77777777777778,1.6256145363814557e-05,3.904820441951408e-05,0.01977964580136484,0.0008133139999699779,0.00040376000015385216
dog1/test/T354.obj,2,252,500,14219,261,54.47892720306513,8.285714285714286,0.07950363011762182,0.01680872215851911,0.48524969930462386,0.0005620669999188976,0.0002936430000772816
dog1/test/T354.obj,4,252,500,14219,387,36.741602067183464,12.285714285714286,0.016461188172416787,0.0004754185988450053,0.07097635207621107,0.009163247999822488,0.0003670570004032925
dog1/test/T354.obj,6,252,500,14219,578,24.600346020761247,18.349206349206348,0.004137746340508185,6.848377535936549e-05,0.02210902339853563,0.0005668699996022042,0.00029717899997194763
dog1/test/T354.obj,8,252,500,14219,769,18.490247074122237,24.41269841269841,0.0010679419541856677,4.349408524660998e-05,0.01978134852125282,0.0006442100002459483,0.00033556000016687904
dog1/test/T354.obj,10,252,500,14219,955,14.889005235602093,30.317460317460316,0.00023069176578511088,4.231926334823174e-05,0.021159805169524662,0.028454551999857358,0.00040595599966763984
dog1/test/T354.obj,12,252,500,14219,1144,12.429195804195805,36.317460317460316,6.451830414536721e-05,4.24375011313342e-05,0.02302034225255945,0.0006125150002844748,0.0003187340007571038
dog1/test/T354.obj,14,252,500,14219,1334,10.658920539730135,42.34920634920635,1.574697866304591e-05,4.2104901662007545e-05,0.023343640270908784,0.0011386350006432622,0.0005610469997918699
dog1/test/T436.obj,2,252,500,14227,259,54.93050193050193,8.222222222222221,0.0760752086876422,0.015217040649112022,0.5007509125066879,0.0005433870001070318,0.00027685499935614644
dog1/test/T436.obj,4,252,500,14227,369,38.55555555555556,11.714285714285714,0.014822924919834519,0.00036627401692361007,0.06145789983956715,0.0005998229999022442,0.000313894000100845
dog1/test/T436.obj,6,252,500,14227,560,25.40535714285714,17.77777777777778,0.0038799714701261865,5.0996839424301645e-05,0.019371889784624088,0.0007939560000522761,0.00041865799994411645
dog1/test/T436.obj,8,252,500,14227,747,19.045515394912986,23.714285714285715,0.0008532984728294983,2.904769138933994e-05,0.017901319086344347,0.0005705630001102691,0.00034433099972375203
dog1/test/T436.obj,10,252,500,14227,937,15.183564567769476,29.746031746031747,0.0002326535959728186,2.8264122105270294e-05,0.017268108689497,0.000552579000213882,0.0002793890007524169
dog1/test/T436.obj,12,252,500,14227,1125,12.646222222222223,35.714285714285715,5.680483458461057e-05,2.7919141689394716e-05,0.01565420183710992,0.0063947969993023435,0.00038649499947496224
dog1/test/T436.obj,14,252,500,14227,1315,10.819011406844107,41.74603174603175,1.4428323404505027e-05,2.7981222525877284e-05,0.017404107695849484,0.0006013940001139417,0.0003066480003326433
dog1/test/T476.obj,2,252,500,14224,246,57.82113821138211,7.809523809523809,0.10090971059331062,0.024581386104657165,0.5145700045677845,0.0005940280007052934,0.0003012019997186144
dog1/test/T476.obj,4,252,500,14224,362,39.29281767955801,11.492063492063492,0.013688377091979117,0.0003412525146269387,0.0687664478353917,0.0006026609999025823,0.00032226100029220106
dog1/test/T476.obj,6,252,500,14224,547,26.0036563071298,17.365079365079364,0.003838473456743623,5.23083848383065e-05,0.019317786035622207,0.0006068120001145871,0.0003006779998031561
dog1/test/T476.obj,8,252,500,14224,735,19.35238095238095,23.333333333333332,0.0009496081333662237,3.0741591316266815e-05,0.01680517400569671,0.0006699800005662837,0.00034595600027387263
dog1/test/T476.obj,10,252,500,14224,923,15.410617551462622,29.3015873015873,0.0002509731682518754,2.969803921518926e-05,0.02012431009927792,0.0006263100003707223,0.0003494829998089699
dog1/test/T476.obj,12,252,500,14224,1112,12.79136690647482,35.301587301587304,5.920951913378792e-05,2.9558493613993796e-05,0.01873631856874558,0.0006184120002217242,0.00032312399980582995
dog1/test/T476.obj,14,252,500,14224,1301,10.933128362797849,41.301587301587304,1.5208063802823958e-05,2.996638486108355e-05,0.017959332443921495,0.0018361680004090886,0.0008483540004817769
dog2/test/T178.obj,2,252,500,14226,271,52.494464944649444,8.603174603174603,0.08333928322038918,0.014777848882225423,0.4666262458711741,0.0006635520003328566,0.0003334479997647577
dog2/test/T178.obj,4,252,500,14226,394,36.10659898477157,12.507936507936508,0.01370955591375668,0.0003170243540306406,0.06379385518828226,0.0006100450000303681,0.00030952299948694417
dog2/test/T178.obj,6,252,500,14226,586,24.27645051194539,18.603174603174605,0.003516440894930869,4.755749752582083e-05,0.01886662030084261,0.0011630189992501982,0.00037282900029822486
dog2/test/T178.obj,8,252,500,14226,775,18.356129032258064,24.603174603174605,0.0008357398350756507,3.0510154054433765e-05,0.02036764413807492,0.006068035999305721,0.0003294609996373765
dog2/test/T178.obj,10,252,500,14226,963,14.77258566978193,30.571428571428573,0.00022547809525266208,2.9640616035711054e-05,0.017061090718342914,0.000742406000426854,0.0003874219992212602
dog2/test/T178.obj,12,252,500,14226,1153,12.33824804856895,36.6031746031746,5.221416317649922e-05,2.932649101155159e-05,0.016735219979063402,0.0006460180002250127,0.00031272799969883636
dog2/test/T178.obj,14,252,500,14226,1342,10.60059612518629,42.6031746031746,1.275001969269826e-05,2.9527818501796217e-05,0.017873123274297922,0.0008407960003751214,0.0004057810001540929
dog2/test/T459.obj,2,252,500,14230,274,51.934306569343065,8.698412698412698,0.0877420655427456,0.011601529020020693,0.30302987002880044,0.013456182000481931,0.00033513700054754736
dog2/test/T459.obj,4,252,500,14230,390,36.48717948717949,12.380952380952381,0.015862895596459384,0.00043700345774352363,0.06630301386430956,0.000849656999889703,0.000348793999364716
dog2/test/T459.obj,6,252,500,14230,579,24.57685664939551,18.38095238095238,0.003847806921266799,6.081990253228e-05,0.020887773362672703,0.0005890599995836965,0.0003231700002288562
dog2/test/T459.obj,8,252,500,14230,766,18.577023498694516,24.317460317460316,0.0009637343732994178,3.792589239263733e-05,0.021270351445903564,0.0007349030001932988,0.00029149400052119745
dog2/test/T459.obj,10,252,500,14230,955,14.900523560209423,30.317460317460316,0.000266771808250576,3.6069814796231255e-05,0.019020297289405366,0.000797658000010415,0.00033911399987118784
dog2/test/T459.obj,12,252,500,14230,1143,12.449693788276466,36.285714285714285,6.24065549914733e-05,3.6071992658609026e-05,0.019438704956011223,0.0005868449998160941,0.000299777999316575
dog2/test/T459.obj,14,252,500,14230,1332,10.683183183183184,42.285714285714285,1.5610858650676028e-05,3.726688320740357e-05,0.020654706474292402,0.0008695509995959583,0.0004832399999941117
dog2/test/T504.obj,2,252,500,14249,253,56.3201581027668,8.031746031746032,0.08663000331729685,0.01267243011147793,0.43604637812536423,0.0005983450000712764,0.00028505699992820155
dog2/test/T504.obj,4,252,500,14249,374,38.098930481283425,11.873015873015873,0.015455976417790595,0.00039286743420452247,0.07908955314856062,0.000889747000655916,0.00037437100036186166
dog2/test/T504.obj,6,252,500,14249,560,25.444642857142856,17.77777777777778,0.003642065498801192,4.849109581593522e-05,0.020349691639806294,0.0005659059997924487,0.0002808130002449616
dog2/test/T504.obj,8,252,500,14249,749,19.024032042723633,23.77777777777778,0.0009866937254163315,2.9050413700848753e-05,0.017089582023395004,0.0005549120005525765,0.00028792199918825645
dog2/test/T504.obj,10,252,500,14249,939,15.174653887113951,29.80952380952381,0.0002776124450396937,2.739117117791212e-05,0.01663924835704484,0.0006045440004527336,0.00033849800001917174
dog2/test/T504.obj,12,252,500,14249,1128,12.63209219858156,35.80952380952381,7.018157659034483e-05,2.737978061230577e-05,0.017701263342952377,0.0005996849995426601,0.0003011290000358713
dog2/test/T504.obj,14,252,500,14249,1317,10.819286256643888,41.80952380952381,1.555941643413388e-05,2.7278325360888553e-05,0.01696453721688124,0.0006685019998258213,0.0003395549993001623
dog2/test/T582.obj,2,252,500,14240,256,55.625,8.126984126984127,0.11784132985954801,0.03484650361542811,0.7145418066196663,0.0005471889999171253,0.00024928400034696097
dog2/test/T582.obj,4,252,500,14240,373,38.1769436997319,11.841269841269842,0.016487625886564706,0.0004500211920557178,0.06766271190251336,0.004041067999423831,0.00037219499972707126
dog2/test/T582.obj,6,252,500,14240,562,25.338078291814945,17.841269841269842,0.004148101144588965,5.4623542241595966e-05,0.019946080723522663,0.0005945329994574422,0.00031656699957238743
dog2/test/T582.obj,8,252,500,14240,750,18.986666666666668,23.80952380952381,0.000992954936562432,2.910754915570512e-05,0.015976501915960648,0.0005792869997094385,0.0002954990004582214
dog2/test/T582.obj,10,252,500,14240,939,15.165069222577209,29.80952380952381,0.00025356734191342656,2.7734552939308072e-05,0.018919524598915785,0.0006340059999274672,0.00035089600078208605
dog2/test/T582.obj,12,252,500,14240,1128,12.624113475177305,35.80952380952381,6.251409641472744e-05,2.7392974937380103e-05,0.016058760458537328,0.008669248999467527,0.00036988100055168616
dog2/test/T582.obj,14,252,500,14240,1317,10.812452543659832,41.80952380952381,1.6151537132396183e-05,2.7387180174177038e-05,0.01717410122268565,0.000708378000126686,0.00032042499969975324
flamingo/test/T131.obj,2,252,500,14221,267,53.262172284644194,8.476190476190476,0.07479849188411573,0.011045570223857337,0.4177004651640897,0.0005126570003994857,0.0002492199992047972
flamingo/test/T131.obj,4,252,500,14221,377,37.721485411140584,11.968253968253968,0.01283378922064915,0.00029977242728847567,0.09628216038306919,0.0006691619992125197,0.00030278200028988067
flamingo/test/T131.obj,6,252,500,14221,578,24.603806228373703,18.349206349206348,0.0030133270170507273,3.865128673938775e-05,0.01963760611761815,0.0006518780000988045,0.00040739699943515006
flamingo/test/T131.obj,8,252,500,14221,765,18.589542483660132,24.285714285714285,0.0008110669666198641,2.4910071767257546e-05,0.015012469680438694,0.0008020479999686358,0.0004907070006083813
flamingo/test/T131.obj,10,252,500,14221,955,14.891099476439791,30.317460317460316,0.0002019358255502019,2.3800387842019144e-05,0.016302922881159296,0.0005977649998385459,0.000297252999189368
flamingo/test/T131.obj,12,252,500,14221,1143,12.441819772528435,36.285714285714285,5.0568634134947455e-05,2.3714477713933478e-05,0.017405953360319894,0.0006238390005819383,0.0003204790000381763
flamingo/test/T131.obj,14,252,500,14221,1331,10.684447783621337,42.25396825396825,1.2401147290688603e-05,2.3672271544592523e-05,0.016038588925417326,0.0006784200004403829,0.0003392890002942295
flamingo/test/T389.obj,2,252,500,14207,253,56.15415019762846,8.031746031746032,0.11394124037178426,0.0316931222489939,0.6081383540239255,0.000660208000226703,0.00036555499991663964
flamingo/test/T389.obj,4,252,500,14207,343,41.4198250728863,10.88888888888889,0.0162085336818395,0.0006974181061423877,0.20677801151882552,0.0007044300000416115,0.0003407950007385807
flamingo/test/T389.obj,6,252,500,14207,525,27.06095238095238,16.666666666666668,0.003893295823916963,4.222246203217211e-05,0.019088522802141652,0.0008084300006885314,0.0004215039998598513
flamingo/test/T389.obj,8,252,500,14207,712,19.953651685393258,22.603174603174605,0.0009585216464770421,1.97787767295153e-05,0.01408852688104612,0.0006106410000938922,0.0003235280000808416
flamingo/test/T389.obj,10,252,500,14207,901,15.76803551609323,28.603174603174605,0.00024037548494129166,1.8468163215610183e-05,0.014702860863979445,0.0006656169998677797,0.00035499299974617315
flamingo/test/T389.obj,12,252,500,14207,1090,13.03394495412844,34.6031746031746,6.376542792019775e-05,1.8233003276054212e-05,0.013502206416777053,0.0005835580004713847,0.0003002559997185017
flamingo/test/T389.obj,14,252,500,14207,1279,11.107896794370602,40.6031746031746,1.6206444992109703e-05,1.836929794451851e-05,0.013666314115906396,0.0006796879997637006,0.00033352999980706954
flamingo/test/T578.obj,2,252,500,14229,255,55.8,8.095238095238095,0.0691767723787974,0.012676571735893892,0.6197927089925735,0.007838790999812772,0.0003605309993872652
flamingo/test/T578.obj,4,252,500,14229,363,39.19834710743802,11.523809523809524,0.01427278735428111,0.00036029459778650377,0.11773679186280127,0.0006554330002472852,0.000315666999995301
flamingo/test/T578.obj,6,252,500,14229,546,26.060439560439562,17.333333333333332,0.0038065122149071925,4.486512067123456e-05,0.02010630012842392,0.0006335559992294293,0.00033571600033610594
flamingo/test/T578.obj,8,252,500,14229,732,19.438524590163933,23.238095238095237,0.0009543540536393802,2.354147729040167e-05,0.01586795586815528,0.0006314530000963714,0.0003322989996377146
flamingo/test/T578.obj,10,252,500,14229,926,15.36609071274298,29.396825396825395,0.00022233012913858282,2.2626272666044362e-05,0.014757011997403369,0.0007678000001760665,0.0003804790003414382
flamingo/test/T578.obj,12,252,500,14229,1116,12.75,35.42857142857143,6.287533575095752e-05,2.2513716067244043e-05,0.016273289541726802,0.000839322000501852,0.0003389570001672837
flamingo/test/T578.obj,14,252,500,14229,1305,10.903448275862068,41.42857142857143,1.4259149816063384e-05,2.2354963974125495e-05,0.015460264404608895,0.00063402399973711,0.00030970700026955456
flamingo/test/T587.obj,2,252,500,14235,251,56.713147410358566,7.968253968253968,0.10024693155897024,0.014736349891926055,0.3254914540927913,0.0004881810000370024,0.0002494769996701507
flamingo/test/T587.obj,4,252,500,14235,340,41.86764705882353,10.793650793650794,0.016493789427863666,0.0005136715900725842,0.11915946934785375,0.0006070969993743347,0.00033383200025127735
flamingo/test/T587.obj,6,252,500,14235,530,26.858490566037737,16.825396825396826,0.0038460590520803285,4.319555482673026e-05,0.019577274140969155,0.0007431770000039251,0.0003155009999318281
flamingo/test/T587.obj,8,252,500,14235,724,19.66160220994475,22.984126984126984,0.0010305519620846125,2.1765012626704724e-05,0.01436772077843122,0.0005922740001551574,0.00032652200025040656
flamingo/test/T587.obj,10,252,500,14235,911,15.625686059275521,28.92063492063492,0.00024492645613446323,2.014693160386351e-05,0.014364897376751347,0.0006749210006091744,0.000362605999725929
flamingo/test/T587.obj,12,252,500,14235,1100,12.940909090909091,34.92063492063492,6.617172638466706e-05,2.013420946671825e-05,0.01637784416562148,0.0006133050001153606,0.0003203229998689494
flamingo/test/T587.obj,14,252,500,14235,1289,11.04344453064391,40.92063492063492,1.548761309775898e-05,2.014171449730949e-05,0.014586606765697074,0.00226089499938098,0.0002959120001833071
glasses/test/T102.obj,2,252,500,14263,245,58.21632653061224,7.777777777777778,0.08952411988878142,0.06932493817039673,0.8739721537424472,0.0022236550003071898,0.0004610149999280111
glasses/test/T102.obj,4,252,500,14263,341,41.82697947214076,10.825396825396826,0.012941485121278974,0.000282787182642573,0.06575407361744161,0.004845041999942623,0.0003335569999762811
glasses/test/T102.obj,6,252,500,14263,496,28.756048387096776,15.746031746031745,0.0035593369163176014,3.143544021108845e-05,0.015233219367579072,0.0005681470001945854,0.00029751000056421617
glasses/test/T102.obj,8,252,500,14263,690,20.671014492753624,21.904761904761905,0.0007847205056497848,1.2744646976399668e-05,0.011076631211928485,0.0005780470000900095,0.0002899690007325262
glasses/test/T102.obj,10,252,500,14263,879,16.226393629124004,27.904761904761905,0.00020891579149109885,1.1799585759401534e-05,0.011382311026923634,0.0005681379998350167,0.0003558109992809477
glasses/test/T102.obj,12,252,500,14263,1068,13.354868913857677,33.904761904761905,5.2394933976284834e-05,1.1717494461270356e-05,0.012353137759573833,0.0006045520003681304,0.0003630109995356179
glasses/test/T102.obj,14,252,500,14263,1257,11.346857597454257,39.904761904761905,1.184561494142933e-05,1.1849492616177946e-05,0.011320863847154547,0.0008271389997389633,0.00040890399941417854
glasses/test/T43.obj,2,252,500,14225,240,59.270833333333336,7.619047619047619,0.06657005072387512,0.026069562555745607,0.7947852657938157,0.002425308999590925,0.00045043400041322457
glasses/test/T43.obj,4,252,500,14225,334,42.58982035928144,10.603174603174603,0.01398208604366822,0.0003036083166505434,0.05742518753170638,0.0005881869992663269,0.00030364499980350956
glasses/test/T43.obj,6,252,500,14225,495,28.737373737373737,15.714285714285714,0.0028694414076953917,2.144064283833978e-05,0.013738657524515115,0.0005676229993696325,0.00029654500031028874
glasses/test/T43.obj,8,252,500,14225,692,20.55635838150289,21.96825396825397,0.0007676593089115558,9.108352122922768e-06,0.0109697164027679,0.0007526460003646207,0.00036529799945128616
glasses/test/T43.obj,10,252,500,14225,882,16.1281179138322,28.0,0.00018587861899967904,8.305436721605833e-06,0.008858546824073494,0.0005902990005779429,0.000381259000278078
glasses/test/T43.obj,12,252,500,14225,1071,13.281979458450047,34.0,4.706718504086787e-05,8.151948040502248e-06,0.00868082158149407,0.0005934029995842138,0.00040618499951960985
glasses/test/T43.obj,14,252,500,14225,1260,11.28968253968254,40.0,1.165919382852426e-05,8.293969343045026e-06,0.009450595487627044,0.0006245730000955518,0.00033244600035686744
glasses/test/T506.obj,2,252,500,14230,212,67.12264150943396,6.73015873015873,0.21818215177070413,0.6228666062446102,1.8045725956350136,0.002288319999934174,0.0005386480006563943
glasses/test/T506.obj,4,252,500,14230,289,49.238754325259514,9.174603174603174,0.019258483570883334,0.0016394347131825165,0.2357943433864829,0.0005896739994568634,0.00037821000023541274
glasses/test/T506.obj,6,252,500,14230,411,34.62287104622871,13.047619047619047,0.004469673025245774,3.650044956328805e-05,0.019862472966589922,0.0006150959998194594,0.00031736599976284197
glasses/test/T506.obj,8,252,500,14230,608,23.404605263157894,19.3015873015873,0.0011187845864312805,7.469581600003784e-06,0.007603048486923495,0.0005821800004923716,0.0002816579999489477
glasses/test/T506.obj,10,252,500,14230,798,17.832080200501252,25.333333333333332,0.0002935423016546866,5.5783746556468315e-06,0.007572622161201768,0.0010505330001251423,0.0005030319998695632
glasses/test/T506.obj,12,252,500,14230,988,14.402834008097166,31.365079365079364,6.829960554365579e-05,5.346803242610798e-06,0.007265275949584689,0.0005550870000661234,0.00028804999965359457
glasses/test/T506.obj,14,252,500,14230,1176,12.100340136054422,37.333333333333336,1.780306231636143e-05,5.442334339095993e-06,0.007430406780824714,0.0005728769992856542,0.0003457449993220507
glasses/test/T530.obj,2,252,500,14163,252,56.20238095238095,8.0,0.07492653029227814,0.008047642044734864,0.23410622998622152,0.0039131300000008196,0.0004940859998896485
glasses/test/T530.obj,4,252,500,14163,360,39.34166666666667,11.428571428571429,0.012358406954108211,0.0002471549013174501,0.05353828044152621,0.0007424519999403856,0.0003674649997265078
glasses/test/T530.obj,6,252,500,14163,547,25.892138939670932,17.365079365079364,0.0031417520862300034,3.206026640837441e-05,0.015655388443422787,0.0006920129999343771,0.0003154919995722594
glasses/test/T530.obj,8,252,500,14163,750,18.884,23.80952380952381,0.0007160527189594784,1.8051547337617775e-05,0.013682386277697316,0.0005663370002366719,0.0002954159999717376
glasses/test/T530.obj,10,252,500,14163,936,15.131410256410257,29.714285714285715,0.00018351049546787133,1.712053336029398e-05,0.013210432233380429,0.0005827220002174727,0.00038589700034208363
glasses/test/T530.obj,12,252,500,14163,1125,12.589333333333334,35.714285714285715,4.338223841563923e-05,1.6903613383852903e-05,0.013173919141330972,0.0005921539996052161,0.0003133980007987702
glasses/test/T530.obj,14,252,500,14163,1314,10.778538812785389,41.714285714285715,1.1614142112443942e-05,1.7061112701288465e-05,0.013613088672397137,0.0006068669999876874,0.0003147209999951883
gorilla/test/T105.obj,2,252,500,14264,255,55.937254901960785,8.095238095238095,0.11774852528671131,0.030313747586703365,0.5435685902929083,0.0029537469999922905,0.0006330260002869181
gorilla/test/T105.obj,4,252,500,14264,349,40.87106017191977,11.079365079365079,0.017789500095273712,0.0005097931087003197,0.08554382246217807,0.0012271060004422907,0.0004806769993592752
gorilla/test/T105.obj,6,252,500,14264,533,26.76172607879925,16.92063492063492,0.004379180908805141,5.563022790190371e-05,0.01958348561602163,0.0006718810000165831,0.000313131999973848
gorilla/test/T105.obj,8,252,500,14264,716,19.921787709497206,22.73015873015873,0.0010597752826874943,2.747169436174453e-05,0.016214970345367417,0.0005776799998784554,0.00031427999965671916
gorilla/test/T105.obj,10,252,500,14264,905,15.761325966850828,28.73015873015873,0.00026099887180920905,2.5976777574269702e-05,0.016230085184633657,0.0006498669999928097,0.00042846599990298273
gorilla/test/T105.obj,12,252,500,14264,1094,13.038391224862888,34.73015873015873,6.5686097263398e-05,2.547020403189771e-05,0.015728098738443275,0.0007360139998127124,0.00047270499999285676
gorilla/test/T105.obj,14,252,500,14264,1283,11.117692907248635,40.73015873015873,1.6664536883619984e-05,2.5644882978168416e-05,0.01714615233466585,0.0008146759992087027,0.00043974399977741996
gorilla/test/T4.obj,2,252,500,14247,258,55.22093023255814,8.19047619047619,0.10762549212315231,0.02293362473800813,0.5833699038038589,0.0027271729995845817,0.000512104999870644
gorilla/test/T4.obj,4,252,500,14247,384,37.1015625,12.19047619047619,0.015175796392497606,0.0004288052091690621,0.0709711973250729,0.0005582920002780156,0.00031398600003740285
gorilla/test/T4.obj,6,252,500,14247,577,24.69150779896014,18.317460317460316,0.004382762030874319,7.379944870377249e-05,0.02263581559956094,0.0005988670000078855,0.004160552000030293
gorilla/test/T4.obj,8,252,500,14247,766,18.599216710182766,24.317460317460316,0.0009921580249190932,4.6759424464162214e-05,0.021340275101510393,0.0005940549999650102,0.0003389670000615297
gorilla/test/T4.obj,10,252,500,14247,955,14.918324607329843,30.317460317460316,0.0002818485915769095,4.5548297663998435e-05,0.022746495734104852,0.0005759710002166685,0.0003482330002952949
gorilla/test/T4.obj,12,252,500,14247,1145,12.442794759825327,36.34920634920635,6.570117849109526e-05,4.546359230704295e-05,0.02153744253422305,0.0006580250001206878,0.0003353570000399486
gorilla/test/T4.obj,14,252,500,14247,1334,10.679910044977511,42.34920634920635,1.642058015322946e-05,4.578006171448761e-05,0.022882163315821557,0.0006647539994446561,0.00033028799953171983
gorilla/test/T471.obj,2,252,500,14233,247,57.62348178137652,7.841269841269841,0.08937696980549807,0.01659925308183709,0.4986871054746901,0.00257304499973543,0.0004742760002045543
gorilla/test/T471.obj,4,252,500,14233,361,39.42659279778393,11.46031746031746,0.01563420155760894,0.0004099668517854,0.06652325517747235,0.0007166169998527039,0.0003056460000152583
gorilla/test/T471.obj,6,252,500,14233,540,26.357407407407408,17.142857142857142,0.00416910748472833,5.2785439103266975e-05,0.01997241246110713,0.00076299700049276,0.00037593300021399045
gorilla/test/T471.obj,8,252,500,14233,730,19.497260273972604,23.174603174603174,0.0009545590385721684,2.7607822430173343e-05,0.01733084637335636,0.0006494079998446978,0.0003413909998926101
gorilla/test/T471.obj,10,252,500,14233,920,15.470652173913043,29.206349206349206,0.00024280002447489473,2.6175851128302697e-05,0.01810676257461651,0.0006138290000308189,0.0003461859996605199
gorilla/test/T471.obj,12,252,500,14233,1109,12.834084761045988,35.20634920634921,6.166195208153602e-05,2.6188632851087334e-05,0.016117545148038682,0.0005767709999418003,0.00030830100058665266
gorilla/test/T471.obj,14,252,500,14233,1298,10.9653312788906,41.20634920634921,1.674738062573672e-05,2.6157690444374614e-05,0.016335097674458825,0.0006368809999912628,0.0003472779999356135
gorilla/test/T478.obj,2,252,500,14244,272,52.36764705882353,8.634920634920634,0.08836764313357545,0.011036147166800351,0.3161726336145577,0.003663364000203728,0.0004748640003526816
gorilla/test/T478.obj,4,252,500,14244,387,36.8062015503876,12.285714285714286,0.013971363496353018,0.0003373307742904496,0.05844364424433195,0.0007119150004655239,0.0004364750002423534
gorilla/test/T478.obj,6,252,500,14244,576,24.729166666666668,18.285714285714285,0.0035623171926489174,5.406780682945358e-05,0.01935663711621153,0.0005766599997514277,0.00029210000047896756
gorilla/test/T478.obj,8,252,500,14244,760,18.742105263157896,24.126984126984127,0.0009611895684316748,3.5934492679334665e-05,0.019251262048008706,0.000613203999819234,0.00031393100016430253
gorilla/test/T478.obj,10,252,500,14244,952,14.96218487394958,30.22222222222222,0.00022237403719221655,3.454892639288703e-05,0.019859675870736924,0.0006007409992889734,0.0004133480006203172
gorilla/test/T478.obj,12,252,500,14244,1141,12.483786152497808,36.22222222222222,5.683784124831839e-05,3.457896450746583e-05,0.02052596295153592,0.0007607190000271657,0.00038672399932693224
gorilla/test/T478.obj,14,252,500,14244,1330,10.709774436090225,42.22222222222222,1.4728820437196586e-05,3.4605643289418694e-05,0.018354930714112896,0.0006300199993347633,0.0003083199999309727
hand/test/T150.obj,2,252,500,14196,264,53.77272727272727,8.380952380952381,0.10214391282664048,0.020370286723720085,0.5757181923111705,0.0006299840006249724,0.0031720039996798732
hand/test/T150.obj,4,252,500,14196,384,36.96875,12.19047619047619,0.01607791338852942,0.0004570973621422361,0.06895686204888438,0.0009332240006187931,0.00039185799960250733
hand/test/T150.obj,6,252,500,14196,577,24.60311958405546,18.317460317460316,0.004476840092050499,7.461701459331315e-05,0.027396269950427623,0.0005766240001321421,0.0003057750000152737
hand/test/T150.obj,8,252,500,14196,761,18.654402102496714,24.158730158730158,0.001189681596549811,4.47452699366136e-05,0.022374868077772246,0.0006127350006863708,0.0003325099996800418
hand/test/T150.obj,10,252,500,14196,948,14.974683544303797,30.095238095238095,0.00027054007217516796,4.282897637856302e-05,0.022597684781635662,0.0005278380003801431,0.0002704720000110683
hand/test/T150.obj,12,252,500,14196,1137,12.485488126649077,36.095238095238095,7.222092193592368e-05,4.34455278829532e-05,0.02326927003467462,0.0008827120000205468,0.00039275800008908845
hand/test/T150.obj,14,252,500,14196,1326,10.705882352941176,42.095238095238095,1.624687904593954e-05,4.302009161035797e-05,0.022432634360299828,0.0007172140003604,0.0003421259998503956
hand/test/T390.obj,2,252,500,14197,269,52.77695167286245,8.53968253968254,0.11153429552502556,0.022938175487726753,0.5758121294340453,0.0005282239999360172,0.00026350099960836815
hand/test/T390.obj,4,252,500,14197,386,36.77979274611399,12.253968253968255,0.017041206211136722,0.0004924120214361951,0.0709814874205839,0.01160670100034622,0.000479997999718762
hand/test/T390.obj,6,252,500,14197,581,24.435456110154906,18.444444444444443,0.004667092927396695,7.764332948173558e-05,0.024410815429685026,0.0006235179998839158,0.0003079699999943841
hand/test/T390.obj,8,252,500,14197,770,18.43766233766234,24.444444444444443,0.0010934495430719347,4.5635968886419614e-05,0.021182752379696003,0.0009594819994163117,0.0004403769999044016
hand/test/T390.obj,10,252,500,14197,959,14.803962460896768,30.444444444444443,0.0002746771091489406,4.3884647183743075e-05,0.02228205171352772,0.0005726650006181444,0.0003371760003574309
hand/test/T390.obj,12,252,500,14197,1148,12.366724738675957,36.44444444444444,7.675451600660953e-05,4.3936909531435336e-05,0.02188377598456869,0.001064317999407649,0.0006762160001017037
hand/test/T390.obj,14,252,500,14197,1338,10.610612855007474,42.476190476190474,1.7660732013043907e-05,4.3838527584127315e-05,0.02286973631611189,0.000680570000440639,0.00033341899961669696
hand/test/T512.obj,2,252,500,14212,260,54.66153846153846,8.253968253968255,0.09966705029401982,0.015534422322311446,0.35875931325912536,0.0005569599998125341,0.0002789860000120825
hand/test/T512.obj,4,252,500,14212,379,37.49868073878628,12.031746031746032,0.01771680073558079,0.000542410034643061,0.0751951660983576,0.013015503999667999,0.00044174600043334067
hand/test/T512.obj,6,252,500,14212,575,24.716521739130435,18.253968253968253,0.004428324961831431,7.504432507717223e-05,0.023903380705655695,0.0007604439997521695,0.00041839000004983973
hand/test/T512.obj,8,252,500,14212,761,18.675427069645202,24.158730158730158,0.001112447130361976,4.646826494515282e-05,0.019635621138505584,0.0005504030004885863,0.00030054899980314076
hand/test/T512.obj,10,252,500,14212,952,14.928571428571429,30.22222222222222,0.00027295710951630905,4.387334547920292e-05,0.021815617267486098,0.0006344559997160104,0.00030907300060789566
hand/test/T512.obj,12,252,500,14212,1140,12.466666666666667,36.19047619047619,7.473038787884445e-05,4.438886390169429e-05,0.022130450712141557,0.0005714070002795779,0.00031112899978325004
hand/test/T512.obj,14,252,500,14212,1329,10.693754702784048,42.19047619047619,1.7782760835574014e-05,4.3927382928811417e-05,0.021204400277526497,0.0006524199998239055,0.0003266690000600647
hand/test/T572.obj,2,252,500,14194,268,52.96268656716418,8.507936507936508,0.10613111426659314,0.020996087509828718,0.5200100086810698,0.000514475000272796,0.0002714909996939241
hand/test/T572.obj,4,252,500,14194,391,36.30179028132992,12.412698412698413,0.01788604106660986,0.0005444542633552659,0.07272156438200118,0.0008225009996749577,0.00043540000024222536
hand/test/T572.obj,6,252,500,14194,580,24.47241379310345,18.41269841269841,0.0042954777879781365,7.484380731719164e-05,0.025884101769970434,0.0006154909997349023,0.0003124980003121891
hand/test/T572.obj,8,252,500,14194,766,18.530026109660575,24.317460317460316,0.001072184167918095,4.8072082849979545e-05,0.02029978726941846,0.0005651709998346632,0.0002781040002446389
hand/test/T572.obj,10,252,500,14194,956,14.847280334728033,30.349206349206348,0.00026470455408701845,4.6178998179833105e-05,0.02257525510122209,0.0006362560006891727,0.0003137379999316181
hand/test/T572.obj,12,252,500,14194,1145,12.39650655021834,36.34920634920635,6.610473606144826e-05,4.6523175906500766e-05,0.023191505270584795,0.0008590070001446293,0.00042841999947995646
hand/test/T572.obj,14,252,500,14194,1334,10.640179910044978,42.34920634920635,1.667203628341031e-05,4.633461455931333e-05,0.02409856367534712,0.0006923709997863625,0.0003454970001257607
horse/test/T117.obj,2,252,500,14226,268,53.082089552238806,8.507936507936508,0.09531182012015775,0.014011329319522283,0.3455984988226011,0.0006068480006433674,0.0003029649997188244
horse/test/T117.obj,4,252,500,14226,382,37.24083769633508,12.126984126984127,0.014225271045212304,0.0003570392480397429,0.07022837055140438,0.0035913060000893893,0.000342796999575512
horse/test/T117.obj,6,252,500,14226,572,24.87062937062937,18.158730158730158,0.0036749139893620967,4.957133142728228e-05,0.01952704040294121,0.0005698459999621264,0.0002921919995060307
horse/test/T117.obj,8,252,500,14226,758,18.767810026385224,24.063492063492063,0.0009191068448617854,3.062905968668427e-05,0.018679513175832937,0.0005388039999161265,0.00031074399976205314
horse/test/T117.obj,10,252,500,14226,948,15.00632911392405,30.095238095238095,0.00022097879073648658,2.935586867998516e-05,0.018861528450073353,0.0006409309999071411,0.0003325200004837825
horse/test/T117.obj,12,252,500,14226,1137,12.511873350923484,36.095238095238095,5.897480412998159e-05,2.9093781556698392e-05,0.017173730979615436,0.0006146549994809902,0.0003418140004214365
horse/test/T117.obj,14,252,500,14226,1326,10.728506787330316,42.095238095238095,1.4977844213996851e-05,2.9319879522463057e-05,0.01729964033099181,0.0018564460006018635,0.0003218749998268322
horse/test/T343.obj,2,252,500,14234,262,54.32824427480916,8.317460317460318,0.09822893666009375,0.024378348068901778,0.5512728501891846,0.0005237420000412385,0.00024592200043116463
horse/test/T343.obj,4,252,500,14234,382,37.261780104712045,12.126984126984127,0.016845018638000545,0.00047456163401278387,0.07741529601801314,0.0007658529993932461,0.0003727829998751986
horse/test/T343.obj,6,252,500,14234,555,25.646846846846845,17.61904761904762,0.004064430861575645,5.982648651743839e-05,0.021950059477150403,0.0005408239994721953,0.00030539900035364553
horse/test/T343.obj,8,252,500,14234,741,19.209176788124157,23.523809523809526,0.0010747819001395952,3.549070195249641e-05,0.01953443501899032,0.0006353009994199965,0.0003314360001240857
horse/test/T343.obj,10,252,500,14234,928,15.338362068965518,29.46031746031746,0.0002628764460776685,3.320250571023559e-05,0.02050715148840311,0.0006323810002868413,0.0003480320001472137
horse/test/T343.obj,12,252,500,14234,1118,12.731663685152057,35.492063492063494,6.655358774868843e-05,3.345321887496391e-05,0.018977384842806706,0.0007562740001958446,0.0003090820000579697
horse/test/T343.obj,14,252,500,14234,1307,10.890589135424637,41.492063492063494,1.5682072572127137e-05,3.360752928611615e-05,0.021503381330581595,0.0022326179996525752,0.0007111250006346381
horse/test/T454.obj,2,252,500,14247,262,54.37786259541985,8.317460317460318,0.09087210147814723,0.013934973428084696,0.3658330309898385,0.0006650660006926046,0.00028034400020260364
horse/test/T454.obj,4,252,500,14247,388,36.71907216494845,12.317460317460318,0.014928794169884652,0.00037471524704294146,0.06238516191229705,0.0006012009998812573,0.0003114969995294814
horse/test/T454.obj,6,252,500,14247,586,24.312286689419796,18.603174603174605,0.003916111130340814,5.652862905346508e-05,0.018825315310978634,0.006684896000479057,0.0004057529995407094
horse/test/T454.obj,8,252,500,14247,774,18.406976744186046,24.571428571428573,0.0009654279978278796,3.384391548153008e-05,0.0197515104719488,0.000669273000312387,0.0003736280004886794
horse/test/T454.obj,10,252,500,14247,964,14.779045643153527,30.603174603174605,0.00023709043180852667,3.29323933076258e-05,0.019595929869302964,0.0006077580001146998,0.00034079400029440876
horse/test/T454.obj,12,252,500,14247,1153,12.356461405030355,36.6031746031746,6.042608644047719e-05,3.2729755270548405e-05,0.019067746604340272,0.16659528599939222,0.0003212869996787049
horse/test/T454.obj,14,252,500,14247,1342,10.61624441132638,42.6031746031746,1.5290498682871413e-05,3.260477785298965e-05,0.01689873365003325,0.0007433149994540145,0.000362910000148986
horse/test/T529.obj,2,252,500,14235,261,54.54022988505747,8.285714285714286,0.10201987711870564,0.02521085242207624,0.5318517337273547,0.0005676600003425847,0.0002620679997562547
horse/test/T529.obj,4,252,500,14235,385,36.97402597402598,12.222222222222221,0.01588986141081901,0.00041834477187798456,0.076310109368201,0.001046868000230461,0.0003467369997451897
horse/test/T529.obj,6,252,500,14235,580,24.54310344827586,18.41269841269841,0.003745589094308135,5.424335085884197e-05,0.019767610922695064,0.0006160410002848948,0.0005532269997274852
horse/test/T529.obj,8,252,500,14235,768,18.53515625,24.38095238095238,0.0009530028444849723,3.4498369274842855e-05,0.019491416961747228,0.0005855790004716255,0.0005959400004940107
horse/test/T529.obj,10,252,500,14235,958,14.859081419624218,30.41269841269841,0.0002506719227621307,3.3774632009910266e-05,0.01892080510063096,0.0006270900003073621,0.000323960000059742
horse/test/T529.obj,12,252,500,14235,1145,12.43231441048035,36.34920634920635,5.818481291098609e-05,3.323521589445197e-05,0.018285258533631266,0.0006856659992990899,0.00033877399982884526
horse/test/T529.obj,14,252,500,14235,1335,10.662921348314606,42.38095238095238,1.4845664163914286e-05,3.345594901675022e-05,0.019205551494427372,0.0009943260001818999,0.0004474679999475484
lamp/test/T113.obj,2,252,500,14228,254,56.01574803149607,8.063492063492063,0.090548573671065,0.01412474174748567,0.40387797156241934,0.0005138129999977536,0.00024230400049418677
lamp/test/T113.obj,4,252,500,14228,376,37.840425531914896,11.936507936507937,0.016002422869528216,0.00044861899098309617,0.06941778378523235,0.0009958870004993514,0.000386026000342099
lamp/test/T113.obj,6,252,500,14228,565,25.18230088495575,17.936507936507937,0.004531060606235224,7.9455985954552e-05,0.025916825738395204,0.021203177000643336,0.0002910450002673315
lamp/test/T113.obj,8,252,500,14228,756,18.82010582010582,24.0,0.0010795555339333663,4.97284360208235e-05,0.02202247054936683,0.0006451179997384315,0.0003642689998741844
lamp/test/T113.obj,10,252,500,14228,945,15.056084656084655,30.0,0.00023454900745922868,4.812984911896911e-05,0.022725414409796307,0.0005952950004939339,0.00031591500010108575
lamp/test/T113.obj,12,252,500,14228,1135,12.53568281938326,36.03174603174603,6.994342978094619e-05,4.749482399209014e-05,0.021846872337433928,0.0005866989995411132,0.0003118740005447762
lamp/test/T113.obj,14,252,500,14228,1324,10.746223564954683,42.03174603174603,1.4641269056768238e-05,4.7952067358386275e-05,0.02284608835064314,0.0006165370004964643,0.0002943969993793871
lamp/test/T237.obj,2,252,500,14160,263,53.840304182509506,8.34920634920635,0.09649456659824297,0.013280465069669498,0.3272162918706455,0.000558190999981889,0.0014415569994525868
lamp/test/T237.obj,4,252,500,14160,390,36.30769230769231,12.380952380952381,0.016966484814439284,0.00048549590116034455,0.07842433990102914,0.008909981999750016,0.0003795610000452143
lamp/test/T237.obj,6,252,500,14160,580,24.413793103448278,18.41269841269841,0.00438192670962886,8.225733246048138e-05,0.026213198150855162,0.010349323999435,0.000329433999468165
lamp/test/T237.obj,8,252,500,14160,770,18.38961038961039,24.444444444444443,0.0010973901595777648,5.4515290696955334e-05,0.023362222386427222,0.0005924469996898551,0.0003053439995710505
lamp/test/T237.obj,10,252,500,14160,959,14.765380604796663,30.444444444444443,0.0002536483205821962,5.265413771623863e-05,0.021904121245849097,0.0006375689999913448,0.00037393899947346654
lamp/test/T237.obj,12,252,500,14160,1147,12.345248474280732,36.41269841269841,6.831228430950971e-05,5.27083723050263e-05,0.02282400045416467,0.00969573699967441,0.0003244280005674227
lamp/test/T237.obj,14,252,500,14160,1336,10.598802395209582,42.41269841269841,1.626724069256456e-05,5.270171349873376e-05,0.02243624079323171,0.0007482659993911511,0.00037893599983362947
lamp/test/T427.obj,2,252,500,14222,255,55.772549019607844,8.095238095238095,0.08624461058200342,0.011573428793891609,0.3005062504624109,0.0006302499996309052,0.0002872139993996825
lamp/test/T427.obj,4,252,500,14222,372,38.23118279569893,11.80952380952381,0.0157013512668633,0.000466830968267765,0.07582123062349422,0.00636372000008123,0.0005301889996189857
lamp/test/T427.obj,6,252,500,14222,563,25.261101243339255,17.873015873015873,0.005117852187549536,8.971190924556215e-05,0.02504193696518232,0.0006597950005016173,0.0003174479998051538
lamp/test/T427.obj,8,252,500,14222,746,19.064343163538872,23.682539682539684,0.0011025416181161228,5.115167421288111e-05,0.02250853557606773,0.0005962689992884407,0.0003093390005233232
lamp/test/T427.obj,10,252,500,14222,934,15.226980728051393,29.650793650793652,0.0002607130320808892,4.947944876308235e-05,0.02449875177307574,0.0005951850007477333,0.0003441279995968216
lamp/test/T427.obj,12,252,500,14222,1124,12.653024911032029,35.682539682539684,7.617223805866268e-05,4.9555747306179106e-05,0.02569031866126891,0.006603269000152068,0.00036848499985353556
lamp/test/T427.obj,14,252,500,14222,1313,10.831683168316832,41.682539682539684,1.765631919968863e-05,4.8524505735679936e-05,0.0223700368286984,0.0007307329997274792,0.00031529900024906965
lamp/test/T63.obj,2,252,500,14249,270,52.77407407407407,8.571428571428571,0.09629069628667619,0.014951748090509236,0.402603177963978,0.0008533649997843895,0.00025336199996672804
lamp/test/T63.obj,4,252,500,14249,397,35.89168765743073,12.603174603174603,0.017036177195060558,0.0005217305917453157,0.07747871120585727,0.0070791360003568116,0.0003801849998126272
lamp/test/T63.obj,6,252,500,14249,591,24.109983079526227,18.761904761904763,0.0046478320022022394,9.782078877895625e-05,0.026275030536997392,0.0005857529995410005,0.0003470759993433603
lamp/test/T63.obj,8,252,500,14249,776,18.362113402061855,24.634920634920636,0.0011334744601021749,6.703897133267188e-05,0.026614178673689037,0.0005954419993940974,0.0002926240003944258
lamp/test/T63.obj,10,252,500,14249,962,14.811850311850312,30.53968253968254,0.00027169738298813453,6.518004819253294e-05,0.0252000031827479,0.0006218460002855863,0.00039739600015309406
lamp/test/T63.obj,12,252,500,14249,1151,12.379669852302346,36.53968253968254,7.093844962360925e-05,6.559731481953432e-05,0.024408223346521995,0.0007704820000071777,0.0003386450007383246
lamp/test/T63.obj,14,252,500,14249,1340,10.633582089552238,42.53968253968254,1.6558588016075447e-05,6.505189656109228e-05,0.026093519636405244,0.0007483850004064152,0.00033182200058945455
laptop/test/T134.obj,2,252,500,14270,292,48.86986301369863,9.26984126984127,0.07388112687970201,0.008113375053205817,0.23057573885351076,0.0005318140001691063,0.0002426529999866034
laptop/test/T134.obj,4,252,500,14270,456,31.29385964912281,14.476190476190476,0.012189084153776095,0.00032428698186918114,0.05258605102270198,0.0009252059999198536,0.0003143900003124145
laptop/test/T134.obj,6,252,500,14270,685,20.83211678832117,21.746031746031747,0.0030430016070385232,0.00011285874309651495,0.035293851762346486,0.0005689270001312252,0.00031460199988941895
laptop/test/T134.obj,8,252,500,14270,872,16.36467889908257,27.682539682539684,0.0008084104609043564,9.99869044371636e-05,0.03012005808300495,0.0005826209999213461,0.00032387800001743017
laptop/test/T134.obj,10,252,500,14270,1063,13.424270931326435,33.74603174603175,0.0001740768612872228,9.862852699200176e-05,0.03375361417573308,0.004305780000322557,0.0010637390005285852
laptop/test/T134.obj,12,252,500,14270,1251,11.406874500399681,39.714285714285715,4.583870825572638e-05,9.79105864136632e-05,0.03388550249380893,0.0005931189998591435,0.00030909100041753845
laptop/test/T134.obj,14,252,500,14270,1440,9.909722222222221,45.714285714285715,1.3814836923113569e-05,9.833748539865206e-05,0.0310050798356356,0.0005891509999855771,0.00034551499993540347
laptop/test/T313.obj,2,252,500,14185,297,47.76094276094276,9.428571428571429,0.051291718189245064,0.004671164699401483,0.2185457130617306,0.0005503940001290175,0.0002519469999242574
laptop/test/T313.obj,4,252,500,14185,462,30.703463203463205,14.666666666666666,0.012565310858991026,0.0003286720859483831,0.04923083047853482,0.0006419969995477004,0.0003449360001468449
laptop/test/T313.obj,6,252,500,14185,691,20.52821997105644,21.936507936507937,0.0027601770716399045,0.00010313860375530305,0.03020392217302388,0.0005781849995400989,0.0002984470002047601
laptop/test/T313.obj,8,252,500,14185,879,16.137656427758817,27.904761904761905,0.0007146336153015815,9.205095335027081e-05,0.030146257064994846,0.000626558000476507,0.0003480140003375709
laptop/test/T313.obj,10,252,500,14185,1069,13.269410664172124,33.93650793650794,0.00017778276259459243,9.021247844397302e-05,0.0306536845499563,0.0006888709995109821,0.0003946690003431286
laptop/test/T313.obj,12,252,500,14185,1259,11.266878474980142,39.96825396825397,4.5572653891436186e-05,9.086128875933867e-05,0.030483623984463824,0.0006408389999705832,0.00033822299974417547
laptop/test/T313.obj,14,252,500,14185,1448,9.796270718232044,45.96825396825397,1.3650810509266832e-05,9.030698277103934e-05,0.032196321733474836,0.006163992999972834,0.0004162049999649753
laptop/test/T537.obj,2,252,500,14209,277,51.29602888086642,8.793650793650794,0.08056303364481843,0.010233170227006592,0.3454423887483359,0.0005443780000859988,0.00026900200009549735
laptop/test/T537.obj,4,252,500,14209,415,34.23855421686747,13.174603174603174,0.016107419862676962,0.00047220901489973305,0.0643459951384105,0.0005822909997732495,0.0005440449995148811
laptop/test/T537.obj,6,252,500,14209,618,22.991909385113267,19.61904761904762,0.004058179218048234,0.0001016014081524048,0.02952342305218395,0.000789886999882583,0.00031206699986796593
laptop/test/T537.obj,8,252,500,14209,810,17.541975308641977,25.714285714285715,0.0010039937313484162,7.779512203932875e-05,0.02839961028570841,0.0007808689997546026,0.00039067299985617865
laptop/test/T537.obj,10,252,500,14209,997,14.251755265797392,31.650793650793652,0.00024669295903652024,7.672602535839858e-05,0.02932816582507466,0.0006126250000306754,0.0003339160002724384
laptop/test/T537.obj,12,252,500,14209,1186,11.98060708263069,37.65079365079365,6.391343130008446e-05,7.5915255554631e-05,0.028744226839120236,0.0005844490005983971,0.00029183400056354003
laptop/test/T537.obj,14,252,500,14209,1375,10.333818181818183,43.65079365079365,1.7132175614698556e-05,7.644134477864075e-05,0.02841661748361571,0.0005932379999649129,0.0002887479995479225
laptop/test/T568.obj,2,252,500,14239,295,48.26779661016949,9.365079365079366,0.060984527021436155,0.006651050071846066,0.29798732176960535,0.0005373340000005555,0.0002521309997973731
laptop/test/T568.obj,4,252,500,14239,444,32.06981981981982,14.095238095238095,0.013333060101353269,0.00035010309540245817,0.06611138300731036,0.0006224619992281077,0.000312837999445037
laptop/test/T568.obj,6,252,500,14239,652,21.838957055214724,20.6984126984127,0.003418119339475825,9.687136110316338e-05,0.029348232390101352,0.0005910330000915565,0.00033128899940493284
laptop/test/T568.obj,8,252,500,14239,842,16.910926365795724,26.73015873015873,0.0008862022973397481,7.970083566450779e-05,0.03071621359189186,0.0006149490000098012,0.00036194499989505857
laptop/test/T568.obj,10,252,500,14239,1031,13.81086323957323,32.73015873015873,0.0002313432825753127,7.860268202092605e-05,0.0286142393590176,0.0006603639994864352,0.00041963000057876343
laptop/test/T568.obj,12,252,500,14239,1220,11.671311475409835,38.73015873015873,5.139430190931346e-05,7.79904421322876e-05,0.029380099561485008,0.0010606260002532508,0.0003745829999388661
laptop/test/T568.obj,14,252,500,14239,1410,10.098581560283687,44.76190476190476,1.404842511456246e-05,7.871296110973993e-05,0.029453743933179823,0.000642308000351477,0.0003606410000429605
man/test/T21.obj,2,252,500,14229,252,56.464285714285715,8.0,0.12173145854486854,0.027316040290954573,0.578342741173656,0.0005485020001287921,0.0002507450008124579
man/test/T21.obj,4,252,500,14229,342,41.60526315789474,10.857142857142858,0.016355205797066192,0.0004369435479619166,0.07086768341612665,0.0014707330001328955,0.000434747999861429
man/test/T21.obj,6,252,500,14229,515,27.629126213592233,16.349206349206348,0.0038910188827211353,4.127003983574571e-05,0.019281259452737204,0.0006711550004183664,0.00034130000040022423
man/test/T21.obj,8,252,500,14229,711,20.0126582278481,22.571428571428573,0.0010056489939599506,1.9239674175601094e-05,0.01357442520961296,0.0005613329994957894,0.0003307010001663002
man/test/T21.obj,10,252,500,14229,899,15.827586206896552,28.53968253968254,0.0002546410624447822,1.805903704020113e-05,0.014364505934874355,0.0006276330004766351,0.0003206170003977604
man/test/T21.obj,12,252,500,14229,1087,13.09015639374425,34.507936507936506,6.124931134528122e-05,1.7890220575092005e-05,0.012623010858988858,0.0005342849999578902,0.0002745769998000469
man/test/T21.obj,14,252,500,14229,1276,11.151253918495298,40.507936507936506,1.5487356189372796e-05,1.803592163639404e-05,0.013614825344111688,0.0006468730007327395,0.0003522380002323189
man/test/T404.obj,2,252,500,14239,270,52.737037037037034,8.571428571428571,0.12065003337505051,0.018705163795134795,0.34304180332307155,0.0004951149994667503,0.0002491830000508344
man/test/T404.obj,4,252,500,14239,345,41.27246376811594,10.952380952380953,0.014487899802658338,0.0003507417118885113,0.06928216413715195,0.0005669069996656617,0.00030748400058655534
man/test/T404.obj,6,252,500,14239,519,27.435452793834298,16.476190476190474,0.004123553487315336,4.629191885952118e-05,0.01897836821452144,0.0005998959995849873,0.00031107499944482697
man/test/T404.obj,8,252,500,14239,711,20.026722925457104,22.571428571428573,0.0009732326882777093,2.161295886851656e-05,0.013662784574825214,0.0005845679997946718,0.00029554399952758104
man/test/T404.obj,10,252,500,14239,898,15.856347438752785,28.50793650793651,0.0002379881265171435,2.0362130809653453e-05,0.013584432874269048,0.0005951849998382386,0.00031396800022776006
man/test/T404.obj,12,252,500,14239,1088,13.087316176470589,34.53968253968254,6.367168999170979e-05,2.055984244090498e-05,0.014972454555926603,0.000665387999106315,0.0003052339998248499
man/test/T404.obj,14,252,500,14239,1277,11.150352388410337,40.53968253968254,1.3945455417485034e-05,2.0435278697817818e-05,0.015347553334680597,0.0005996939999022288,0.00030998200054455083
man/test/T519.obj,2,252,500,14257,274,52.03284671532847,8.698412698412698,0.10472845911255932,0.02069716007418488,0.4744877507432622,0.0005192690005060285,0.0003160799997203867
man/test/T519.obj,4,252,500,14257,381,37.41994750656168,12.095238095238095,0.015818342799486344,0.0004223462784025224,0.06938735061634137,0.0006483240003944957,0.00034998799947061343
man/test/T519.obj,6,252,500,14257,568,25.100352112676056,18.03174603174603,0.003965204234703427,5.6350331523155175e-05,0.020967056441476287,0.005831545000546612,0.00035768399993685307
man/test/T519.obj,8,252,500,14257,752,18.95877659574468,23.873015873015873,0.0009716340364531058,3.3717190897910045e-05,0.02049475146974564,0.0006511990004582913,0.00030473700007860316
man/test/T519.obj,10,252,500,14257,943,15.118769883351007,29.936507936507937,0.00024523639378546904,3.27541577128453e-05,0.01999648543044199,0.0006369809998432174,0.0003575829996407265
man/test/T519.obj,12,252,500,14257,1133,12.583406884377759,35.96825396825397,6.091577438325247e-05,3.226180798774934e-05,0.018638487548754964,0.0035349979998500203,0.000352090999513166
man/test/T519.obj,14,252,500,14257,1322,10.784417549167927,41.96825396825397,1.512299709287151e-05,3.2204791009548774e-05,0.020192308388826477,0.0006183289997352404,0.00030229499952838523
man/test/T542.obj,2,252,500,14224,254,56.0,8.063492063492063,0.09196179682261185,0.015461005836957704,0.4985341617569334,0.0005389970001488109,0.00024046799990173895
man/test/T542.obj,4,252,500,14224,354,40.18079096045198,11.238095238095237,0.015419207727063932,0.00038274975726843745,0.0777540469838465,0.0005901240001549013,0.0003145649998259614
man/test/T542.obj,6,252,500,14224,535,26.586915887850466,16.984126984126984,0.003924866018406181,4.3812899154966906e-05,0.017547164598260365,0.0006149860000732588,0.0002962240005217609
man/test/T542.obj,8,252,500,14224,719,19.783031988873436,22.825396825396826,0.000959293590074476,2.2029426973826082e-05,0.01492034268365851,0.0006701270003759419,0.00033913199968083063
man/test/T542.obj,10,252,500,14224,909,15.647964796479648,28.857142857142858,0.00026371649182393574,2.107415352342901e-05,0.014648915871794383,0.0006047730003047036,0.00030419600079767406
man/test/T542.obj,12,252,500,14224,1099,12.94267515923567,34.888888888888886,5.9791687304319676e-05,2.0813023547820512e-05,0.014722934946488265,0.0006048099994586664,0.00030639999931736384
man/test/T542.obj,14,252,500,14224,1288,11.043478260869565,40.888888888888886,1.4748517322854559e-05,2.0813240217536142e-05,0.0147680503111549,0.0006159499998830142,0.00031089999993128004
myScissor/test/T110.obj,2,252,500,14215,247,57.550607287449395,7.841269841269841,0.043973486573579176,0.01166915267541827,0.5161711981860064,0.0004691519998232252,0.0025822110001172405
myScissor/test/T110.obj,4,252,500,14215,355,40.04225352112676,11.26984126984127,0.015043131597357299,0.0004575146828702407,0.06652148625375905,0.0005817030005346169,0.000359382999704394
myScissor/test/T110.obj,6,252,500,14215,533,26.669793621013135,16.92063492063492,0.0029815459490469334,3.8676970954890166e-05,0.01717728944514115,0.0005739329999414622,0.00029807000009896
myScissor/test/T110.obj,8,252,500,14215,734,19.36648501362398,23.3015873015873,0.0009602999076034385,2.4131629739433753e-05,0.014713338588329867,0.0005873879999853671,0.00035218300035921857
myScissor/test/T110.obj,10,252,500,14215,924,15.384199134199134,29.333333333333332,0.0003256471942676485,2.3136833612016855e-05,0.016124695260904473,0.0006963480000194977,0.00035001500054931967
myScissor/test/T110.obj,12,252,500,14215,1112,12.783273381294965,35.301587301587304,5.9471818160966195e-05,2.2897098793113218e-05,0.01624138461854715,0.0005710209998142091,0.00030089899973972933
myScissor/test/T110.obj,14,252,500,14215,1302,10.917818740399385,41.333333333333336,1.5850552589407404e-05,2.2819730410252256e-05,0.015766015444755498,0.0040265480001835385,0.003102096000475285
myScissor/test/T282.obj,2,252,500,14236,244,58.34426229508197,7.746031746031746,0.05397401050767273,0.008517642602961386,0.29506489170595956,0.0005176900003789342,0.00025057000038941624
myScissor/test/T282.obj,4,252,500,14236,348,40.9080459770115,11.047619047619047,0.016418982127867427,0.0005610841834571985,0.07130023609385494,0.0005741439999837894,0.0003482980000626412
myScissor/test/T282.obj,6,252,500,14236,525,27.116190476190475,16.666666666666668,0.004972712751884318,6.558504006581104e-05,0.01791050924387723,0.00054836500021338,0.0002908329997808323
myScissor/test/T282.obj,8,252,500,14236,735,19.368707482993198,23.333333333333332,0.0004446727061171689,2.080980111149986e-05,0.015594972264593058,0.0006326470002022688,0.00035327499972481746
myScissor/test/T282.obj,10,252,500,14236,923,15.42361863488624,29.3015873015873,0.00019727689409874632,2.0482445790080538e-05,0.015306420246997373,0.0005826110000271001,0.0002997960000357125
myScissor/test/T282.obj,12,252,500,14236,1111,12.813681368136814,35.26984126984127,5.566756263852292e-05,2.032218542256457e-05,0.013906000922726744,0.0006355119994623237,0.0003957800008720369
myScissor/test/T282.obj,14,252,500,14236,1301,10.942352036894697,41.301587301587304,1.490441011283728e-05,2.0086555659293104e-05,0.013563672649264169,0.0006004110000503715,0.00031439900067198323
myScissor/test/T470.obj,2,252,500,14233,239,59.55230125523013,7.587301587301587,0.06827411385555163,0.02511062419554694,0.5956471268371303,0.0005185069994695368,0.00024216600013460265
myScissor/test/T470.obj,4,252,500,14233,342,41.61695906432749,10.857142857142858,0.021219954958418434,0.0009260001427543085,0.08016724625309445,0.0006286150000960333,0.00031584999942424474
myScissor/test/T470.obj,6,252,500,14233,502,28.352589641434264,15.936507936507937,0.004030855979257498,4.641615434719257e-05,0.018131623587805765,0.017196159999912197,0.0003622210006142268
myScissor/test/T470.obj,8,252,500,14233,714,19.934173669467786,22.666666666666668,0.001184632544779893,2.409639996015495e-05,0.01626272132567815,0.0005797550002171192,0.0003053340005862992
myScissor/test/T470.obj,10,252,500,14233,905,15.72707182320442,28.73015873015873,0.0003058331518590322,2.2450030576126466e-05,0.016453056999325123,0.0006739109994668979,0.00037524399976973655
myScissor/test/T470.obj,12,252,500,14233,1093,13.02195791399817,34.698412698412696,7.471644677480412e-05,2.2238686441080192e-05,0.01515588594787562,0.0006363669999700505,0.00030315799995150883
myScissor/test/T470.obj,14,252,500,14233,1282,11.102184087363495,40.698412698412696,1.6514894988891356e-05,2.2185083211364274e-05,0.016052667218864038,0.0006278620003286051,0.0003205339999112766
myScissor/test/T543.obj,2,252,500,14240,245,58.12244897959184,7.777777777777778,0.045486080061744184,0.00451656599667378,0.26387180356677253,0.0006592250001631328,0.00029212800018285634
myScissor/test/T543.obj,4,252,500,14240,348,40.91954022988506,11.047619047619047,0.020315992531177586,0.0008391647919947224,0.0765282251279862,0.0007259120002345298,0.00030831099957140395
myScissor/test/T543.obj,6,252,500,14240,509,27.976424361493123,16.158730158730158,0.003307933302748691,3.696486011999352e-05,0.016608279713451447,0.004810006999832694,0.00031138699978328077
myScissor/test/T543.obj,8,252,500,14240,728,19.560439560439562,23.11111111111111,0.0005405972467692836,1.9389294151230392e-05,0.013601130696715275,0.0005688170003850246,0.0003233539991924772
myScissor/test/T543.obj,10,252,500,14240,916,15.54585152838428,29.07936507936508,0.00033094905550734387,1.9205738180730687e-05,0.014424092654087853,0.000716460999683477,0.00034018799942714395
myScissor/test/T543.obj,12,252,500,14240,1105,12.886877828054299,35.07936507936508,6.444126069370736e-05,1.9026990301203915e-05,0.01459203113301817,0.0005759989999205573,0.00031383899931825
myScissor/test/T543.obj,14,252,500,14240,1294,11.004636785162287,41.07936507936508,1.7688944037602882e-05,1.886893945297068e-05,0.013012346793337598,0.0006362289996104664,0.0004110250001758686
octopus/test/T10.obj,2,252,500,14207,275,51.661818181818184,8.73015873015873,0.0915435239654935,0.01500421932018368,0.5106536800627766,0.0006382669998856727,0.000247006999416044
octopus/test/T10.obj,4,252,500,14207,410,34.65121951219512,13.015873015873016,0.015090921374684612,0.0003971813385465002,0.07398517401985572,0.0008322730000145384,0.0003259249997427105
octopus/test/T10.obj,6,252,500,14207,609,23.328407224958948,19.333333333333332,0.004292910846132008,6.5155454225146e-05,0.022199671543032443,0.0005632600004901178,0.0002929270003733109
octopus/test/T10.obj,8,252,500,14207,800,17.75875,25.396825396825395,0.0009868883533666376,3.8711982883632504e-05,0.022945205694772496,0.0005662919993483229,0.00030336899999383604
octopus/test/T10.obj,10,252,500,14207,990,14.35050505050505,31.428571428571427,0.00024155860503537348,3.709154591126965e-05,0.019399147302407715,0.0005377389998102444,0.00027032500020141015
octopus/test/T10.obj,12,252,500,14207,1179,12.050042408821035,37.42857142857143,6.33706394539911e-05,3.767202054155102e-05,0.020200963363242754,0.0005954140005997033,0.00032125000052474206
octopus/test/T10.obj,14,252,500,14207,1369,10.377647918188458,43.46031746031746,1.4190155696118497e-05,3.7000571156305294e-05,0.019993321601242404,0.0006078039996282314,0.00031816400041861925
octopus/test/T263.obj,2,252,500,14213,272,52.25367647058823,8.634920634920634,0.09304636327579527,0.015524544269181801,0.45557486592124474,0.0005213450003793696,0.0002636479994180263
octopus/test/T263.obj,4,252,500,14213,404,35.18069306930693,12.825396825396826,0.014089307332195591,0.0003491527200341284,0.06568275599020172,0.0011911900000995956,0.0006418399998437962
octopus/test/T263.obj,6,252,500,14213,593,23.967959527824622,18.825396825396826,0.003593012498722688,5.269339258500414e-05,0.02305489468056022,0.0006156190002002404,0.00028620400007639546
octopus/test/T263.obj,8,252,500,14213,779,18.245186136071887,24.73015873015873,0.0008540073828332126,3.358762971895056e-05,0.01771560012390753,0.0004513160001806682,0.00021351099985622568
octopus/test/T263.obj,10,252,500,14213,969,14.667698658410732,30.761904761904763,0.00021321716302306006,3.2659885075061974e-05,0.020283769663995654,0.0005650060002153623,0.00028565299999172566
octopus/test/T263.obj,12,252,500,14213,1157,12.284356093344858,36.73015873015873,5.847867472310022e-05,3.243912421761793e-05,0.01999297957619316,0.0006051500004105037,0.0003214350008420297
octopus/test/T263.obj,14,252,500,14213,1346,10.559435364041605,42.73015873015873,1.4583218361116477e-05,3.247037511403505e-05,0.02062651094758303,0.0004960329997629742,0.0002578530002210755
octopus/test/T380.obj,2,252,500,14238,279,51.03225806451613,8.857142857142858,0.09339077762558332,0.013919515173431209,0.4319844370306889,0.0005353869992177351,0.00028085899975849316
octopus/test/T380.obj,4,252,500,14238,393,36.229007633587784,12.476190476190476,0.01890882547675857,0.000589904366105827,0.07077371192014073,0.0006212309999682475,0.00029836300018359907
octopus/test/T380.obj,6,252,500,14238,598,23.809364548494983,18.984126984126984,0.004695801202042788,7.841428333790724e-05,0.024421474604297323,0.0007114830004866235,0.0004204200004096492
octopus/test/T380.obj,8,252,500,14238,778,18.30077120822622,24.6984126984127,0.001062598089172927,4.616934947083085e-05,0.023415650150834043,0.0004634669994629803,0.0002629410000736243
octopus/test/T380.obj,10,252,500,14238,968,14.708677685950413,30.73015873015873,0.0002835074964758702,4.474497420831277e-05,0.020318130700508766,0.0005829609999636887,0.00030079800035309745
octopus/test/T380.obj,12,252,500,14238,1157,12.305963699222126,36.73015873015873,6.978494374338438e-05,4.554426756004666e-05,0.02360236193517251,0.0005632339998555835,0.00027917899933527224
octopus/test/T380.obj,14,252,500,14238,1346,10.578008915304606,42.73015873015873,1.753666545487411e-05,4.436147910204481e-05,0.02316710631212828,0.0006450359996961197,0.000325181000334851
octopus/test/T562.obj,2,252,500,14184,269,52.72862453531599,8.53968253968254,0.12095237416460436,0.022498682525773667,0.6077986109372474,0.0005097540006318013,0.0002533529996071593
octopus/test/T562.obj,4,252,500,14184,386,36.74611398963731,12.253968253968255,0.018521557453843082,0.0005805795420937123,0.07419320801377315,0.01650103600059083,0.00035188899983040756
octopus/test/T562.obj,6,252,500,14184,575,24.66782608695652,18.253968253968253,0.004291776718618183,6.58486736844924e-05,0.023363596860293337,0.000624013000560808,0.00031524400037596934
octopus/test/T562.obj,8,252,500,14184,764,18.56544502617801,24.253968253968253,0.001094545985747276,3.7782111087797576e-05,0.019052167728207725,0.0005296739991536015,0.0003056189998460468
octopus/test/T562.obj,10,252,500,14184,955,14.852356020942409,30.317460317460316,0.00028661789661647364,3.620661541734577e-05,0.018584365046142137,0.0005786620004073484,0.0002900239996961318
octopus/test/T562.obj,12,252,500,14184,1144,12.398601398601398,36.317460317460316,6.919324689636029e-05,3.589202929891094e-05,0.019301402097148635,0.000608895999903325,0.00032862499938346446
octopus/test/T562.obj,14,252,500,14184,1333,10.640660165041261,42.317460317460316,1.7356872341980896e-05,3.626767649733863e-05,0.019424582523881767,0.0005958550000286778,0.0002730249998421641
pliers/test/T107.obj,2,252,500,14226,241,59.02904564315353,7.650793650793651,0.07651473808102048,0.011003439991768369,0.38273871263069764,0.0005113710003570304,0.00025451900000916794
pliers/test/T107.obj,4,252,500,14226,356,39.96067415730337,11.301587301587302,0.016643852463640415,0.0004577624414540617,0.06654966416716054,0.0006892569999763509,0.0003182099999321508
pliers/test/T107.obj,6,252,500,14226,538,26.442379182156134,17.07936507936508,0.003993194152667223,4.692841638810792e-05,0.017947502925318583,0.0006626610002058442,0.0003006959996127989
pliers/test/T107.obj,8,252,500,14226,728,19.541208791208792,23.11111111111111,0.001085801859085329,2.5833911253670735e-05,0.01582290863421714,0.0005713890004699351,0.00030167099976097234
pliers/test/T107.obj,10,252,500,14226,919,15.47986942328618,29.174603174603174,0.0002332989466370473,2.4073749664002504e-05,0.01613012335682536,0.0006483600000137812,0.00036529799945128616
pliers/test/T107.obj,12,252,500,14226,1108,12.839350180505415,35.17460317460318,6.291548151593287e-05,2.4162953107621486e-05,0.016204725284488516,0.000655451000056928,0.00037220400008664
pliers/test/T107.obj,14,252,500,14226,1297,10.968388589051658,41.17460317460318,1.4598310821372084e-05,2.406979407280018e-05,0.01596964248176671,0.0007093069998518331,0.0004818320003323606
pliers/test/T366.obj,2,252,500,14230,244,58.31967213114754,7.746031746031746,0.10589873284397877,0.12455639495329518,1.0870476136210383,0.0004921019999528653,0.00024100900009216275
pliers/test/T366.obj,4,252,500,14230,349,40.77363896848138,11.079365079365079,0.01807421920129458,0.0005444843154125432,0.0692179675201749,0.0006336480000754818,0.000327660999573709
pliers/test/T366.obj,6,252,500,14230,525,27.104761904761904,16.666666666666668,0.004051455533100925,4.800252559023751e-05,0.018871694760204092,0.0005648590004057041,0.00031622700043953955
pliers/test/T366.obj,8,252,500,14230,716,19.874301675977655,22.73015873015873,0.0010449288114553915,2.514603645309026e-05,0.015292626513452737,0.0006139290007922682,0.0004296970000723377
pliers/test/T366.obj,10,252,500,14230,905,15.723756906077348,28.73015873015873,0.0002598358361098037,2.3896538111667187e-05,0.018809881783122283,0.000596902000324917,0.0008750610004426562
pliers/test/T366.obj,12,252,500,14230,1094,13.007312614259599,34.73015873015873,6.268383983318673e-05,2.3912681905265663e-05,0.017960944502546768,0.0005942389998381259,0.0003315089998068288
pliers/test/T366.obj,14,252,500,14230,1283,11.091192517537023,40.73015873015873,1.584978261728424e-05,2.3322239131671602e-05,0.01594155689408387,0.0005780559995400836,0.0003631569998105988
pliers/test/T505.obj,2,252,500,14229,242,58.79752066115702,7.682539682539683,0.11955531567058128,0.16841917818184374,1.1275253887076129,0.0005633439996017842,0.00027659800070978235
pliers/test/T505.obj,4,252,500,14229,350,40.65428571428571,11.11111111111111,0.017137841245730267,0.0005194405844297322,0.07254304240821681,0.0008030210001379601,0.0003969830004280084
pliers/test/T505.obj,6,252,500,14229,527,27.0,16.73015873015873,0.004183255282506692,4.9883349105216784e-05,0.017940624663760705,0.0006024770000294666,0.000322959000186529
pliers/test/T505.obj,8,252,500,14229,716,19.872905027932962,22.73015873015873,0.001053567992452555,2.6325553620114317e-05,0.015840365938390086,0.0005818579993501771,0.0003154920004817541
pliers/test/T505.obj,10,252,500,14229,906,15.705298013245033,28.761904761904763,0.00025486749226417667,2.4524444965510755e-05,0.019367324685239645,0.0005565190003835596,0.000298832000225957
pliers/test/T505.obj,12,252,500,14229,1097,12.970829535095715,34.82539682539682,6.822213918048877e-05,2.435113602103175e-05,0.01612673294002746,0.0006463310000981437,0.00031408699942403473
pliers/test/T505.obj,14,252,500,14229,1286,11.064541213063764,40.82539682539682,1.6025631695101294e-05,2.449468777196348e-05,0.015187416135792687,0.0006448060003094724,0.0003450009999141912
pliers/test/T531.obj,2,252,500,14210,246,57.764227642276424,7.809523809523809,0.07306096004084668,0.07002201083148037,0.9518651414978282,0.020343187999969814,0.00034716800018941285
pliers/test/T531.obj,4,252,500,14210,357,39.80392156862745,11.333333333333334,0.01596604880361772,0.0004498193348007809,0.06445730993975879,0.0009407550005562371,0.0044974310003453866
pliers/test/T531.obj,6,252,500,14210,547,25.978062157221206,17.365079365079364,0.004155697274079725,4.682104706268435e-05,0.01799585633306843,0.0005510270002559992,0.0002903280001191888
pliers/test/T531.obj,8,252,500,14210,733,19.386084583901773,23.26984126984127,0.0009744121425752551,2.121629189574949e-05,0.015403380266833624,0.0006110820004323614,0.00030573000003641937
pliers/test/T531.obj,10,252,500,14210,920,15.445652173913043,29.206349206349206,0.000228723904566986,2.0043022287243805e-05,0.014334206848928497,0.000584080999942671,0.0003102199998465949
pliers/test/T531.obj,12,252,500,14210,1109,12.813345356176736,35.20634920634921,5.597606550355392e-05,2.0188573510736792e-05,0.014706795974324834,0.000582014999963576,0.00029094299952703295
pliers/test/T531.obj,14,252,500,14210,1298,10.947611710323574,41.20634920634921,1.3159396982809561e-05,1.9866659901524334e-05,0.014872860464327902,0.0006687220002277172,0.00032075499984784983
rabbit/test/T119.obj,2,252,500,14238,269,52.92936802973978,8.53968253968254,0.0845212000070302,0.012402154896728024,0.43125952377977794,0.0006345479996525683,0.0003143260000797454
rabbit/test/T119.obj,4,252,500,14238,397,35.8639798488665,12.603174603174603,0.015492871948215393,0.0004179944014867556,0.0773787526792291,0.0019788859999607666,0.0004088300001967582
rabbit/test/T119.obj,6,252,500,14238,589,24.173174872665534,18.6984126984127,0.004075233146822791,6.972904981619641e-05,0.02286172965436112,0.0006673439993392094,0.00045249199956742814
rabbit/test/T119.obj,8,252,500,14238,778,18.30077120822622,24.6984126984127,0.0009723954441942225,4.559886352164701e-05,0.020694978145581005,0.0005256149997876491,0.0003051329995287233
rabbit/test/T119.obj,10,252,500,14238,968,14.708677685950413,30.73015873015873,0.0002290033042557196,4.48685442937117e-05,0.02093276855340096,0.0025719249997564475,0.0003368640000189771
rabbit/test/T119.obj,12,252,500,14238,1155,12.327272727272728,36.666666666666664,6.560450281095612e-05,4.521881400727462e-05,0.0210727463032982,0.0006201469996085507,0.00032701799955248134
rabbit/test/T119.obj,14,252,500,14238,1344,10.59375,42.666666666666664,1.5617698730289312e-05,4.48061275259919e-05,0.020998835901241564,0.0006134700006441562,0.00031927599957271013
rabbit/test/T382.obj,2,252,500,14237,275,51.77090909090909,8.73015873015873,0.10454844413675286,0.016036374863919487,0.40883804207792396,0.0006331419999696664,0.0003115250001428649
rabbit/test/T382.obj,4,252,500,14237,388,36.69329896907217,12.317460317460318,0.01780554259679909,0.0005396325298522317,0.076462848190656,0.0008505030000378611,0.00030922899986762786
rabbit/test/T382.obj,6,252,500,14237,577,24.67417677642981,18.317460317460316,0.004249308824309933,7.333983226927854e-05,0.025411516311316825,0.0005799489999844809,0.00030583999978262
rabbit/test/T382.obj,8,252,500,14237,763,18.65923984272608,24.22222222222222,0.001041173042345488,4.7089850108665634e-05,0.021657488625780038,0.0005795170000055805,0.0003034149995073676
rabbit/test/T382.obj,10,252,500,14237,953,14.939139559286463,30.253968253968253,0.00026894184590069755,4.519770833807692e-05,0.02270599765713974,0.000587608000387263,0.00031608900007995544
rabbit/test/T382.obj,12,252,500,14237,1142,12.466725043782837,36.25396825396825,6.526935778589305e-05,4.514652217362962e-05,0.02141226488962058,0.0006526590004796162,0.00031108299936022377
rabbit/test/T382.obj,14,252,500,14237,1331,10.696468820435763,42.25396825396825,1.5788373947434364e-05,4.5120919431093247e-05,0.021542477733440025,0.0007004989993220079,0.00032396899950981606
rabbit/test/T541.obj,2,252,500,14196,272,52.19117647058823,8.634920634920634,0.07665864282015458,0.009803753908000775,0.3573487659199551,0.0005590819991994067,0.0002636940007505473
rabbit/test/T541.obj,4,252,500,14196,398,35.66834170854271,12.634920634920634,0.015304529847684968,0.00038577507529450597,0.062308087935960134,0.0009517669996057521,0.0021301469996615197
rabbit/test/T541.obj,6,252,500,14196,586,24.225255972696246,18.603174603174605,0.003655199908827649,5.882926568770111e-05,0.02266893192950267,0.0006108249999670079,0.0003288179996161489
rabbit/test/T541.obj,8,252,500,14196,775,18.31741935483871,24.603174603174605,0.000962730632476917,3.880932080434137e-05,0.01965972167312261,0.0006872189997011446,0.0003480499999568565
rabbit/test/T541.obj,10,252,500,14196,965,14.710880829015544,30.634920634920636,0.0002453845166336333,3.683492570790814e-05,0.01938604840007099,0.0006409859997802414,0.00034344799951213645
rabbit/test/T541.obj,12,252,500,14196,1155,12.290909090909091,36.666666666666664,5.8313516883538164e-05,3.70400322999026e-05,0.0207344488360912,0.0006343830000332673,0.0003521190001265495
rabbit/test/T541.obj,14,252,500,14196,1343,10.57036485480268,42.63492063492063,1.4559078264377898e-05,3.707060748438542e-05,0.018903651883210335,0.0006876229999761563,0.0003419980002945522
rabbit/test/T73.obj,2,252,500,14199,267,53.17977528089887,8.476190476190476,0.07145473312862442,0.007790233029956204,0.30488322513783006,0.00493441399976291,0.0005429180000646738
rabbit/test/T73.obj,4,252,500,14199,392,36.2219387755102,12.444444444444445,0.015554295669114718,0.000420441373997365,0.06786167826539749,0.0006280360003074748,0.00036854799964203266
rabbit/test/T73.obj,6,252,500,14199,585,24.27179487179487,18.571428571428573,0.0036182250309852375,5.970998454143827e-05,0.022464439415437912,0.0006148850006866269,0.00031450899950868916
rabbit/test/T73.obj,8,252,500,14199,774,18.344961240310077,24.571428571428573,0.0009750754844367536,4.125268499866435e-05,0.020276600848895068,0.000570488999983354,0.00031377499999507563
rabbit/test/T73.obj,10,252,500,14199,964,14.729253112033195,30.603174603174605,0.00022192248169405844,3.953405683409078e-05,0.01936766346214259,0.0006127639999249368,0.0003556180008672527
rabbit/test/T73.obj,12,252,500,14199,1153,12.314830875975716,36.6031746031746,5.486870722061119e-05,3.975228234757151e-05,0.020985701857798928,0.0008417589997407049,0.0003627440000855131
rabbit/test/T73.obj,14,252,500,14199,1342,10.580476900149032,42.6031746031746,1.5857756462517254e-05,3.985504413085338e-05,0.019592602344003292,0.0007206119998954819,0.0003540659999998752
santa/test/T114.obj,2,252,500,14255,262,54.408396946564885,8.317460317460318,0.09949147561837815,0.03177468220611353,0.6385330850608416,0.0025600779999876977,0.0004186020005363389
santa/test/T114.obj,4,252,500,14255,384,37.122395833333336,12.19047619047619,0.015535187655903504,0.00041433424370477905,0.07611456641405787,0.0007159460001275875,0.0003392329999769572
santa/test/T114.obj,6,252,500,14255,566,25.185512367491167,17.96825396825397,0.003999236871867599,5.9803770793831156e-05,0.022482602678837622,0.0005570249995798804,0.00031016499997349456
santa/test/T114.obj,8,252,500,14255,753,18.93094289508632,23.904761904761905,0.0009930061761742703,3.6946520838137655e-05,0.02039312902538469,0.0006216809997567907,0.0003370569993421668
santa/test/T114.obj,10,252,500,14255,942,15.132696390658174,29.904761904761905,0.0002358746302346234,3.56136664407944e-05,0.01941407819980697,0.000669512000058603,0.00037724599951616256
santa/test/T114.obj,12,252,500,14255,1131,12.603890362511052,35.904761904761905,6.484393227320899e-05,3.5325982846364345e-05,0.020069455003592643,0.0006763990004401421,0.0003964500001529814
santa/test/T114.obj,14,252,500,14255,1320,10.799242424242424,41.904761904761905,1.5054475954460714e-05,3.559597164032435e-05,0.018007833906324093,0.000650086999485211,0.0003904810000676662
santa/test/T273.obj,2,252,500,14247,263,54.17110266159696,8.34920634920635,0.1145758318043637,0.025382941215859104,0.5493878569046339,0.002591467999991437,0.0004092250001122011
santa/test/T273.obj,4,252,500,14247,380,37.492105263157896,12.063492063492063,0.016039708143627394,0.00045958423353552867,0.07121743928751792,0.001380448000418255,0.00043953299973509274
santa/test/T273.obj,6,252,500,14247,566,25.171378091872793,17.96825396825397,0.004180398554686909,6.826091840431056e-05,0.022673150977653298,0.0005954150001343805,0.00033093100046244217
santa/test/T273.obj,8,252,500,14247,757,18.820343461030383,24.03174603174603,0.001070939310590882,4.342342361455566e-05,0.021179907551884414,0.0005625439998766524,0.00031067100007931003
santa/test/T273.obj,10,252,500,14247,947,15.044350580781416,30.063492063492063,0.0002778326983936479,4.129713441623428e-05,0.021305128929701826,0.00073817200063786,0.00047995199929573573
santa/test/T273.obj,12,252,500,14247,1134,12.563492063492063,36.0,6.45156647689449e-05,4.1387000876552535e-05,0.021718640554183336,0.000647083999865572,0.0003740310003195191
santa/test/T273.obj,14,252,500,14247,1322,10.776853252647504,41.96825396825397,1.546426758979946e-05,4.1451969230681547e-05,0.022262350737233517,0.0006118910005170619,0.0003039940002054209
santa/test/T435.obj,2,252,500,14262,252,56.595238095238095,8.0,0.0982827729936739,0.024287058947237636,0.5437902237534387,0.002246531999844592,0.00047030800033098785
santa/test/T435.obj,4,252,500,14262,362,39.39779005524862,11.492063492063492,0.01653867697668415,0.000453365900736617,0.07466010502879038,0.0008728020002308767,0.020113098999900103
santa/test/T435.obj,6,252,500,14262,551,25.883847549909255,17.49206349206349,0.004124355735254472,5.475472830504395e-05,0.0187074450570885,0.0006305159995463328,0.00034389000029477756
santa/test/T435.obj,8,252,500,14262,736,19.377717391304348,23.365079365079364,0.0010134940534619235,3.035358807419172e-05,0.017897875960458585,0.0005599449996225303,0.0002943049994428293
santa/test/T435.obj,10,252,500,14262,926,15.40172786177106,29.396825396825395,0.00026028098637834505,2.8815935375770086e-05,0.01677502918558859,0.0007871690004321863,0.00041111700011242647
santa/test/T435.obj,12,252,500,14262,1117,12.768128916741272,35.46031746031746,6.647847455565406e-05,2.884977044577215e-05,0.016735714866205204,0.0006294880004134029,0.0033275280002271757
santa/test/T435.obj,14,252,500,14262,1306,10.920367534456355,41.46031746031746,1.6865672469729233e-05,2.8730777959700767e-05,0.017944520607287004,0.0006018800004312652,0.00031764100003783824
santa/test/T486.obj,2,252,500,14244,265,53.75094339622642,8.412698412698413,0.09522410602084155,0.023546108842990583,0.6408728284099586,0.002157057000658824,0.0004836900006921496
santa/test/T486.obj,4,252,500,14244,374,38.0855614973262,11.873015873015873,0.01557672565278212,0.00041256020820304977,0.07651451745348972,0.003517650000503636,0.00039033299981383607
santa/test/T486.obj,6,252,500,14244,569,25.033391915641477,18.063492063492063,0.004201561119682633,6.607724287192584e-05,0.021208129894917698,0.0006589960003111628,0.00034866500027419534
santa/test/T486.obj,8,252,500,14244,756,18.841269841269842,24.0,0.0010718198997181376,4.0380356469345906e-05,0.0213499111324848,0.0006012739995640004,0.006876972000100068
santa/test/T486.obj,10,252,500,14244,946,15.05708245243129,30.03174603174603,0.00023208574723693345,3.885349659742845e-05,0.021518388728745695,0.000729216999388882,0.00047592000009899493
santa/test/T486.obj,12,252,500,14244,1134,12.56084656084656,36.0,6.193396056121811e-05,3.801924167486289e-05,0.019322136817150105,0.0006207899996297783,0.0003055460001633037
santa/test/T486.obj,14,252,500,14244,1323,10.766439909297052,42.0,1.6430083082999373e-05,3.847698249304663e-05,0.02209960861830186,0.0006252900002436945,0.0003113410002697492
shark/test/T104.obj,2,252,500,14241,275,51.78545454545455,8.73015873015873,0.10653287959145988,0.018425592563475764,0.4714105474653659,0.000518470000315574,0.00024875100007193396
shark/test/T104.obj,4,252,500,14241,406,35.076354679802954,12.88888888888889,0.016799231142425562,0.00047239609442999023,0.07314199952105639,0.0006223880000106874,0.00031875199965725187
shark/test/T104.obj,6,252,500,14241,601,23.6955074875208,19.07936507936508,0.0038821427364666094,7.391622923846297e-05,0.024908638735919825,0.0005841270003656973,0.0003226930002711015
shark/test/T104.obj,8,252,500,14241,790,18.026582278481012,25.07936507936508,0.0009773966576573129,5.2381351471880976e-05,0.023333123898838452,0.0006065460001991596,0.0003163920000588405
shark/test/T104.obj,10,252,500,14241,979,14.546475995914198,31.07936507936508,0.00024361529207709982,5.045661684291517e-05,0.02221594226812825,0.0005878930005565053,0.0002965909998238203
shark/test/T104.obj,12,252,500,14241,1169,12.182207014542344,37.111111111111114,5.920175475100119e-05,5.0877130245955766e-05,0.022616434649446036,0.0031808220001039444,0.0003756300002351054
shark/test/T104.obj,14,252,500,14241,1358,10.486745213549337,43.111111111111114,1.6879555645739918e-05,5.144912691464153e-05,0.022985458144090015,0.0007292000000234111,0.00037666800017177593
shark/test/T353.obj,2,252,500,14268,253,56.39525691699605,8.031746031746032,0.11676581799187882,0.024580538187117973,0.5121065937499022,0.0006031480006640777,0.00028974999986530747
shark/test/T353.obj,4,252,500,14268,340,41.96470588235294,10.793650793650794,0.015550002817432605,0.00039597311321103873,0.06066307009100073,0.0007159560000218335,0.0003836469995803782
shark/test/T353.obj,6,252,500,14268,513,27.81286549707602,16.285714285714285,0.003865239176259106,3.804181983824272e-05,0.021025072798182394,0.01316830999985541,0.0003486280002107378
shark/test/T353.obj,8,252,500,14268,709,20.124118476727787,22.50793650793651,0.0009315643135062856,1.5879548414087595e-05,0.011935669242012616,0.0007403399995382642,0.0004955459999109735
shark/test/T353.obj,10,252,500,14268,897,15.906354515050166,28.476190476190474,0.00022741503202548916,1.4432508874579383e-05,0.012012100337062041,0.0005922820000705542,0.0003154559999529738
shark/test/T353.obj,12,252,500,14268,1085,13.150230414746543,34.44444444444444,5.871284061106813e-05,1.4572030334832015e-05,0.013222994951026466,0.0006734240005243919,0.00032589799957349896
shark/test/T353.obj,14,252,500,14268,1275,11.190588235294118,40.476190476190474,1.4106241009929685e-05,1.4842984138413474e-05,0.01275801972167539,0.0007661469999220571,0.00037774199972773204
shark/test/T492.obj,2,252,500,14238,245,58.114285714285714,7.777777777777778,0.08935822949172652,0.011068652645674904,0.3139060909727141,0.0005196550000619027,0.00026181999965047
shark/test/T492.obj,4,252,500,14238,347,41.03170028818444,11.015873015873016,0.014076713984813714,0.00046864205098274723,0.2062136860187862,0.0005899220004721428,0.00029921799978183117
shark/test/T492.obj,6,252,500,14238,536,26.563432835820894,17.015873015873016,0.0035992979290206104,3.524212500326763e-05,0.017191703105742053,0.0006200370007718448,0.0003321430003779824
shark/test/T492.obj,8,252,500,14238,724,19.665745856353592,22.984126984126984,0.0008746950412777094,1.727834436525022e-05,0.012569361895324845,0.0005776160005552811,0.0003033599996342673
shark/test/T492.obj,10,252,500,14238,913,15.594742606790799,28.984126984126984,0.00021589520994026756,1.6018862546233112e-05,0.012685375672165603,0.0006803030000810395,0.00032310599999618717
shark/test/T492.obj,12,252,500,14238,1101,12.931880108991825,34.95238095238095,5.722178174712335e-05,1.57571092802263e-05,0.012227536126737578,0.0006258419998630416,0.0003047919999517035
shark/test/T492.obj,14,252,500,14238,1290,11.037209302325582,40.95238095238095,1.3956577925860657e-05,1.6013621271478667e-05,0.01230700342832201,0.000628724999842234,0.0003041680001842906
shark/test/T498.obj,2,252,500,14242,258,55.201550387596896,8.19047619047619,0.13211322402975534,0.02104086366614684,0.3474505143475109,0.0005663279998771031,0.0002813740002238774
shark/test/T498.obj,4,252,500,14242,335,42.51343283582089,10.634920634920634,0.0149733464025715,0.0003630977038857066,0.059521501985191856,0.0008171549998223782,0.0003652420000435086
shark/test/T498.obj,6,252,500,14242,515,27.654368932038835,16.349206349206348,0.003926100295873976,3.7674209543821116e-05,0.016782192981306215,0.0007135490004657186,0.00036947599983250257
shark/test/T498.obj,8,252,500,14242,722,19.725761772853186,22.92063492063492,0.0008960868160856584,1.5553220264889246e-05,0.012510776196940163,0.0005924110000705696,0.00039010399996186607
shark/test/T498.obj,10,252,500,14242,912,15.616228070175438,28.952380952380953,0.00023199346704876476,1.4197461428764277e-05,0.012626767448106726,0.0006989560006331885,0.0003296899994893465
shark/test/T498.obj,12,252,500,14242,1100,12.947272727272727,34.92063492063492,6.060696958786294e-05,1.4486275380194085e-05,0.012558408637238139,0.0007273800001712516,0.0004137620007895748
shark/test/T498.obj,14,252,500,14242,1289,11.048875096974399,40.92063492063492,1.40919555460239e-05,1.4442236376936769e-05,0.012630895316175676,0.0006883669993840158,0.0003426319999562111
snake/test/T0.obj,2,252,500,14212,249,57.07630522088353,7.904761904761905,0.12055813840669741,0.20879165639154337,1.2186387854797662,0.0005322919996615383,0.0003113129996563657
snake/test/T0.obj,4,252,500,14212,334,42.550898203592816,10.603174603174603,0.015189197965782643,0.00037227080020387393,0.06365539251340982,0.0007169390000854037,0.00035947499964095186
snake/test/T0.obj,6,252,500,14212,510,27.866666666666667,16.19047619047619,0.00404630726500883,4.26454092301213e-05,0.01958795088576626,0.0005897929995626328,0.0003250899999329704
snake/test/T0.obj,8,252,500,14212,706,20.13031161473088,22.41269841269841,0.0010089541631648985,1.8751960916936682e-05,0.013468942456228105,0.0007041260005280492,0.0004104839999854448
snake/test/T0.obj,10,252,500,14212,894,15.897091722595079,28.38095238095238,0.0002509121959318108,1.7074405363749064e-05,0.013169694101886753,0.0007263429997692583,0.00032093800018628826
snake/test/T0.obj,12,252,500,14212,1083,13.12280701754386,34.38095238095238,6.204739687142536e-05,1.7215046720981193e-05,0.015261901543773935,0.0006886519995532581,0.00040301599983649794
snake/test/T0.obj,14,252,500,14212,1272,11.172955974842766,40.38095238095238,1.5007043360758218e-05,1.717880201537164e-05,0.01273952383020056,0.0006931429998076055,0.0003706249999595457
snake/test/T350.obj,2,252,500,14238,266,53.526315789473685,8.444444444444445,0.1348864910013669,0.025878569513984134,0.41094862500317547,0.0005457560000650119,0.000246234999394801
snake/test/T350.obj,4,252,500,14238,353,40.3342776203966,11.206349206349206,0.0179826477327769,0.0005273394847790094,0.07152636498525715,0.000656911000078253,0.00036455400004342664
snake/test/T350.obj,6,252,500,14238,536,26.563432835820894,17.015873015873016,0.004532865540211683,6.649345806333902e-05,0.025104899001700376,0.0006290000001172302,0.0002969409997604089
snake/test/T350.obj,8,252,500,14238,727,19.584594222833562,23.07936507936508,0.0010447024461908878,3.631808927199884e-05,0.018726991585850054,0.0005823089995828923,0.00031799000043974956
snake/test/T350.obj,10,252,500,14238,913,15.594742606790799,28.984126984126984,0.00026711123243325195,3.45197440945759e-05,0.02083008299836447,0.0005908869998165756,0.0017597930000192719
snake/test/T350.obj,12,252,500,14238,1102,12.920145190562613,34.98412698412698,7.092514563501399e-05,3.4067863753972695e-05,0.01908219325515242,0.0006975599999350379,0.0003535050000209594
snake/test/T350.obj,14,252,500,14238,1291,11.0286599535244,40.98412698412698,1.7899603803349305e-05,3.488201150285815e-05,0.017829152950118016,0.0006263470004341798,0.00033836000056908233
snake/test/T556.obj,2,252,500,14267,262,54.454198473282446,8.317460317460318,0.08528480119471474,0.01828551250868806,0.40922054585995626,0.0005474830004459363,0.00023572899954160675
snake/test/T556.obj,4,252,500,14267,366,38.98087431693989,11.619047619047619,0.012325923775266796,0.0002659820459064063,0.0629221452444458,0.0006493339997177827,0.00035780300004262244
snake/test/T556.obj,6,252,500,14267,554,25.752707581227437,17.58730158730159,0.003123780643424359,4.144031819999281e-05,0.017833208955027352,0.0006126440002844902,0.0003379379995749332
snake/test/T556.obj,8,252,500,14267,742,19.2277628032345,23.555555555555557,0.0007710634146199972,2.7167663004120598e-05,0.016417274580916207,0.0023101779997887206,0.00035502899936545873
snake/test/T556.obj,10,252,500,14267,930,15.340860215053764,29.523809523809526,0.00019623544160491855,2.651133961615025e-05,0.017146120723226695,0.0007644019997314899,0.0003519709998727194
snake/test/T556.obj,12,252,500,14267,1119,12.749776586237711,35.523809523809526,4.839062192320162e-05,2.6817600751010513e-05,0.01620733607827915,0.0008330439995916095,0.00043879799977730727
snake/test/T556.obj,14,252,500,14267,1308,10.90749235474006,41.523809523809526,1.2513006149486899e-05,2.6466101721666853e-05,0.01744811429541555,0.0006775840001864708,0.00033295100001851097
snake/test/T561.obj,2,252,500,14271,243,58.72839506172839,7.714285714285714,0.07650827952335565,0.015323788343827022,0.4880827789181394,0.000566181000067445,0.00029446999997162493
snake/test/T561.obj,4,252,500,14271,340,41.97352941176471,10.793650793650794,0.01214520754997687,0.00024547303645626684,0.05029283542238967,0.00462369300021237,0.0003345400000398513
snake/test/T561.obj,6,252,500,14271,519,27.497109826589597,16.476190476190474,0.00324894860438434,3.0205931827234833e-05,0.014027895777651754,0.0006288810000114609,0.0003141150000374182
snake/test/T561.obj,8,252,500,14271,715,19.95944055944056,22.6984126984127,0.000777073164015772,1.5395139393217615e-05,0.01248496444734375,0.0006341159996736678,0.0003101009997408255
snake/test/T561.obj,10,252,500,14271,900,15.856666666666667,28.571428571428573,0.00018855130624035598,1.4608357026991494e-05,0.011910520702382745,0.0009006390000649844,0.0004911929991067154
snake/test/T561.obj,12,252,500,14271,1089,13.104683195592287,34.57142857142857,5.0728084617796066e-05,1.434052609230421e-05,0.011954697142504776,0.0006369080001604743,0.0004189510000287555
snake/test/T561.obj,14,252,500,14271,1278,11.166666666666666,40.57142857142857,1.239779084260011e-05,1.4220498512407047e-05,0.011398646411007653,0.0008479220005028765,0.00042583000049489783
spiders/test/T108.obj,2,252,500,14263,276,51.677536231884055,8.761904761904763,0.10258237954012916,0.018161071878121184,0.532207816523488,0.0025945999996110913,0.0004606649999914225
spiders/test/T108.obj,4,252,500,14263,397,35.92695214105793,12.603174603174603,0.01545392839965017,0.0004335011488583129,0.07600850438484016,0.011774255000091216,0.000348610000401095
spiders/test/T108.obj,6,252,500,14263,580,24.591379310344827,18.41269841269841,0.004317158048108857,7.147797757855087e-05,0.025481121865596652,0.0006750309994458803,0.0004185739999229554
spiders/test/T108.obj,8,252,500,14263,769,18.547464239271783,24.41269841269841,0.0011029829790568388,4.441284240249599e-05,0.024069470469018736,0.0006432539994420949,0.00031923000005917856
spiders/test/T108.obj,10,252,500,14263,956,14.919456066945607,30.349206349206348,0.0002714004207416824,4.299383752046311e-05,0.022814898489771664,0.0006379369997375761,0.00042829999983950984
spiders/test/T108.obj,12,252,500,14263,1145,12.456768558951966,36.34920634920635,7.135124109178373e-05,4.23181578489025e-05,0.021986067375631982,0.0007914580000942806,0.0003278900003351737
spiders/test/T108.obj,14,252,500,14263,1334,10.691904047976012,42.34920634920635,1.6085846652028392e-05,4.303184652356304e-05,0.021370125011679238,0.0006404799996744259,0.0004786200006492436
spiders/test/T414.obj,2,252,500,14249,268,53.167910447761194,8.507936507936508,0.09083156748677229,0.019971918356314435,0.512155350824115,0.005414750999989337,0.00047714199990878114
spiders/test/T414.obj,4,252,500,14249,394,36.16497461928934,12.507936507936508,0.015452421089378481,0.00043450145714262254,0.07641931665490467,0.0009340679998786072,0.0004115310002816841
spiders/test/T414.obj,6,252,500,14249,589,24.191850594227503,18.6984126984127,0.00391858168736728,7.217403732258506e-05,0.02322309422230653,0.0006675099994026823,0.0003714600006787805
spiders/test/T414.obj,8,252,500,14249,780,18.26794871794872,24.761904761904763,0.0010100794219935053,4.9663502061947153e-05,0.020981481686665717,0.0005638020002152189,0.0003245110001444118
spiders/test/T414.obj,10,252,500,14249,969,14.70485036119711,30.761904761904763,0.0002537611663117091,4.830132243165406e-05,0.024055846313706265,0.0006302410001808312,0.00043852199996763375
spiders/test/T414.obj,12,252,500,14249,1157,12.315471045808124,36.73015873015873,6.310663318323188e-05,4.866797771082515e-05,0.022362188010520697,0.0005817299997943337,0.00031237900020641973
spiders/test/T414.obj,14,252,500,14249,1346,10.586181277860327,42.73015873015873,1.6658561326485912e-05,4.8471983179921066e-05,0.02237958838685528,0.0005924200004301383,0.00031471999955101637
spiders/test/T535.obj,2,252,500,14263,266,53.6203007518797,8.444444444444445,0.13226903722975286,0.03606693853728266,0.595447257164855,0.002655838999999105,0.000494590999551292
spiders/test/T535.obj,4,252,500,14263,378,37.732804232804234,12.0,0.01739854562622313,0.0005060296441622823,0.08099583746302061,0.0008357710003110697,0.0002862409992303583
spiders/test/T535.obj,6,252,500,14263,563,25.33392539964476,17.873015873015873,0.004712238324558077,7.214247899262017e-05,0.024565081674682587,0.0017926900000020396,0.0007907369999884395
spiders/test/T535.obj,8,252,500,14263,758,18.816622691292874,24.063492063492063,0.0011101022993837768,3.991349002849114e-05,0.023654266554108447,0.0006263650002438226,0.0062468780006383895
spiders/test/T535.obj,10,252,500,14263,944,15.109110169491526,29.96825396825397,0.00028212967351582167,3.8538359851130545e-05,0.0187836975437545,0.004769653000039398,0.0003431550003369921
spiders/test/T535.obj,12,252,500,14263,1133,12.588702559576346,35.96825396825397,6.743490430218159e-05,3.7885617213030265e-05,0.021513323742550813,0.0005804530001114472,0.0003087600007347646
spiders/test/T535.obj,14,252,500,14263,1321,10.797123391370175,41.93650793650794,1.7539973234258255e-05,3.771655093393525e-05,0.020588150105612896,0.0006462480005211546,0.0003733059993464849
spiders/test/T566.obj,2,252,500,14239,279,51.03584229390681,8.857142857142858,0.09601142829240927,0.01482409299744312,0.36055668140340197,0.002531225999518938,0.000459627000054752
spiders/test/T566.obj,4,252,500,14239,389,36.60411311053985,12.34920634920635,0.014912029964530879,0.0003968375319459264,0.07439531143107192,0.0005942019997746684,0.0002859289998013992
spiders/test/T566.obj,6,252,500,14239,578,24.634948096885815,18.349206349206348,0.003802348446377608,6.098675455993313e-05,0.019783828490988267,0.0006150589997560019,0.0003512460007186746
spiders/test/T566.obj,8,252,500,14239,765,18.613071895424838,24.285714285714285,0.0010857069128117258,4.02022050605232e-05,0.02032179474068685,0.0006053879997125478,0.00033309900027234107
spiders/test/T566.obj,10,252,500,14239,954,14.925576519916143,30.285714285714285,0.00024308108355282755,3.887999780176211e-05,0.01884610171532483,0.0006914340001458186,0.0004095920003237552
spiders/test/T566.obj,12,252,500,14239,1144,12.446678321678322,36.317460317460316,5.918712300356597e-05,3.8581982845280993e-05,0.02312822558150973,0.0006376239998644451,0.00034063800012518186
spiders/test/T566.obj,14,252,500,14239,1332,10.68993993993994,42.285714285714285,1.5298004782577317e-05,3.8323619826832796e-05,0.019389240004179402,0.0006122859995230101,0.0003070149996347027
two_balls/test/T103.obj,2,252,500,14237,268,53.12313432835821,8.507936507936508,0.07516490708713507,0.008756000182453736,0.29165052562375093,0.0005493010003192467,0.0002726949996940675
two_balls/test/T103.obj,4,252,500,14237,377,37.763925729442974,11.968253968253968,0.014269952399523316,0.0003712490367168879,0.06798768149495855,0.0006241700002647121,0.0003398019998712698
two_balls/test/T103.obj,6,252,500,14237,576,24.71701388888889,18.285714285714285,0.0038041128105594764,6.436438180328717e-05,0.023066196305118872,0.0005630679997921106,0.0003442839997660485
two_balls/test/T103.obj,8,252,500,14237,765,18.61045751633987,24.285714285714285,0.0009902794322118927,4.418218173795249e-05,0.021246525651411476,0.0006396999997377861,0.00033237299976462964
two_balls/test/T103.obj,10,252,500,14237,954,14.923480083857442,30.285714285714285,0.00022311689470389906,4.268841961443225e-05,0.021509101175476397,0.0006494629997177981,0.0003186329995514825
two_balls/test/T103.obj,12,252,500,14237,1143,12.455818022747156,36.285714285714285,6.0250427400107684e-05,4.234570616218391e-05,0.02153426900344868,0.0006741679999322514,0.0003487940002742107
two_balls/test/T103.obj,14,252,500,14237,1332,10.688438438438439,42.285714285714285,1.3638721447372013e-05,4.3167391040675455e-05,0.02046006440255291,0.0007157899999583606,0.00032263800039800117
two_balls/test/T327.obj,2,252,500,14229,265,53.69433962264151,8.412698412698413,0.09658884263378219,0.014501911633971604,0.36333593469986214,0.000572013000237348,0.00027124300049763406
two_balls/test/T327.obj,4,252,500,14229,359,39.63509749303621,11.396825396825397,0.01655728910891549,0.00045668390121718046,0.08031205365070528,0.0006511709998449078,0.0003246119995310437
two_balls/test/T327.obj,6,252,500,14229,557,25.545780969479353,17.682539682539684,0.004122106305337993,6.833593987462527e-05,0.02265118371773189,0.0006781899992347462,0.000533407000148145
two_balls/test/T327.obj,8,252,500,14229,746,19.07372654155496,23.682539682539684,0.001047459488422436,4.463166551602514e-05,0.01971904697255632,0.0005702779999410268,0.00030171599973982666
two_balls/test/T327.obj,10,252,500,14229,934,15.234475374732334,29.650793650793652,0.0002483866458236469,4.2994416081917085e-05,0.02378074708243907,0.0006417390004571644,0.00032442900010209996
two_balls/test/T327.obj,12,252,500,14229,1123,12.670525378450579,35.65079365079365,6.18798747074005e-05,4.1866579722471744e-05,0.020612022452021483,0.009618150000278547,0.00034730600054899696
two_balls/test/T327.obj,14,252,500,14229,1312,10.845274390243903,41.65079365079365,1.5620150954133985e-05,4.261181362572315e-05,0.02087748287371241,0.0007601959996463847,0.0005311320001055719
two_balls/test/T540.obj,2,252,500,14231,252,56.47222222222222,8.0,0.11482094071334387,0.023944887788186296,0.4630403608594916,0.0004906230005872203,0.000251590000516444
two_balls/test/T540.obj,4,252,500,14231,325,43.78769230769231,10.317460317460318,0.017690375086193758,0.0005139843105818251,0.0678886041575004,0.0008749789994908497,0.0003192670001226361
two_balls/test/T540.obj,6,252,500,14231,492,28.92479674796748,15.619047619047619,0.004447187203383876,5.104961394349651e-05,0.019694574660489777,0.0006505829996967805,0.0003466540001682006
two_balls/test/T540.obj,8,252,500,14231,691,20.59479015918958,21.936507936507937,0.0011480116307046391,2.258622038072661e-05,0.015888487898148795,0.003018641999915417,0.00035038300029555103
two_balls/test/T540.obj,10,252,500,14231,882,16.134920634920636,28.0,0.00028072178194074517,2.0942416640016735e-05,0.01502408182756726,0.0006126070002210326,0.0003262290001657675
two_balls/test/T540.obj,12,252,500,14231,1070,13.3,33.96825396825397,6.941096164780224e-05,2.0758235791247604e-05,0.015670613857926133,0.0006529980000777869,0.00032067200027086074
two_balls/test/T540.obj,14,252,500,14231,1259,11.303415409054805,39.96825396825397,1.575544877329279e-05,2.0590176570073786e-05,0.01682002927861784,0.0005875069991816417,0.0003149499998471583
two_balls/test/T551.obj,2,252,500,14239,255,55.83921568627451,8.095238095238095,0.11708881880912554,0.02051027487685318,0.39598748869429184,0.0006101909993958543,0.00029731700033153174
two_balls/test/T551.obj,4,252,500,14239,350,40.682857142857145,11.11111111111111,0.01691341576324414,0.000492092071624619,0.07386662114301815,0.0006761610002286034,0.00030009100009920076
two_balls/test/T551.obj,6,252,500,14239,533,26.714821763602252,16.92063492063492,0.004400085244744629,6.740815725677875e-05,0.02134015522719336,0.0006103199993958697,0.00032591599938314175
two_balls/test/T551.obj,8,252,500,14239,732,19.452185792349727,23.238095238095237,0.0011664211141195245,4.010105978202314e-05,0.019631626206780568,0.0005943389996900805,0.00031547300022793934
two_balls/test/T551.obj,10,252,500,14239,921,15.460369163952226,29.238095238095237,0.0002756226421380311,3.8350339933959166e-05,0.019913437767952985,0.004797425000106159,0.0003348619993630564
two_balls/test/T551.obj,12,252,500,14239,1111,12.816381638163817,35.26984126984127,7.197173562231406e-05,3.8117115713035414e-05,0.01981948515776168,0.0006878249996589147,0.0003110110001216526
two_balls/test/T551.obj,14,252,500,14239,1300,10.953076923076923,41.26984126984127,1.6141388383075422e-05,3.830353733631408e-05,0.021433106976752707,0.0008120310003505438,0.0004336910005804384
woman/test/T147.obj,2,252,500,14215,264,53.84469696969697,8.380952380952381,0.09305441571178044,0.013376730081118558,0.3609009583371861,0.0006260520003706915,0.00027580799996940186
woman/test/T147.obj,4,252,500,14215,359,39.59610027855153,11.396825396825397,0.015046230224298981,0.00038232032752499255,0.07002043329855476,0.0006103290006649331,0.00030408600014197873
woman/test/T147.obj,6,252,500,14215,539,26.37291280148423,17.11111111111111,0.004082362957253234,4.894674769588129e-05,0.01977602128639505,0.00061978900066606,0.0003250800000387244
woman/test/T147.obj,8,252,500,14215,729,19.49931412894376,23.142857142857142,0.0009967779191630925,2.4592681966988575e-05,0.01689788592933227,0.0006195410005602753,0.0003320420000818558
woman/test/T147.obj,10,252,500,14215,918,15.48474945533769,29.142857142857142,0.0002514679127543617,2.3186002039050923e-05,0.01611704280149152,0.11456112199994095,0.00030387400056497427
woman/test/T147.obj,12,252,500,14215,1106,12.85262206148282,35.111111111111114,6.162837917846411e-05,2.338914774125394e-05,0.01645181721790297,0.0005888300001970492,0.0003104049992543878
woman/test/T147.obj,14,252,500,14215,1296,10.968364197530864,41.142857142857146,1.4278861266584938e-05,2.3459772612251483e-05,0.015188480748528056,0.0006312140003501554,0.0002998059999299585
woman/test/T461.obj,2,252,500,14215,255,55.745098039215684,8.095238095238095,0.07931861597798687,0.00990067402295312,0.3557201004559321,0.0005122339998706593,0.00026165500003116904
woman/test/T461.obj,4,252,500,14215,360,39.486111111111114,11.428571428571429,0.014172267505145796,0.0003251452146450747,0.06368382046280531,0.0007468880003216327,0.00040876599996408913
woman/test/T461.obj,6,252,500,14215,545,26.08256880733945,17.3015873015873,0.0037319005889136815,4.081473722873424e-05,0.017786183061076457,0.0005704069999410422,0.00027942599990637973
woman/test/T461.obj,8,252,500,14215,733,19.392905866302865,23.26984126984127,0.0009469907708512904,2.1036299427601603e-05,0.015023773079581446,0.0007922670001789811,0.0003447619992584805
woman/test/T461.obj,10,252,500,14215,920,15.451086956521738,29.206349206349206,0.0002354831943339247,1.9739044928527107e-05,0.01367597237097099,0.0005689919998985715,0.0003170629997839569
woman/test/T461.obj,12,252,500,14215,1110,12.806306306306306,35.23809523809524,5.799150759416437e-05,1.986119778698794e-05,0.014438205501781742,0.00063686300018162,0.00033953599995584227
woman/test/T461.obj,14,252,500,14215,1299,10.943033102386451,41.23809523809524,1.4106326898370335e-05,1.9658519663478787e-05,0.01408330115954806,0.0008029649998206878,0.00030208299995138077
woman/test/T581.obj,2,252,500,14257,259,55.04633204633205,8.222222222222221,0.10098341005637226,0.01487157980811813,0.36539329196857195,0.0005194530003791442,0.00024767699960648315
woman/test/T581.obj,4,252,500,14257,357,39.93557422969187,11.333333333333334,0.015042335181930216,0.000383596734452973,0.0777721773484285,0.0006454579997807741,0.00032504299997526687
woman/test/T581.obj,6,252,500,14257,538,26.5,17.07936507936508,0.004043068814493704,5.223117241208116e-05,0.01990667120363649,0.0005979950001346879,0.00031093699999473756
woman/test/T581.obj,8,252,500,14257,725,19.664827586206897,23.015873015873016,0.0009788384153492711,2.822814105147392e-05,0.01755299294314299,0.000573483000152919,0.00032212299993261695
woman/test/T581.obj,10,252,500,14257,913,15.615553121577218,28.984126984126984,0.00023995777998181146,2.633853362262412e-05,0.01692069604860916,0.0005510359997060732,0.0002835320001395303
woman/test/T581.obj,12,252,500,14257,1102,12.937386569872958,34.98412698412698,6.508329939592019e-05,2.5860271242670715e-05,0.01577721802343212,0.0007532239997090073,0.00036929299949406413
woman/test/T581.obj,14,252,500,14257,1291,11.043377226955847,40.98412698412698,1.5295168607737833e-05,2.630469806899462e-05,0.017827670374518923,0.021309222000127193,0.0003580050006348756
woman/test/T586.obj,2,252,500,14204,257,55.268482490272376,8.158730158730158,0.09128786551099752,0.012695496828607239,0.36839057823983357,0.000527461000274343,0.00026223300028505037
woman/test/T586.obj,4,252,500,14204,356,39.89887640449438,11.301587301587302,0.014706708036573844,0.00036017451102751165,0.06480445105256447,0.0006654339995293412,0.000388332000511582
woman/test/T586.obj,6,252,500,14204,542,26.206642066420663,17.206349206349206,0.0038062596260821056,4.269740377256663e-05,0.018347648277203917,0.006562296000083734,0.00035637899964058306
woman/test/T586.obj,8,252,500,14204,724,19.61878453038674,22.984126984126984,0.0009341298220120913,2.1750214228490186e-05,0.015316476250083953,0.0007154049999371637,0.0003167320001011831
woman/test/T586.obj,10,252,500,14204,918,15.472766884531591,29.142857142857142,0.000225676761582828,2.0499965868163195e-05,0.015532913866688817,0.0008034530001168605,0.00040244699994218536
woman/test/T586.obj,12,252,500,14204,1106,12.842676311030742,35.111111111111114,5.967035093243633e-05,2.024410017944785e-05,0.014706791332019072,0.0007370240000454942,0.00036293700031819753
woman/test/T586.obj,14,252,500,14204,1296,10.959876543209877,41.142857142857146,1.5019456782779773e-05,2.034587398094318e-05,0.015581324708365773,0.0006520979995912057,0.00031748499986861134
